8099
4 99925 99783 99763 99755
4 99750 99745 99735 99671
4 99648 99577 99505 99444
4 99442 99413 99339 99314
4 99297 99282 99260 99245
4 99220 99215 99164 99086
4 99082 99074 99027 98974
4 98947 98750 98688 98676
4 98615 98594 98504 98438
4 98429 98414 98391 98386
4 98338 98314 98237 98228
4 98165 98162 98158 98156
4 98155 98077 98070 98006
4 97971 97937 97875 97873
4 97866 97857 97821 97722
4 97711 97709 97649 97647
4 97617 97521 97440 97415
4 97347 97282 97256 97239
4 97173 97131 97094 97088
4 97061 97003 96967 96936
4 96921 96914 96893 96876
4 96738 96711 96631 96624
4 96534 96503 96498 96442
4 96415 96393 96345 96319
4 96235 96215 96171 96151
4 96145 96142 96077 96064
4 96057 96048 95905 95888
4 95850 95846 95832 95830
4 95813 95808 95752 95696
4 95692 95627 95578 95542
4 95519 95516 95502 95500
4 95448 95413 95265 95260
4 95257 95199 95154 95116
4 95113 95090 95074 95026
4 94925 94907 94788 94771
4 94763 94761 94721 94697
4 94678 94671 94667 94639
4 94600 94565 94545 94535
4 94460 94439 94352 94344
4 94329 94209 94160 94159
4 94149 94123 93975 93957
4 93954 93942 93875 93835
4 93773 93623 93480 93389
4 93366 93292 93285 93260
4 93239 93209 93146 93144
4 93110 93096 93070 93054
4 93053 93039 93027 92848
4 92813 92804 92799 92790
4 92761 92754 92745 92673
4 92668 92525 92481 92434
4 92414 92344 92245 92177
4 92149 92138 92134 92133
4 92123 92107 92065 92048
4 92040 92002 91983 91877
4 91835 91735 91684 91588
4 91571 91564 91536 91535
4 91503 91485 91470 91457
4 91411 91384 91339 91259
4 91161 91141 91107 90989
4 90983 90965 90962 90934
4 90927 90918 90917 90892
4 90804 90775 90756 90733
4 90677 90568 90539 90506
4 90485 90331 90316 90303
4 90285 90223 90205 90188
4 90144 90138 90120 90119
4 90083 90072 90011 89905
4 89834 89813 89808 89752
4 89747 89741 89666 89617
4 89611 89587 89554 89525
4 89467 89360 89251 89231
4 89075 89061 89033 89010
4 88963 88945 88851 88788
4 88775 88766 88764 88664
4 88596 88571 88568 88446
4 88415 88388 88325 88287
4 88277 88255 88244 88241
4 88195 88113 88039 87969
4 87928 87907 87839 87817
4 87675 87647 87585 87580
4 87432 87331 87321 87313
4 87171 87162 87111 87087
4 87030 86980 86930 86840
4 86827 86778 86769 86740
4 86725 86654 86651 86620
4 86615 86614 86459 86441
4 86406 86278 86149 86126
4 86103 86045 85971 85958
4 85935 85922 85878 85863
4 85769 85758 85709 85626
4 85552 85508 85456 85452
4 85436 85433 85418 85406
4 85405 85358 85356 85342
4 85319 85278 85204 85122
4 85108 85069 85035 84988
4 84949 84948 84922 84839
4 84770 84734 84638 84584
4 84549 84540 84470 84428
4 84396 84381 84336 84290
4 84275 84259 84136 84120
4 84095 84087 84080 84066
4 84049 84048 84045 84018
4 84001 83959 83958 83903
4 83854 83847 83766 83715
4 83708 83687 83629 83606
4 83592 83577 83509 83456
4 83436 83429 83307 83242
4 83216 83090 83074 83073
4 83070 83063 83061 83041
4 82974 82822 82751 82748
4 82685 82662 82602 82575
4 82556 82499 82475 82387
4 82364 82358 82320 82312
4 82162 82061 82011 81989
4 81983 81943 81925 81873
4 81815 81796 81783 81774
4 81741 81721 81679 81511
4 81398 81393 81262 81249
4 81230 81167 81108 81058
4 81047 81046 81036 81014
4 80971 80920 80917 80863
4 80858 80834 80802 80784
4 80769 80590 80550 80533
4 80440 80400 80389 80374
4 80369 80357 80329 80316
4 80288 80263 80229 80185
4 80096 80091 80066 80052
4 80002 79979 79817 79783
4 79690 79641 79596 79579
4 79578 79571 79510 79490
4 79450 79406 79369 79359
4 79325 79279 79198 79143
4 79142 79054 78982 78980
4 78970 78954 78933 78904
4 78841 78833 78783 78677
4 78656 78655 78649 78592
4 78578 78404 78394 78288
4 78260 78153 78131 78124
4 78114 78106 78014 78004
4 77991 77983 77785 77530
4 77454 77452 77451 77361
4 77341 77326 77317 77282
4 77256 77244 77132 77097
4 77053 77052 77026 77012
4 76970 76946 76941 76939
4 76914 76891 76755 76629
4 76603 76600 76586 76557
4 76509 76471 76426 76412
4 76294 76269 76260 76247
4 76178 76072 75985 75920
4 75892 75862 75847 75790
4 75753 75743 75726 75629
4 75615 75598 75583 75404
4 75386 75382 75376 75195
4 75119 75116 75065 75012
4 75007 74994 74954 74923
4 74872 74866 74814 74790
4 74702 74627 74482 74462
4 74438 74384 74352 74342
4 74303 74283 74187 74170
4 74107 74051 74042 74001
4 73970 73966 73939 73856
4 73850 73815 73811 73743
4 73741 73719 73708 73672
4 73651 73650 73636 73622
4 73603 73595 73494 73469
4 73429 73407 73406 73364
4 73362 73314 73243 73182
4 73085 73054 73003 72944
4 72934 72929 72879 72811
4 72724 72613 72600 72465
4 72410 72369 72349 72299
4 72278 72252 72229 72112
4 72060 72055 72008 72002
4 71982 71974 71942 71853
4 71796 71790 71730 71639
4 71591 71391 71359 71328
4 71263 71152 71139 71126
4 71117 71043 70946 70912
4 70884 70860 70855 70820
4 70766 70691 70680 70610
4 70589 70588 70575 70560
4 70545 70532 70513 70441
4 70366 70213 70206 70189
4 70184 70147 70077 70040
4 70037 69983 69863 69852
4 69849 69827 69821 69807
4 69789 69770 69748 69742
4 69703 69679 69618 69445
4 69313 69304 69292 69290
4 69251 69235 69210 69157
4 69090 69071 69052 69022
4 68975 68968 68943 68903
4 68888 68775 68570 68556
4 68537 68513 68481 68460
4 68446 68435 68388 68342
4 68336 68302 68263 68141
4 68085 68084 68083 68044
4 68035 67992 67949 67880
4 67874 67825 67782 67729
4 67713 67530 67528 67521
4 67501 67317 67282 67257
4 67229 67214 67185 67120
4 67087 67059 67055 67017
4 67016 67014 67012 67001
4 66980 66954 66929 66917
4 66808 66784 66772 66749
4 66597 66568 66496 66467
4 66462 66449 66397 66291
4 66259 66223 66221 66175
4 66166 66151 66133 66083
4 66060 66052 65995 65983
4 65957 65921 65916 65828
4 65777 65763 65752 65728
4 65578 65558 65453 65408
4 65393 65337 65280 65254
4 65182 65165 65120 65110
4 65102 65101 65064 65024
4 64979 64977 64966 64953
4 64907 64882 64790 64722
4 64678 64671 64580 64570
4 64528 64510 64443 64417
4 64358 64347 64327 64260
4 64236 64139 64125 64095
4 64092 63959 63952 63934
4 63919 63913 63845 63782
4 63758 63702 63660 63620
4 63547 63522 63503 63499
4 63462 63448 63421 63393
4 63347 63340 63322 63274
4 63263 63239 63216 63161
4 63102 63056 63014 62865
4 62860 62858 62855 62727
4 62718 62697 62561 62559
4 62392 62333 62304 62228
4 62203 62168 62161 62140
4 62131 62108 61991 61987
4 61977 61976 61969 61962
4 61933 61927 61840 61820
4 61819 61818 61810 61555
4 61511 61507 61462 61441
4 61336 61295 61256 61254
4 61220 61194 61182 61065
4 61034 60960 60949 60891
4 60835 60797 60703 60678
4 60675 60636 60630 60618
4 60592 60553 60471 60419
4 60407 60354 60351 60343
4 60311 60270 60165 60130
4 60018 59996 59983 59916
4 59889 59721 59682 59673
4 59658 59569 59523 59445
4 59427 59369 59366 59356
4 59325 59299 59292 59288
4 59129 59058 58973 58968
4 58967 58934 58909 58901
4 58803 58739 58696 58681
4 58680 58633 58600 58546
4 58455 58433 58393 58388
4 58362 58345 58320 58293
4 58229 58219 58128 58110
4 58109 58098 57953 57902
4 57861 57812 57790 57782
4 57717 57681 57620 57587
4 57524 57470 57395 57349
4 57252 57227 57185 57117
4 57115 57082 57037 57009
4 56867 56843 56797 56776
4 56732 56684 56682 56652
4 56621 56578 56574 56548
4 56419 56416 56293 56261
4 56237 56233 56196 56157
4 56108 56037 56009 56001
4 55988 55967 55935 55852
4 55829 55751 55706 55676
4 55667 55600 55594 55568
4 55561 55526 55490 55480
4 55468 55465 55383 55368
4 55343 55336 55321 55304
4 55297 55279 55202 55193
4 55158 55125 55117 55106
4 55083 55082 55033 55032
4 54992 54903 54888 54819
4 54782 54620 54580 54541
4 54464 54449 54447 54436
4 54328 54324 54271 54185
4 54058 54016 53917 53906
4 53888 53851 53840 53693
4 53670 53645 53607 53588
4 53513 53459 53428 53357
4 53162 53153 53151 53143
4 53125 53114 53080 53076
4 53067 53041 53036 52962
4 52907 52898 52834 52730
4 52711 52710 52695 52692
4 52590 52585 52573 52572
4 52567 52457 52294 52282
4 52277 52266 52262 52231
4 52214 52196 52111 52090
4 52079 52055 52036 52020
4 51835 51821 51796 51756
4 51706 51649 51624 51623
4 51608 51599 51577 51501
4 51398 51335 51259 51226
4 51202 51200 51185 51172
4 51157 51138 51087 51042
4 50995 50931 50906 50885
4 50882 50751 50685 50659
4 50651 50566 50517 50490
4 50484 50441 50420 50408
4 50379 50374 50356 50266
4 50264 50219 50191 50179
4 50163 50136 50099 50014
4 49984 49962 49870 49859
4 49850 49848 49757 49730
4 49719 49713 49662 49595
4 49545 49535 49499 49328
4 49319 49131 49077 49049
4 49036 49022 48893 48804
4 48600 48489 48440 48420
4 48361 48323 48290 48248
4 48244 48219 48055 47996
4 47993 47952 47942 47892
4 47867 47852 47823 47791
4 47752 47741 47676 47641
4 47628 47615 47613 47609
4 47543 47523 47478 47456
4 47450 47445 47422 47420
4 47378 47362 47346 47243
4 47194 47179 47137 47051
4 47042 46964 46913 46905
4 46877 46850 46849 46768
4 46747 46710 46689 46688
4 46663 46660 46528 46511
4 46455 46405 46395 46381
4 46377 46272 46198 46148
4 46136 45999 45978 45973
4 45919 45843 45794 45734
4 45669 45633 45619 45602
4 45576 45463 45443 45360
4 45348 45216 45174 45116
4 45022 44991 44981 44930
4 44898 44895 44887 44772
4 44765 44731 44669 44498
4 44487 44445 44417 44416
4 44414 44411 44405 44386
4 44380 44379 44368 44367
4 44346 44309 44238 44222
4 44093 44043 44028 44006
4 43998 43961 43910 43825
4 43775 43762 43759 43721
4 43667 43555 43552 43502
4 43500 43431 43376 43336
4 43335 43334 43289 43218
4 43106 43062 43060 43044
4 43028 43000 42986 42976
4 42903 42879 42813 42805
4 42772 42771 42752 42729
4 42710 42656 42604 42494
4 42462 42438 42374 42354
4 42268 42221 42108 42092
4 42086 42061 42044 41995
4 41957 41922 41859 41781
4 41762 41730 41648 41630
4 41549 41300 41222 41203
4 41197 41166 41108 41105
4 41090 41041 40970 40942
4 40896 40892 40763 40664
4 40653 40629 40602 40591
4 40540 40533 40484 40443
4 40395 40368 40362 40314
4 40312 40261 40251 40147
4 40134 40115 40075 40064
4 40050 40015 39954 39882
4 39879 39861 39838 39760
4 39755 39754 39735 39731
4 39610 39587 39575 39532
4 39477 39476 39449 39392
4 39360 39304 39289 39280
4 39267 39244 39212 39184
4 39173 39106 39037 39016
4 38937 38898 38878 38870
4 38755 38718 38675 38641
4 38559 38547 38515 38422
4 38416 38358 38337 38255
4 38181 38178 38154 38111
4 38105 38043 37986 37890
4 37786 37753 37739 37710
4 37692 37660 37643 37637
4 37510 37372 37345 37343
4 37318 37308 37305 37302
4 37275 37229 37131 37116
4 37051 37000 36963 36938
4 36889 36843 36834 36800
4 36718 36562 36550 36318
4 36301 36273 36265 36207
4 36192 36136 36135 36102
4 36061 36039 36025 35933
4 35896 35867 35837 35808
4 35787 35758 35715 35608
4 35603 35588 35516 35504
4 35471 35439 35428 35403
4 35354 35329 35319 35242
4 35226 35173 35154 35123
4 35069 35049 35008 34909
4 34899 34883 34866 34854
4 34851 34823 34822 34816
4 34781 34749 34700 34693
4 34668 34654 34643 34584
4 34573 34516 34504 34411
4 34376 34348 34313 34248
4 34231 34223 34203 34155
4 34118 34107 34087 33894
4 33864 33820 33819 33750
4 33631 33521 33514 33502
4 33496 33436 33421 33416
4 33406 33316 33303 33283
4 33260 33247 33209 33134
4 33077 33016 32970 32948
4 32944 32876 32868 32845
4 32780 32703 32681 32667
4 32641 32613 32599 32565
4 32559 32543 32540 32378
4 32367 32301 32255 32245
4 32207 32173 32138 32092
4 32087 32020 31963 31939
4 31934 31866 31832 31774
4 31769 31731 31707 31697
4 31676 31648 31579 31456
4 31450 31431 31417 31362
4 31217 31183 31132 30999
4 30991 30981 30940 30939
4 30923 30891 30883 30851
4 30832 30805 30792 30772
4 30739 30705 30673 30664
4 30645 30575 30564 30545
4 30484 30461 30426 30367
4 30331 30223 30221 30194
4 30128 30101 30050 29984
4 29975 29965 29874 29870
4 29852 29810 29806 29662
4 29640 29610 29608 29538
4 29506 29437 29425 29337
4 29319 29312 29275 29268
4 29257 29148 29115 28974
4 28951 28938 28900 28898
4 28886 28855 28831 28751
4 28703 28664 28632 28604
4 28583 28558 28425 28390
4 28329 28315 28290 28287
4 28251 28242 28217 28201
4 28184 28150 28092 28080
4 28005 27988 27955 27897
4 27894 27837 27638 27625
4 27550 27548 27544 27418
4 27385 27384 27356 27348
4 27336 27172 27124 27119
4 27101 27029 26961 26954
4 26934 26909 26899 26733
4 26541 26530 26494 26488
4 26399 26361 26355 26282
4 26273 26250 26169 26027
4 26010 25966 25962 25946
4 25910 25873 25866 25860
4 25847 25838 25825 25786
4 25781 25701 25698 25694
4 25574 25542 25504 25488
4 25435 25407 25267 25202
4 25180 25179 25147 25046
4 25001 24954 24953 24926
4 24798 24681 24630 24594
4 24552 24476 24471 24456
4 24424 24370 24330 24313
4 24299 24283 24216 24157
4 24097 24088 24057 23988
4 23942 23794 23756 23731
4 23557 23518 23512 23500
4 23490 23489 23469 23455
4 23338 23332 23319 23156
4 23118 23098 23041 22998
4 22997 22972 22967 22937
4 22934 22886 22872 22759
4 22737 22714 22637 22580
4 22353 22301 22261 22255
4 22168 22028 21971 21968
4 21923 21897 21893 21881
4 21862 21855 21854 21802
4 21761 21752 21737 21735
4 21702 21692 21669 21640
4 21581 21580 21566 21536
4 21414 21383 21364 21346
4 21342 21334 21256 21210
4 21206 21204 21200 21182
4 21172 21119 21075 21074
4 21069 21030 20971 20891
4 20881 20841 20831 20821
4 20771 20723 20605 20527
4 20494 20492 20483 20429
4 20378 20373 20361 20338
4 20330 20285 20234 20187
4 20170 20134 20061 20035
4 19904 19885 19841 19799
4 19749 19735 19659 19497
4 19370 19355 19336 19316
4 19257 19216 19204 19134
4 19079 19075 19050 19000
4 18946 18906 18880 18852
4 18802 18748 18738 18734
4 18708 18680 18603 18564
4 18502 18458 18398 18343
4 18175 18076 18005 17966
4 17962 17901 17856 17840
4 17787 17704 17697 17666
4 17662 17617 17584 17581
4 17572 17554 17504 17466
4 17449 17358 17341 17327
4 17266 17237 17128 17107
4 17106 16977 16970 16857
4 16821 16741 16666 16663
4 16612 16604 16568 16551
4 16536 16531 16524 16497
4 16446 16430 16352 16336
4 16247 16186 16163 16050
4 16017 15949 15934 15928
4 15916 15855 15698 15649
4 15552 15462 15426 15360
4 15330 15253 15224 15188
4 15134 15090 14957 14910
4 14877 14874 14818 14786
4 14714 14711 14640 14612
4 14595 14512 14501 14470
4 14434 14356 14302 14267
4 14240 14215 14187 14096
4 14078 14004 13982 13901
4 13882 13805 13649 13629
4 13610 13577 13531 13519
4 13470 13459 13454 13451
4 13426 13385 13311 13230
4 13217 13213 13113 13060
4 13057 12933 12845 12842
4 12832 12829 12821 12816
4 12791 12766 12655 12642
4 12623 12621 12588 12503
4 12492 12458 12383 12339
4 12332 12248 12236 12235
4 12233 12210 12208 12180
4 12145 12096 11960 11937
4 11930 11843 11830 11825
4 11819 11801 11781 11733
4 11722 11654 11615 11597
4 11570 11540 11506 11433
4 11380 11363 11337 11282
4 11280 11242 11171 11110
4 11032 10990 10912 10827
4 10792 10671 10580 10564
4 10553 10552 10469 10468
4 10429 10428 10420 10340
4 10339 10313 10262 10255
4 10091 10079 10073 9784
4 9756 9742 9630 9605
4 9583 9575 9540 9483
4 9477 9440 9416 9389
4 9354 9310 9303 9297
4 9286 9227 9138 9060
4 8998 8969 8903 8877
4 8865 8854 8825 8764
4 8740 8718 8691 8536
4 8531 8478 8453 8195
4 8067 8061 7922 7842
4 7834 7750 7734 7715
4 7706 7699 7572 7518
4 7489 7421 7375 7350
4 7281 7205 7136 7127
4 7092 7079 7030 6997
4 6954 6946 6909 6842
4 6781 6677 6620 6615
4 6565 6541 6535 6368
4 6364 6276 6253 6232
4 6224 6200 6111 6103
4 6076 6053 6027 6002
4 5992 5859 5849 5814
4 5779 5734 5725 5718
4 5666 5458 5362 5358
4 5329 5277 5268 5220
4 5200 5174 5164 5147
4 5060 5049 4998 4984
4 4948 4888 4885 4879
4 4876 4845 4829 4817
4 4813 4783 4753 4752
4 4601 4584 4526 4521
4 4418 4340 4315 4272
4 4234 4195 4184 4127
4 4078 4061 4006 3971
4 3837 3815 3814 3806
4 3793 3781 3766 3692
4 3671 3665 3646 3643
4 3591 3580 3568 3547
4 3439 3395 3295 3283
4 3269 3211 3189 3107
4 3051 3035 3026 2988
4 2951 2939 2938 2857
4 2812 2808 2734 2680
4 2672 2593 2483 2444
4 2426 2408 2405 2399
4 2327 2280 2271 2164
4 2131 2119 2068 2058
4 1971 1960 1950 1890
4 1868 1861 1847 1784
4 1748 1743 1721 1697
4 1569 1539 1344 1267
4 1231 1205 1193 1172
4 1148 1137 1136 1082
4 1011 862 843 834
4 817 799 773 711
4 676 662 641 595
4 476 456 452 448
4 440 410 362 280
4 255 235 201 176
4 104 82 46 2
4 99992 99979 99961 99858
4 99813 99802 99713 99692
4 99676 99655 99639 99628
4 99587 99559 99538 99510
4 99466 99431 99359 99338
4 99320 99286 99275 99216
4 99204 99194 99175 99122
4 99068 99053 99045 99038
4 98996 98972 98966 98894
4 98816 98737 98701 98672
4 98656 98607 98544 98543
4 98513 98396 98373 98366
4 98358 98352 98322 98316
4 98276 98214 98201 98176
4 98164 98119 98103 98094
4 98089 97930 97923 97893
4 97892 97864 97796 97788
4 97779 97729 97727 97713
4 97702 97694 97688 97685
4 97677 97658 97643 97637
4 97600 97558 97534 97523
4 97518 97442 97420 97376
4 97341 97329 97289 97265
4 97234 97171 97161 97151
4 97149 97146 97135 97103
4 97100 97016 96987 96979
4 96954 96904 96895 96862
4 96856 96833 96807 96748
4 96721 96696 96673 96641
4 96629 96621 96590 96496
4 96492 96418 96395 96385
4 96376 96369 96352 96342
4 96329 96311 96300 96275
4 96231 96221 96219 96172
4 96134 95992 95977 95969
4 95961 95953 95943 95893
4 95865 95796 95786 95768
4 95725 95646 95570 95549
4 95490 95474 95393 95367
4 95349 95338 95310 95289
4 95274 95264 95255 95232
4 95213 95194 95173 95134
4 95111 95011 94977 94970
4 94932 94910 94845 94844
4 94811 94803 94774 94734
4 94638 94614 94539 94516
4 94514 94513 94478 94400
4 94391 94364 94362 94350
4 94346 94333 94316 94289
4 94218 94176 94151 94068
4 94058 94051 94042 94011
4 93961 93949 93939 93929
4 93913 93851 93833 93798
4 93795 93789 93743 93664
4 93659 93646 93584 93580
4 93457 93329 93327 93310
4 93308 93289 93253 93234
4 93213 93211 93208 93200
4 93188 93169 93164 93157
4 93149 93115 93099 93046
4 93041 92959 92925 92849
4 92712 92674 92662 92620
4 92619 92615 92606 92597
4 92586 92577 92574 92568
4 92566 92510 92508 92507
4 92458 92411 92335 92334
4 92250 92230 92229 92224
4 92151 92095 92054 92019
4 91972 91950 91948 91945
4 91856 91840 91760 91716
4 91707 91704 91685 91669
4 91622 91593 91569 91561
4 91479 91467 91442 91423
4 91407 91363 91335 91268
4 91254 91244 91214 91192
4 91079 91073 91045 91012
4 91009 90987 90903 90898
4 90797 90777 90739 90695
4 90663 90609 90571 90552
4 90466 90448 90416 90341
4 90324 90278 90272 90248
4 90224 90212 90123 90112
4 90036 90012 89966 89957
4 89933 89932 89931 89898
4 89870 89868 89845 89788
4 89745 89739 89609 89552
4 89550 89527 89524 89509
4 89500 89444 89392 89363
4 89343 89310 89308 89294
4 89284 89259 89201 89183
4 89140 89137 89073 89051
4 88918 88912 88882 88871
4 88841 88833 88831 88786
4 88782 88769 88768 88731
4 88723 88717 88700 88662
4 88643 88615 88587 88585
4 88578 88547 88509 88465
4 88447 88443 88380 88299
4 88256 88247 88193 88180
4 88079 88057 87934 87920
4 87908 87858 87831 87825
4 87761 87743 87689 87660
4 87652 87610 87592 87589
4 87560 87553 87527 87493
4 87490 87453 87392 87305
4 87280 87265 87252 87238
4 87188 87182 87177 87151
4 87143 87107 87070 87062
4 86963 86800 86765 86706
4 86678 86675 86545 86519
4 86471 86463 86427 86381
4 86367 86364 86355 86347
4 86339 86335 86284 86255
4 86192 86180 86082 86062
4 86039 86004 85942 85920
4 85896 85890 85834 85828
4 85811 85794 85791 85744
4 85670 85661 85592 85587
4 85574 85517 85516 85500
4 85468 85453 85393 85368
4 85353 85338 85299 85295
4 85289 85259 85244 85224
4 85221 85211 85196 85179
4 85154 85143 85141 85136
4 85132 85070 85049 85015
4 84930 84892 84873 84799
4 84745 84730 84710 84709
4 84658 84651 84620 84570
4 84559 84537 84525 84505
4 84488 84477 84463 84444
4 84379 84352 84332 84309
4 84225 84150 84144 84125
4 84121 84110 84089 84073
4 83994 83956 83921 83816
4 83802 83755 83711 83652
4 83612 83581 83548 83546
4 83496 83463 83457 83433
4 83424 83408 83391 83359
4 83345 83311 83295 83265
4 83220 83211 83147 83145
4 83133 83022 83016 83004
4 83001 82894 82839 82756
4 82710 82682 82656 82639
4 82592 82578 82566 82565
4 82546 82445 82408 82353
4 82346 82338 82317 82179
4 82150 82146 82040 82037
4 81996 81990 81988 81973
4 81839 81819 81805 81803
4 81782 81729 81706 81705
4 81699 81685 81683 81681
4 81650 81624 81585 81562
4 81544 81536 81515 81503
4 81451 81443 81428 81407
4 81358 81321 81318 81296
4 81247 81199 81195 81158
4 81040 81004 80980 80924
4 80892 80891 80883 80869
4 80840 80801 80728 80687
4 80621 80568 80528 80527
4 80509 80503 80444 80437
4 80436 80395 80387 80368
4 80304 80260 80222 80122
4 80092 80085 80070 80069
4 80053 80034 79966 79864
4 79861 79850 79829 79800
4 79770 79755 79679 79637
4 79632 79625 79589 79518
4 79417 79376 79328 79300
4 79292 79257 79244 79160
4 79133 79127 79120 79105
4 79094 79086 79065 79039
4 78923 78903 78838 78821
4 78808 78794 78790 78766
4 78748 78732 78708 78699
4 78681 78568 78466 78459
4 78430 78399 78372 78350
4 78332 78324 78302 78299
4 78295 78276 78178 78163
4 78157 78146 78138 78137
4 78099 78085 77987 77961
4 77944 77939 77904 77848
4 77846 77765 77754 77709
4 77683 77605 77591 77575
4 77551 77546 77543 77532
4 77474 77468 77455 77448
4 77447 77414 77386 77383
4 77376 77353 77329 77309
4 77211 77154 77150 77123
4 77095 77091 76913 76896
4 76893 76853 76791 76743
4 76677 76665 76664 76650
4 76520 76518 76456 76448
4 76346 76315 76312 76279
4 76277 76250 76226 76222
4 76221 76198 76164 76159
4 76125 76081 76019 76004
4 75986 75958 75937 75886
4 75859 75858 75832 75780
4 75760 75757 75756 75668
4 75658 75656 75635 75606
4 75586 75563 75553 75548
4 75536 75527 75526 75523
4 75508 75412 75401 75354
4 75341 75323 75313 75285
4 75273 75266 75253 75212
4 75206 75179 75178 75147
4 75144 75092 75013 74945
4 74928 74926 74897 74865
4 74863 74843 74842 74838
4 74818 74774 74769 74758
4 74745 74711 74705 74664
4 74659 74649 74642 74630
4 74590 74561 74534 74483
4 74451 74422 74380 74375
4 74365 74347 74285 74206
4 74192 74102 74069 74021
4 73987 73959 73899 73788
4 73781 73745 73692 73688
4 73558 73539 73450 73443
4 73431 73419 73414 73408
4 73403 73400 73385 73291
4 73287 73283 73281 73249
4 73231 73225 73198 73174
4 73157 73141 73131 73036
4 73017 72933 72897 72890
4 72818 72812 72772 72757
4 72747 72707 72688 72681
4 72676 72669 72628 72599
4 72518 72467 72418 72404
4 72390 72375 72302 72269
4 72235 72185 72154 72146
4 72144 72082 72063 72043
4 72038 71962 71951 71866
4 71864 71804 71784 71781
4 71729 71719 71716 71691
4 71685 71640 71603 71594
4 71384 71356 71324 71317
4 71270 71260 71238 71232
4 71099 71070 71053 71050
4 71048 71036 71026 70977
4 70936 70890 70886 70807
4 70721 70699 70698 70599
4 70541 70474 70473 70388
4 70367 70309 70194 70183
4 70159 70135 70035 70026
4 69991 69917 69912 69717
4 69710 69702 69683 69670
4 69583 69509 69503 69502
4 69492 69480 69473 69440
4 69392 69361 69337 69326
4 69319 69275 69229 69176
4 69159 69028 69023 69007
4 68992 68967 68927 68908
4 68899 68837 68834 68792
4 68770 68756 68707 68698
4 68667 68656 68574 68555
4 68535 68532 68489 68485
4 68458 68443 68390 68373
4 68360 68311 68260 68257
4 68227 68200 68166 68133
4 68113 68103 68089 68049
4 68000 67996 67951 67927
4 67862 67839 67821 67733
4 67691 67675 67577 67537
4 67503 67421 67390 67374
4 67369 67348 67347 67340
4 67337 67328 67320 67308
4 67268 67262 67188 67175
4 67161 67091 67073 67067
4 66913 66908 66843 66815
4 66786 66733 66713 66652
4 66630 66607 66564 66456
4 66447 66408 66355 66326
4 66319 66246 66231 66189
4 66104 66005 65952 65932
4 65894 65823 65820 65810
4 65796 65753 65746 65723
4 65706 65700 65684 65675
4 65646 65641 65606 65479
4 65467 65464 65358 65347
4 65306 65305 65242 65215
4 65203 65188 65167 65151
4 65136 65098 65092 65077
4 65071 65031 64983 64981
4 64910 64873 64855 64833
4 64828 64793 64766 64760
4 64732 64704 64684 64609
4 64590 64560 64398 64391
4 64378 64364 64335 64277
4 64269 64212 64209 64187
4 64183 64053 64022 63988
4 63965 63943 63933 63917
4 63893 63844 63842 63840
4 63833 63829 63786 63729
4 63725 63718 63621 63617
4 63601 63577 63567 63564
4 63504 63484 63461 63457
4 63410 63365 63355 63346
4 63329 63327 63304 63267
4 63251 63249 63237 63223
4 63220 63186 63167 63137
4 63077 63064 63043 63035
4 63032 62986 62957 62939
4 62907 62904 62889 62877
4 62846 62833 62779 62749
4 62722 62694 62691 62683
4 62629 62609 62579 62541
4 62507 62497 62486 62476
4 62390 62383 62355 62340
4 62339 62329 62298 62256
4 62248 62213 62169 62113
4 62090 62084 62060 62036
4 62034 61982 61981 61953
4 61941 61923 61890 61873
4 61869 61839 61783 61776
4 61739 61709 61705 61696
4 61588 61563 61560 61558
4 61534 61492 61388 61376
4 61355 61285 61261 61248
4 61219 61218 61210 61180
4 61093 61056 60998 60993
4 60986 60917 60868 60867
4 60850 60777 60683 60650
4 60616 60578 60532 60481
4 60476 60469 60437 60428
4 60401 60304 60271 60242
4 60199 60184 60159 60141
4 60120 60117 60114 60111
4 60040 59975 59947 59917
4 59848 59834 59823 59790
4 59783 59735 59717 59710
4 59698 59634 59631 59602
4 59590 59557 59544 59538
4 59506 59505 59503 59486
4 59475 59472 59464 59446
4 59436 59413 59398 59280
4 59245 59242 59235 59212
4 59189 59143 59112 59089
4 59084 59066 59042 59031
4 59029 59019 59016 58992
4 58956 58952 58938 58890
4 58826 58814 58774 58757
4 58733 58718 58715 58659
4 58635 58604 58576 58569
4 58545 58468 58454 58419
4 58411 58358 58323 58311
4 58302 58301 58279 58051
4 58028 58017 57974 57944
4 57876 57865 57836 57784
4 57774 57743 57739 57732
4 57725 57637 57635 57633
4 57619 57611 57609 57461
4 57443 57427 57420 57386
4 57384 57361 57351 57340
4 57334 57331 57256 57195
4 57191 57132 57111 57096
4 57094 57071 56966 56895
4 56865 56857 56835 56826
4 56801 56735 56697 56624
4 56615 56528 56508 56472
4 56467 56430 56386 56341
4 56333 56277 56258 56225
4 56222 56159 56142 56118
4 56093 56062 56045 56044
4 56022 55916 55907 55861
4 55783 55776 55773 55768
4 55697 55693 55682 55677
4 55643 55630 55569 55567
4 55503 55386 55382 55290
4 55248 55195 55182 55172
4 55115 55035 55031 55014
4 55013 54966 54958 54929
4 54834 54829 54762 54761
4 54758 54687 54680 54644
4 54636 54624 54610 54582
4 54572 54552 54522 54503
4 54395 54394 54376 54274
4 54228 54220 54212 54188
4 54180 54163 54154 54077
4 53977 53950 53946 53891
4 53818 53793 53788 53786
4 53721 53679 53647 53618
4 53615 53517 53467 53447
4 53441 53418 53417 53387
4 53349 53342 53324 53312
4 53274 53260 53224 53180
4 53171 53142 53035 52996
4 52976 52975 52969 52913
4 52906 52874 52862 52792
4 52785 52770 52751 52720
4 52605 52577 52535 52531
4 52525 52488 52427 52420
4 52389 52381 52371 52346
4 52329 52301 52281 52251
4 52215 52203 52171 52100
4 52041 52023 52013 51976
4 51950 51904 51868 51841
4 51779 51739 51738 51730
4 51688 51659 51650 51622
4 51607 51569 51555 51536
4 51515 51489 51481 51431
4 51391 51387 51382 51358
4 51345 51333 51311 51310
4 51300 51267 51256 51248
4 51195 51159 51149 51051
4 50985 50975 50974 50959
4 50929 50921 50918 50904
4 50900 50896 50894 50770
4 50761 50677 50650 50590
4 50589 50555 50448 50365
4 50357 50335 50255 50239
4 50170 50143 50030 50011
4 49945 49941 49928 49903
4 49894 49855 49837 49829
4 49807 49795 49790 49752
4 49701 49697 49664 49646
4 49577 49484 49448 49433
4 49407 49316 49304 49170
4 49159 49132 49107 49106
4 49100 49093 49026 48964
4 48940 48863 48851 48837
4 48778 48773 48717 48707
4 48700 48618 48603 48510
4 48497 48492 48483 48479
4 48475 48438 48432 48405
4 48390 48275 48266 48208
4 48164 48154 48151 48102
4 48047 47991 47903 47886
4 47875 47836 47801 47790
4 47764 47757 47717 47690
4 47689 47672 47646 47607
4 47561 47515 47504 47440
4 47435 47430 47421 47415
4 47376 47302 47291 47270
4 47216 47190 47124 47059
4 47037 47028 47027 47023
4 47001 46985 46912 46855
4 46828 46780 46678 46667
4 46665 46631 46630 46549
4 46543 46537 46531 46522
4 46482 46456 46449 46430
4 46411 46403 46275 46261
4 46215 46187 46169 46155
4 46137 46122 46121 46078
4 46038 45917 45914 45858
4 45837 45825 45803 45797
4 45746 45654 45652 45646
4 45562 45473 45442 45423
4 45375 45339 45242 45225
4 45217 45136 45107 45101
4 45086 45077 45062 45061
4 45043 45016 44978 44934
4 44903 44901 44899 44885
4 44868 44864 44833 44759
4 44743 44630 44621 44571
4 44471 44418 44406 44391
4 44333 44287 44262 44199
4 44193 44183 44125 44117
4 44086 44066 44015 43880
4 43853 43838 43830 43811
4 43718 43696 43670 43652
4 43632 43623 43508 43497
4 43458 43457 43453 43426
4 43402 43372 43365 43353
4 43352 43242 43228 43207
4 43201 43198 43058 43053
4 43036 42957 42951 42913
4 42887 42885 42803 42791
4 42716 42692 42667 42655
4 42654 42645 42629 42581
4 42574 42529 42501 42476
4 42473 42402 42394 42344
4 42258 42236 42198 42104
4 42084 41907 41896 41892
4 41815 41809 41757 41753
4 41741 41735 41691 41671
4 41669 41633 41631 41607
4 41546 41545 41529 41528
4 41525 41521 41485 41466
4 41438 41407 41382 41329
4 41293 41281 41260 41239
4 41181 41160 41157 41066
4 41002 40945 40929 40915
4 40770 40760 40724 40722
4 40708 40649 40597 40589
4 40584 40564 40507 40438
4 40427 40301 40288 40250
4 40247 40218 40194 40175
4 40171 40069 40062 40028
4 40012 39981 39976 39771
4 39751 39747 39744 39688
4 39657 39585 39540 39533
4 39526 39505 39502 39486
4 39479 39417 39395 39317
4 39292 39277 39230 39204
4 39142 39135 39090 39075
4 39027 39002 38983 38971
4 38935 38927 38913 38877
4 38868 38858 38808 38775
4 38714 38680 38620 38619
4 38603 38594 38548 38514
4 38480 38455 38427 38426
4 38401 38360 38347 38329
4 38297 38293 38276 38247
4 38235 38232 38188 38168
4 38114 38098 38090 38061
4 38012 38010 37997 37961
4 37922 37919 37913 37879
4 37871 37868 37859 37798
4 37747 37744 37712 37701
4 37667 37659 37534 37482
4 37448 37438 37434 37418
4 37337 37185 37161 37133
4 37129 37124 37099 37035
4 37033 36997 36987 36972
4 36944 36893 36876 36852
4 36795 36794 36755 36752
4 36750 36744 36722 36677
4 36605 36523 36457 36450
4 36442 36351 36296 36279
4 36277 36139 36125 36117
4 36112 36104 36070 36052
4 36046 36014 35986 35977
4 35952 35947 35942 35907
4 35902 35899 35819 35810
4 35791 35727 35711 35708
4 35683 35639 35632 35594
4 35564 35548 35547 35531
4 35511 35486 35463 35409
4 35339 35334 35258 35237
4 35234 35189 35143 35097
4 35083 35057 35027 34975
4 34970 34857 34833 34802
4 34798 34778 34735 34720
4 34708 34642 34641 34635
4 34586 34539 34523 34487
4 34465 34463 34427 34419
4 34412 34389 34339 34325
4 34315 34258 34243 34236
4 34210 34179 34147 34133
4 34105 34099 34096 34072
4 34044 34022 34015 34009
4 33987 33870 33794 33757
4 33737 33682 33671 33654
4 33649 33622 33616 33597
4 33570 33535 33509 33498
4 33497 33460 33430 33381
4 33361 33319 33311 33279
4 33254 33241 33196 33182
4 33143 33115 33090 33056
4 33039 33025 33015 33009
4 32893 32887 32883 32877
4 32866 32851 32833 32822
4 32772 32769 32720 32682
4 32636 32626 32519 32516
4 32502 32500 32419 32391
4 32381 32296 32235 32156
4 32148 32133 32125 32037
4 32029 32023 32008 32005
4 31984 31943 31936 31912
4 31911 31905 31892 31889
4 31884 31826 31824 31815
4 31763 31756 31753 31726
4 31661 31598 31565 31564
4 31554 31539 31532 31499
4 31484 31447 31367 31357
4 31297 31271 31245 31233
4 31225 31196 31177 31158
4 31111 31102 31078 31074
4 31072 31026 31017 31015
4 30993 30973 30888 30778
4 30756 30753 30744 30734
4 30694 30681 30670 30603
4 30531 30505 30468 30328
4 30323 30311 30306 30294
4 30287 30281 30246 30243
4 30217 30191 30166 30124
4 30118 30084 30059 30043
4 30038 30017 29978 29918
4 29676 29657 29642 29612
4 29599 29547 29544 29519
4 29465 29457 29445 29439
4 29426 29424 29415 29395
4 29369 29351 29317 29287
4 29253 29197 29174 29163
4 29143 29093 29005 28992
4 28862 28814 28736 28729
4 28725 28719 28718 28680
4 28656 28654 28504 28494
4 28405 28363 28359 28354
4 28296 28279 28264 28210
4 28144 28120 28114 27972
4 27912 27875 27802 27800
4 27777 27752 27738 27700
4 27698 27665 27644 27643
4 27620 27617 27597 27582
4 27552 27501 27497 27480
4 27452 27373 27370 27366
4 27362 27361 27310 27283
4 27241 27212 27208 27202
4 27184 27175 27148 27086
4 27057 27040 27011 26999
4 26938 26920 26859 26824
4 26773 26758 26756 26754
4 26732 26730 26683 26679
4 26667 26579 26544 26487
4 26354 26353 26295 26288
4 26246 26229 26208 26189
4 26173 26164 26140 26068
4 26062 26037 25992 25988
4 25945 25907 25874 25868
4 25849 25826 25795 25725
4 25682 25618 25603 25558
4 25549 25535 25476 25450
4 25446 25402 25399 25329
4 25310 25299 25293 25241
4 25225 25156 25148 25089
4 25044 25038 24972 24964
4 24951 24911 24907 24883
4 24868 24849 24793 24786
4 24740 24725 24675 24669
4 24660 24632 24613 24604
4 24592 24567 24563 24511
4 24490 24460 24459 24458
4 24436 24401 24375 24342
4 24332 24277 24250 24219
4 24218 24199 24194 24187
4 24166 24085 24065 23986
4 23926 23834 23832 23807
4 23789 23697 23615 23598
4 23586 23570 23526 23510
4 23462 23448 23416 23410
4 23364 23351 23322 23315
4 23289 23281 23252 23247
4 23233 23219 23182 23140
4 23103 23019 23009 22988
4 22976 22968 22838 22728
4 22722 22632 22625 22590
4 22587 22544 22541 22536
4 22511 22505 22501 22473
4 22472 22414 22410 22407
4 22402 22384 22383 22372
4 22338 22297 22268 22267
4 22251 22214 22183 22130
4 22081 22053 22030 21972
4 21921 21900 21878 21866
4 21783 21758 21709 21674
4 21665 21655 21595 21582
4 21521 21461 21378 21363
4 21291 21253 21231 21193
4 21168 21163 21146 21085
4 21077 21056 21037 20998
4 20994 20968 20936 20925
4 20842 20823 20819 20783
4 20694 20692 20662 20648
4 20628 20596 20576 20464
4 20424 20369 20359 20321
4 20252 20197 20181 20172
4 20149 20140 20117 20084
4 19987 19985 19975 19939
4 19897 19842 19827 19821
4 19777 19753 19714 19692
4 19623 19610 19591 19580
4 19579 19557 19526 19515
4 19494 19469 19464 19463
4 19438 19427 19426 19421
4 19384 19383 19276 19245
4 19228 19214 19210 19179
4 19159 19139 19111 19092
4 19072 19071 19065 19026
4 18997 18968 18929 18928
4 18923 18884 18849 18840
4 18811 18791 18788 18769
4 18752 18737 18702 18664
4 18643 18612 18605 18567
4 18565 18515 18479 18434
4 18428 18405 18377 18372
4 18370 18292 18186 18174
4 18173 18121 18073 18023
4 17951 17922 17896 17837
4 17811 17769 17733 17661
4 17657 17615 17577 17478
4 17422 17392 17376 17345
4 17314 17312 17303 17285
4 17214 17157 17131 17113
4 17075 17064 17055 17050
4 17027 16922 16912 16874
4 16865 16831 16815 16766
4 16765 16652 16651 16534
4 16460 16414 16413 16379
4 16342 16323 16272 16233
4 16212 16173 16132 16116
4 16111 16052 16014 15991
4 15978 15976 15968 15911
4 15875 15870 15854 15830
4 15820 15785 15755 15672
4 15629 15581 15577 15575
4 15555 15547 15538 15500
4 15493 15450 15417 15401
4 15400 15398 15396 15141
4 15101 15063 15034 14955
4 14942 14932 14922 14918
4 14887 14857 14755 14741
4 14740 14736 14715 14700
4 14663 14657 14645 14569
4 14555 14535 14479 14469
4 14454 14411 14247 14219
4 14044 14027 14026 13941
4 13939 13934 13932 13884
4 13883 13845 13838 13812
4 13788 13769 13761 13754
4 13745 13738 13681 13678
4 13632 13619 13573 13556
4 13493 13474 13411 13408
4 13384 13359 13321 13281
4 13238 13221 13211 13202
4 13195 13187 13172 13077
4 12938 12886 12863 12808
4 12803 12765 12703 12677
4 12674 12650 12646 12639
4 12622 12590 12511 12485
4 12481 12463 12434 12393
4 12365 12351 12275 12256
4 12242 12219 12193 12062
4 12058 11970 11945 11889
4 11861 11832 11826 11806
4 11804 11776 11758 11749
4 11712 11677 11607 11594
4 11573 11537 11536 11473
4 11460 11457 11442 11440
4 11436 11423 11399 11395
4 11384 11360 11358 11322
4 11318 11314 11271 11134
4 11133 11125 11087 11077
4 11038 11036 10978 10915
4 10909 10883 10804 10789
4 10788 10766 10759 10703
4 10694 10691 10690 10684
4 10663 10634 10601 10535
4 10522 10494 10443 10438
4 10432 10393 10385 10365
4 10362 10328 10310 10292
4 10259 10252 10205 10191
4 10185 10168 10158 10127
4 10087 10078 10012 10000
4 9946 9874 9849 9833
4 9820 9808 9806 9805
4 9773 9728 9724 9694
4 9685 9649 9642 9615
4 9552 9533 9485 9482
4 9480 9466 9459 9447
4 9433 9417 9395 9380
4 9367 9366 9349 9296
4 9276 9272 9229 9151
4 9144 9143 9134 9126
4 9097 9042 8992 8942
4 8930 8888 8874 8861
4 8838 8806 8774 8752
4 8739 8717 8673 8667
4 8653 8608 8601 8579
4 8574 8562 8530 8524
4 8464 8403 8360 8343
4 8341 8313 8212 8182
4 8166 8147 8146 8145
4 8122 8107 8003 7998
4 7986 7943 7887 7861
4 7822 7659 7656 7619
4 7608 7587 7549 7546
4 7453 7438 7340 7337
4 7253 7243 7209 7201
4 7196 7186 7184 7178
4 7155 7123 7106 7090
4 7065 6848 6828 6783
4 6774 6769 6703 6673
4 6644 6630 6555 6537
4 6510 6497 6478 6475
4 6457 6434 6407 6405
4 6373 6288 6287 6284
4 6231 6209 6205 6187
4 6180 6099 6093 6040
4 6034 6007 6000 5995
4 5985 5982 5923 5905
4 5837 5756 5704 5676
4 5647 5628 5625 5595
4 5589 5564 5555 5545
4 5484 5462 5440 5439
4 5429 5424 5403 5341
4 5297 5235 5209 5162
4 5111 5108 5095 5065
4 5041 5022 5021 4993
4 4961 4929 4869 4837
4 4832 4771 4764 4721
4 4707 4686 4596 4548
4 4545 4492 4490 4460
4 4458 4421 4419 4336
4 4313 4278 4191 4180
4 4129 4100 4095 4053
4 3968 3961 3941 3886
4 3856 3826 3819 3770
4 3722 3682 3628 3625
4 3606 3584 3512 3507
4 3501 3483 3389 3316
4 3314 3240 3203 3130
4 3060 2950 2931 2909
4 2870 2854 2833 2731
4 2705 2704 2619 2589
4 2550 2533 2482 2462
4 2445 2415 2393 2389
4 2379 2316 2278 2206
4 2193 2151 2147 2132
4 2128 2065 1962 1956
4 1897 1852 1825 1824
4 1772 1768 1671 1554
4 1419 1414 1297 1270
4 1268 1222 1219 1209
4 1167 1123 1092 1079
4 1031 1024 1023 1022
4 964 895 828 814
4 761 750 741 683
4 675 645 631 616
4 605 601 560 553
4 532 471 460 431
4 383 372 351 326
4 322 251 239 159
4 137 126 28 99983
4 99952 99950 99945 99849
4 99825 99824 99800 99786
4 99756 99708 99707 99700
4 99565 99553 99550 99545
4 99525 99513 99511 99502
4 99491 99479 99458 99432
4 99366 99346 99288 99280
4 99234 99198 99184 99176
4 99152 99146 99120 99085
4 99083 99063 99028 99026
4 99015 98992 98959 98956
4 98949 98934 98874 98871
4 98866 98838 98834 98827
4 98818 98802 98785 98775
4 98764 98757 98742 98738
4 98724 98718 98697 98691
4 98639 98624 98579 98529
4 98487 98468 98450 98447
4 98431 98430 98388 98364
4 98350 98246 98232 98218
4 98175 98172 98132 98130
4 98060 98054 98011 97955
4 97951 97933 97915 97889
4 97880 97874 97847 97839
4 97830 97829 97794 97756
4 97747 97745 97716 97704
4 97696 97654 97616 97613
4 97583 97501 97500 97479
4 97470 97454 97423 97418
4 97286 97270 97261 97212
4 97168 97122 97120 97098
4 96985 96969 96903 96898
4 96885 96874 96867 96788
4 96755 96661 96642 96584
4 96583 96557 96554 96541
4 96508 96446 96433 96419
4 96407 96398 96391 96382
4 96282 96267 96265 96243
4 96233 96217 96214 96194
4 96188 96138 96126 96114
4 96107 96079 95970 95934
4 95932 95910 95870 95863
4 95860 95825 95823 95818
4 95795 95771 95755 95709
4 95609 95608 95568 95557
4 95517 95499 95487 95476
4 95450 95444 95370 95336
4 95315 95312 95281 95246
4 95224 95140 95132 95069
4 95029 95010 94991 94986
4 94980 94948 94915 94911
4 94904 94888 94885 94854
4 94843 94835 94829 94810
4 94767 94765 94756 94737
4 94732 94728 94709 94648
4 94586 94570 94557 94536
4 94490 94467 94419 94413
4 94396 94380 94360 94335
4 94309 94288 94280 94165
4 94131 94118 94114 94095
4 94044 93921 93843 93836
4 93834 93830 93825 93811
4 93799 93791 93772 93755
4 93712 93706 93688 93673
4 93655 93631 93614 93608
4 93607 93593 93578 93576
4 93552 93542 93470 93445
4 93436 93412 93397 93347
4 93323 93303 93294 93235
4 93228 93222 93207 93139
4 93137 93121 93118 93104
4 93024 93011 92983 92976
4 92956 92948 92941 92926
4 92924 92921 92907 92903
4 92884 92867 92853 92844
4 92833 92820 92791 92726
4 92700 92684 92646 92594
4 92570 92560 92538 92522
4 92514 92484 92480 92479
4 92455 92417 92408 92338
4 92312 92304 92286 92274
4 92218 92203 92202 92196
4 92168 92159 92125 92116
4 92105 92089 92087 92069
4 91971 91966 91954 91953
4 91944 91943 91916 91911
4 91903 91896 91888 91887
4 91809 91791 91769 91731
4 91721 91710 91683 91682
4 91666 91660 91653 91644
4 91603 91600 91556 91553
4 91541 91534 91504 91431
4 91421 91398 91390 91385
4 91300 91258 91251 91249
4 91241 91230 91162 91156
4 91142 91099 91098 91092
4 91065 91023 91020 90982
4 90963 90960 90953 90952
4 90902 90894 90877 90876
4 90858 90853 90840 90824
4 90809 90795 90784 90737
4 90723 90713 90678 90661
4 90579 90572 90563 90554
4 90545 90540 90509 90486
4 90439 90383 90371 90363
4 90360 90352 90307 90305
4 90256 90246 90232 90204
4 90201 90196 90194 90134
4 90066 90053 89994 89992
4 89981 89965 89953 89913
4 89839 89818 89789 89738
4 89706 89697 89685 89681
4 89668 89658 89634 89621
4 89588 89551 89533 89513
4 89494 89473 89462 89455
4 89432 89379 89375 89365
4 89344 89341 89276 89273
4 89262 89257 89191 89166
4 89155 89144 89134 89129
4 89102 89050 89021 89018
4 88983 88961 88935 88926
4 88917 88889 88877 88838
4 88824 88773 88770 88763
4 88757 88719 88718 88707
4 88666 88665 88663 88661
4 88652 88639 88607 88556
4 88553 88510 88400 88369
4 88367 88352 88271 88248
4 88212 88191 88132 88131
4 88123 88109 88036 88028
4 88017 88003 87973 87912
4 87903 87885 87883 87848
4 87833 87787 87779 87762
4 87752 87751 87729 87723
4 87720 87676 87643 87639
4 87632 87626 87614 87593
4 87590 87576 87567 87531
4 87525 87517 87500 87486
4 87474 87456 87372 87371
4 87360 87328 87327 87325
4 87270 87217 87179 87159
4 87150 87129 87126 87057
4 87055 87016 87010 86943
4 86896 86892 86882 86880
4 86852 86848 86816 86797
4 86790 86773 86768 86751
4 86681 86646 86637 86601
4 86596 86579 86567 86553
4 86548 86539 86536 86534
4 86528 86520 86462 86408
4 86318 86303 86290 86262
4 86258 86244 86239 86203
4 86182 86172 86171 86147
4 86094 86014 86003 85999
4 85996 85845 85843 85831
4 85770 85766 85740 85735
4 85677 85659 85653 85649
4 85648 85625 85620 85616
4 85607 85578 85523 85497
4 85279 85240 85183 85174
4 85173 85118 85114 85106
4 85101 85032 85030 85028
4 85002 84999 84995 84968
4 84958 84938 84834 84822
4 84806 84802 84753 84727
4 84691 84673 84644 84599
4 84543 84511 84462 84434
4 84433 84406 84397 84363
4 84310 84276 84252 84238
4 84232 84229 84201 84191
4 84190 84124 84123 84092
4 84084 84030 84024 83996
4 83930 83906 83883 83856
4 83848 83842 83832 83831
4 83827 83786 83776 83760
4 83734 83730 83710 83693
4 83689 83680 83664 83627
4 83556 83528 83474 83452
4 83437 83410 83409 83399
4 83382 83377 83347 83328
4 83322 83283 83275 83243
4 83217 83188 83168 83123
4 83111 83066 83048 83040
4 83036 83000 82940 82937
4 82932 82930 82898 82891
4 82882 82875 82861 82831
4 82797 82783 82762 82743
4 82739 82714 82681 82647
4 82622 82621 82605 82599
4 82594 82591 82589 82554
4 82538 82534 82527 82500
4 82457 82454 82440 82412
4 82403 82368 82362 82352
4 82293 82291 82282 82195
4 82188 82164 82123 82112
4 82106 82084 82072 82070
4 82063 82059 82018 82016
4 82015 82007 81997 81962
4 81929 81890 81885 81865
4 81863 81765 81684 81666
4 81623 81618 81608 81602
4 81584 81583 81578 81575
4 81550 81499 81476 81459
4 81456 81411 81376 81344
4 81327 81304 81300 81291
4 81266 81257 81248 81242
4 81227 81212 81211 81170
4 81165 81159 81146 81131
4 81128 81092 81091 81062
4 81013 80973 80926 80887
4 80859 80795 80783 80755
4 80754 80746 80730 80726
4 80720 80708 80705 80697
4 80681 80668 80611 80604
4 80601 80582 80561 80541
4 80504 80499 80483 80461
4 80390 80386 80352 80324
4 80287 80284 80241 80168
4 80146 80131 80108 80104
4 80089 80035 80021 79992
4 79971 79969 79968 79951
4 79947 79925 79910 79896
4 79890 79855 79809 79807
4 79798 79771 79738 79731
4 79701 79676 79673 79647
4 79639 79635 79633 79624
4 79615 79613 79603 79565
4 79529 79528 79525 79506
4 79444 79413 79373 79355
4 79340 79337 79323 79316
4 79252 79251 79248 79237
4 79228 79213 79169 79150
4 79126 79102 79074 79027
4 79000 78981 78957 78942
4 78871 78842 78820 78806
4 78780 78779 78760 78741
4 78694 78639 78619 78587
4 78586 78581 78554 78507
4 78455 78449 78447 78422
4 78406 78366 78322 78314
4 78277 78272 78268 78259
4 78236 78219 78126 78030
4 77985 77973 77959 77919
4 77880 77874 77864 77859
4 77836 77783 77764 77724
4 77718 77716 77677 77674
4 77645 77617 77598 77580
4 77513 77502 77472 77445
4 77416 77389 77369 77358
4 77336 77335 77294 77275
4 77271 77245 77198 77186
4 77138 77124 77094 77078
4 77075 77057 77051 77050
4 77024 77014 77013 76984
4 76981 76923 76890 76889
4 76881 76860 76823 76773
4 76738 76728 76726 76705
4 76646 76526 76484 76482
4 76432 76418 76389 76333
4 76330 76290 76224 76193
4 76157 76135 76099 76092
4 76080 76069 76066 76064
4 76030 76005 76003 75963
4 75940 75936 75925 75905
4 75903 75888 75865 75838
4 75826 75803 75720 75697
4 75634 75578 75554 75519
4 75450 75422 75393 75384
4 75380 75372 75368 75362
4 75349 75316 75307 75301
4 75239 75233 75217 75197
4 75184 75149 75131 75101
4 75068 75058 75028 75019
4 74915 74903 74901 74889
4 74832 74829 74826 74817
4 74768 74721 74707 74635
4 74623 74595 74550 74538
4 74537 74535 74531 74518
4 74439 74409 74363 74334
4 74288 74280 74233 74191
4 74184 74156 74134 74065
4 74038 74017 73968 73944
4 73913 73888 73878 73875
4 73836 73770 73718 73577
4 73576 73533 73477 73433
4 73373 73351 73340 73336
4 73332 73290 73273 73234
4 73223 73213 73197 73159
4 73158 73066 73028 73022
4 72998 72986 72985 72983
4 72875 72873 72860 72857
4 72856 72851 72850 72781
4 72774 72720 72709 72698
4 72680 72611 72589 72578
4 72523 72513 72504 72491
4 72480 72428 72386 72379
4 72366 72286 72263 72204
4 72199 72137 72091 72088
4 72086 72071 72061 72057
4 72037 72024 71977 71917
4 71857 71811 71788 71762
4 71731 71713 71676 71659
4 71643 71615 71578 71571
4 71562 71544 71537 71535
4 71534 71527 71522 71513
4 71508 71474 71453 71441
4 71396 71394 71386 71355
4 71333 71303 71266 71247
4 71234 71223 71217 71199
4 71197 71196 71190 71173
4 71169 71155 71085 71084
4 71038 71009 70994 70988
4 70957 70897 70881 70854
4 70844 70799 70767 70724
4 70682 70653 70635 70631
4 70608 70582 70536 70503
4 70500 70493 70480 70448
4 70447 70341 70334 70170
4 70168 70158 70153 70149
4 70146 70131 70092 70060
4 70056 70018 70006 70002
4 69992 69978 69972 69950
4 69913 69895 69887 69882
4 69838 69828 69786 69754
4 69716 69644 69610 69590
4 69587 69558 69554 69534
4 69531 69526 69487 69483
4 69479 69467 69451 69432
4 69405 69396 69379 69363
4 69342 69303 69270 69254
4 69252 69234 69233 69227
4 69205 69201 69163 69151
4 69134 69110 69066 69063
4 69053 69017 68911 68906
4 68905 68847 68846 68830
4 68799 68762 68738 68715
4 68712 68694 68687 68680
4 68677 68649 68617 68615
4 68607 68547 68546 68519
4 68510 68444 68391 68352
4 68349 68294 68280 68258
4 68252 68225 68223 68202
4 68199 68151 68137 68097
4 68096 68062 68059 68054
4 68053 68051 68030 68021
4 67999 67970 67967 67948
4 67933 67911 67879 67877
4 67846 67803 67751 67746
4 67724 67702 67700 67670
4 67630 67603 67582 67570
4 67532 67531 67506 67471
4 67453 67448 67423 67415
4 67412 67410 67382 67379
4 67342 67326 67311 67302
4 67279 67248 67246 67240
4 67206 67200 67192 67168
4 67155 67154 67148 67137
4 67112 67079 67071 67063
4 66995 66984 66975 66967
4 66961 66906 66868 66865
4 66855 66850 66825 66785
4 66757 66739 66701 66673
4 66657 66640 66605 66595
4 66556 66508 66506 66498
4 66480 66446 66440 66428
4 66419 66391 66353 66343
4 66335 66286 66173 66160
4 66139 66135 66128 66118
4 66105 66098 66095 66086
4 66034 66000 65996 65978
4 65966 65964 65919 65884
4 65858 65818 65799 65798
4 65790 65788 65780 65778
4 65775 65718 65711 65699
4 65692 65677 65650 65568
4 65546 65540 65494 65474
4 65473 65426 65401 65392
4 65321 65288 65278 65212
4 65158 65149 65146 65111
4 65104 65087 65063 65056
4 65029 65008 64956 64935
4 64911 64872 64857 64844
4 64827 64791 64718 64688
4 64687 64673 64645 64641
4 64591 64566 64557 64545
4 64534 64527 64525 64507
4 64487 64486 64431 64408
4 64401 64389 64374 64370
4 64363 64338 64331 64330
4 64278 64264 64262 64234
4 64119 64059 64030 63921
4 63906 63885 63869 63774
4 63771 63770 63753 63731
4 63693 63638 63633 63605
4 63585 63582 63580 63555
4 63533 63498 63487 63472
4 63464 63411 63404 63399
4 63394 63371 63326 63323
4 63313 63296 63278 63270
4 63199 63151 63084 63044
4 63029 62959 62949 62929
4 62906 62895 62881 62873
4 62811 62743 62733 62723
4 62675 62637 62587 62570
4 62569 62564 62538 62536
4 62447 62434 62428 62407
4 62395 62389 62369 62349
4 62328 62310 62255 62235
4 62221 62172 62158 62152
4 62126 62122 62047 62038
4 62037 62029 62026 62012
4 61949 61914 61902 61892
4 61883 61879 61859 61834
4 61796 61782 61780 61773
4 61769 61743 61742 61736
4 61733 61659 61647 61622
4 61545 61499 61494 61422
4 61401 61360 61326 61287
4 61271 61233 61199 61172
4 61165 61097 61063 61017
4 60983 60942 60916 60801
4 60792 60783 60765 60763
4 60762 60727 60724 60710
4 60679 60653 60620 60615
4 60605 60595 60559 60548
4 60542 60512 60500 60497
4 60495 60492 60445 60424
4 60397 60386 60373 60348
4 60326 60312 60273 60250
4 60236 60226 60126 60092
4 60083 60073 60043 60038
4 60031 60024 59994 59985
4 59951 59945 59904 59877
4 59832 59803 59760 59730
4 59729 59724 59713 59688
4 59686 59684 59674 59652
4 59600 59558 59530 59529
4 59501 59496 59478 59396
4 59388 59358 59338 59334
4 59311 59218 59174 59104
4 59100 59078 59065 59049
4 59038 59028 59007 59004
4 59003 58998 58996 58971
4 58960 58930 58917 58908
4 58875 58867 58821 58804
4 58799 58784 58690 58685
4 58679 58670 58669 58616
4 58614 58538 58517 58506
4 58488 58438 58426 58396
4 58392 58387 58364 58330
4 58315 58303 58190 58178
4 58170 58145 58130 58119
4 58111 58055 58046 58045
4 58031 58011 57986 57923
4 57909 57905 57897 57833
4 57818 57813 57807 57802
4 57781 57779 57758 57757
4 57756 57755 57734 57707
4 57695 57649 57638 57616
4 57595 57551 57547 57500
4 57499 57441 57416 57382
4 57342 57338 57274 57261
4 57255 57231 57205 57184
4 57181 57144 57137 57106
4 57090 57085 57080 56982
4 56977 56960 56949 56940
4 56906 56905 56904 56885
4 56840 56787 56747 56738
4 56718 56709 56699 56681
4 56678 56649 56644 56640
4 56617 56592 56588 56572
4 56453 56440 56439 56429
4 56383 56382 56379 56369
4 56317 56307 56299 56298
4 56292 56288 56250 56245
4 56223 56173 56148 56143
4 56110 56092 56078 56073
4 56057 56051 55985 55921
4 55915 55883 55872 55864
4 55779 55761 55734 55730
4 55713 55681 55660 55626
4 55625 55602 55579 55577
4 55575 55555 55541 55507
4 55498 55472 55430 55418
4 55376 55366 55318 55309
4 55280 55264 55263 55258
4 55249 55230 55209 55208
4 55184 55181 55152 55145
4 55143 55133 55111 55100
4 55097 55087 55077 55076
4 55061 55053 54951 54939
4 54924 54918 54892 54878
4 54874 54873 54863 54862
4 54850 54848 54779 54778
4 54753 54746 54713 54635
4 54623 54560 54492 54491
4 54488 54443 54423 54407
4 54367 54334 54333 54319
4 54313 54277 54261 54260
4 54207 54196 54148 54108
4 54088 54070 54069 54033
4 53996 53969 53936 53927
4 53901 53869 53863 53836
4 53831 53824 53808 53798
4 53779 53752 53731 53713
4 53712 53682 53646 53600
4 53589 53576 53538 53522
4 53495 53484 53419 53397
4 53395 53386 53378 53359
4 53265 53248 53236 53232
4 53215 53212 53170 53065
4 53057 53040 53038 52987
4 52894 52872 52849 52847
4 52826 52818 52814 52769
4 52715 52626 52594 52542
4 52526 52494 52483 52459
4 52434 52428 52416 52393
4 52390 52378 52355 52345
4 52318 52297 52242 52200
4 52197 52194 52181 52157
4 52155 52141 52126 52104
4 52084 52052 52043 52038
4 52003 51979 51967 51932
4 51898 51871 51816 51792
4 51770 51750 51748 51726
4 51699 51691 51678 51625
4 51618 51566 51564 51532
4 51502 51474 51462 51445
4 51395 51392 51384 51346
4 51314 51313 51307 51280
4 51214 51210 51182 51174
4 51170 51154 51102 51100
4 51018 50944 50917 50914
4 50883 50870 50851 50849
4 50840 50832 50797 50794
4 50733 50719 50703 50672
4 50663 50660 50637 50617
4 50592 50591 50518 50509
4 50494 50479 50419 50406
4 50372 50331 50327 50321
4 50312 50280 50279 50263
4 50257 50250 50240 50210
4 50184 50183 50182 50146
4 50128 50096 50071 50068
4 50019 49976 49973 49964
4 49950 49895 49865 49863
4 49828 49825 49824 49818
4 49803 49783 49780 49766
4 49765 49764 49709 49685
4 49674 49668 49665 49654
4 49652 49609 49606 49588
4 49580 49538 49481 49479
4 49436 49386 49371 49351
4 49332 49312 49298 49245
4 49230 49173 49162 49157
4 49154 49139 49138 49116
4 49112 49110 49081 49063
4 49062 49056 49048 49034
4 49028 49012 48972 48971
4 48959 48947 48895 48889
4 48852 48833 48814 48727
4 48701 48692 48675 48667
4 48644 48632 48585 48582
4 48516 48465 48461 48410
4 48386 48379 48372 48288
4 48279 48263 48252 48226
4 48186 48172 48163 48140
4 48123 48121 48112 48108
4 48103 48093 48088 48030
4 48022 47985 47968 47961
4 47943 47923 47898 47838
4 47831 47800 47778 47761
4 47755 47739 47656 47598
4 47587 47574 47565 47542
4 47496 47495 47484 47426
4 47357 47350 47337 47277
4 47255 47230 47218 47206
4 47191 47163 47129 47125
4 47112 47067 47053 47043
4 47020 46988 46953 46940
4 46936 46891 46888 46857
4 46851 46835 46739 46693
4 46643 46609 46608 46601
4 46597 46594 46574 46556
4 46540 46525 46465 46464
4 46453 46450 46437 46387
4 46350 46349 46309 46293
4 46292 46279 46230 46228
4 46222 46213 46211 46208
4 46201 46154 46096 46070
4 46050 46047 45994 45990
4 45984 45958 45912 45903
4 45764 45698 45697 45675
4 45645 45629 45628 45622
4 45618 45545 45479 45357
4 45329 45328 45278 45248
4 45239 45236 45213 45201
4 45179 45143 45142 45036
4 45009 44972 44947 44939
4 44929 44916 44910 44889
4 44882 44879 44861 44820
4 44813 44795 44776 44727
4 44691 44688 44672 44670
4 44658 44657 44637 44614
4 44585 44584 44580 44579
4 44572 44517 44473 44472
4 44464 44427 44404 44390
4 44377 44342 44337 44288
4 44280 44277 44274 44257
4 44256 44231 44226 44219
4 44218 44152 44127 44065
4 44064 44050 44039 44029
4 44027 44001 43941 43938
4 43935 43933 43931 43920
4 43872 43836 43781 43761
4 43747 43683 43666 43661
4 43642 43614 43579 43567
4 43529 43522 43436 43433
4 43422 43398 43378 43361
4 43360 43325 43295 43263
4 43256 43236 43233 43229
4 43227 43225 43205 43197
4 43195 43185 43175 43164
4 43100 43072 43047 43045
4 43012 43010 42979 42941
4 42922 42911 42884 42874
4 42847 42836 42835 42801
4 42766 42723 42721 42711
4 42669 42665 42632 42621
4 42609 42525 42508 42500
4 42477 42463 42434 42398
4 42376 42356 42341 42322
4 42282 42274 42241 42200
4 42174 42140 42103 42083
4 42071 42058 42040 42020
4 42016 41953 41854 41848
4 41824 41801 41755 41752
4 41732 41685 41676 41638
4 41615 41570 41567 41552
4 41531 41495 41432 41417
4 41404 41376 41361 41351
4 41339 41287 41264 41243
4 41234 41217 41186 41167
4 41126 41084 41083 41057
4 41049 41039 41025 40959
4 40926 40923 40864 40789
4 40757 40745 40694 40685
4 40682 40673 40665 40651
4 40650 40644 40624 40621
4 40617 40561 40560 40553
4 40551 40536 40489 40476
4 40444 40434 40422 40404
4 40392 40386 40385 40365
4 40358 40342 40324 40259
4 40195 40182 40163 40162
4 40092 40053 40034 40029
4 40014 39991 39989 39961
4 39926 39924 39917 39911
4 39868 39860 39825 39810
4 39791 39788 39784 39765
4 39738 39695 39691 39687
4 39661 39648 39639 39635
4 39603 39600 39555 39494
4 39481 39452 39440 39378
4 39333 39332 39329 39320
4 39273 39232 39225 39176
4 39174 39159 39130 39103
4 39100 39088 39086 39082
4 39073 39048 39035 39021
4 39004 39003 38965 38911
4 38902 38873 38862 38836
4 38805 38802 38801 38800
4 38780 38774 38762 38756
4 38749 38676 38658 38650
4 38599 38592 38568 38541
4 38512 38506 38449 38435
4 38430 38348 38340 38334
4 38325 38321 38259 38243
4 38242 38240 38233 38213
4 38204 38164 38152 38088
4 38066 38030 38007 37995
4 37987 37972 37968 37955
4 37933 37923 37908 37873
4 37858 37818 37816 37772
4 37703 37699 37684 37679
4 37631 37597 37579 37539
4 37532 37504 37467 37404
4 37317 37313 37311 37309
4 37259 37237 37221 37209
4 37199 37194 37176 37146
4 37143 37085 37056 37049
4 37003 36986 36959 36928
4 36915 36887 36833 36713
4 36693 36683 36671 36652
4 36616 36592 36581 36577
4 36549 36545 36514 36465
4 36444 36443 36437 36434
4 36414 36411 36408 36346
4 36329 36322 36289 36250
4 36244 36242 36202 36197
4 36099 36026 36002 35966
4 35926 35844 35832 35804
4 35795 35784 35742 35613
4 35600 35587 35568 35520
4 35480 35477 35366 35360
4 35206 35129 35105 35098
4 35061 35056 35033 35026
4 35025 35010 34999 34992
4 34965 34923 34915 34906
4 34860 34858 34845 34834
4 34832 34827 34811 34792
4 34791 34785 34772 34716
4 34713 34702 34680 34658
4 34648 34644 34627 34616
4 34597 34589 34581 34572
4 34557 34493 34478 34468
4 34452 34443 34435 34422
4 34401 34386 34379 34373
4 34337 34329 34320 34286
4 34241 34226 34207 34187
4 34174 34152 34127 34109
4 34103 34085 34084 34032
4 33981 33926 33925 33912
4 33902 33892 33876 33859
4 33802 33762 33759 33698
4 33677 33643 33641 33615
4 33592 33590 33582 33566
4 33551 33545 33542 33504
4 33465 33461 33442 33418
4 33412 33404 33401 33349
4 33278 33226 33189 33180
4 33162 33155 33123 33088
4 33048 33036 33031 33017
4 33003 33002 32996 32979
4 32950 32899 32896 32862
4 32855 32838 32824 32809
4 32806 32752 32745 32719
4 32702 32650 32647 32644
4 32623 32621 32600 32515
4 32512 32507 32474 32457
4 32439 32435 32421 32410
4 32382 32363 32317 32268
4 32236 32233 32222 32200
4 32198 32169 32141 32066
4 32052 32033 31999 31972
4 31950 31932 31900 31851
4 31845 31818 31807 31800
4 31796 31794 31758 31728
4 31705 31674 31632 31624
4 31610 31608 31569 31561
4 31535 31457 31448 31439
4 31436 31432 31405 31390
4 31345 31334 31330 31329
4 31298 31272 31269 31263
4 31243 31188 31187 31089
4 31058 31052 31046 31009
4 30990 30987 30946 30934
4 30921 30904 30885 30852
4 30849 30826 30765 30752
4 30713 30707 30702 30638
4 30629 30611 30572 30571
4 30568 30550 30542 30504
4 30459 30412 30384 30379
4 30365 30351 30318 30265
4 30196 30161 30157 30107
4 30068 30035 29973 29942
4 29940 29919 29889 29860
4 29840 29804 29796 29786
4 29783 29778 29769 29763
4 29729 29709 29671 29649
4 29622 29607 29596 29568
4 29541 29531 29523 29522
4 29504 29464 29429 29377
4 29353 29342 29310 29304
4 29288 29279 29243 29234
4 29215 29182 29154 29125
4 29100 29097 29096 29047
4 29017 29006 29001 28978
4 28971 28959 28950 28934
4 28930 28923 28920 28893
4 28891 28819 28780 28772
4 28768 28749 28732 28716
4 28706 28693 28634 28616
4 28609 28574 28516 28511
4 28438 28431 28421 28410
4 28407 28401 28392 28388
4 28387 28345 28295 28277
4 28254 28239 28229 28220
4 28218 28202 28196 28178
4 28173 28135 28121 27971
4 27968 27921 27873 27784
4 27781 27765 27704 27682
4 27614 27574 27572 27565
4 27528 27492 27475 27473
4 27472 27471 27467 27465
4 27461 27449 27428 27414
4 27337 27332 27293 27277
4 27268 27186 27182 27138
4 27094 27054 27051 27049
4 27037 27032 27020 27015
4 27002 27000 26992 26975
4 26971 26916 26910 26866
4 26855 26836 26830 26801
4 26737 26735 26698 26675
4 26570 26555 26504 26486
4 26425 26414 26342 26285
4 26224 26195 26174 26170
4 26147 26133 26119 26042
4 26002 25915 25886 25844
4 25842 25808 25780 25768
4 25746 25736 25719 25717
4 25692 25670 25666 25656
4 25632 25617 25616 25599
4 25569 25544 25527 25524
4 25498 25484 25472 25392
4 25386 25385 25324 25318
4 25312 25276 25266 25234
4 25186 25120 25064 25036
4 25033 24998 24994 24981
4 24973 24963 24949 24945
4 24886 24872 24834 24815
4 24782 24743 24734 24731
4 24679 24678 24662 24611
4 24581 24568 24545 24525
4 24503 24474 24469 24346
4 24336 24335 24315 24291
4 24261 24190 24168 24110
4 24099 24092 24091 24081
4 24067 24061 24010 24004
4 23978 23972 23968 23962
4 23927 23924 23923 23922
4 23917 23897 23893 23892
4 23883 23874 23857 23847
4 23754 23727 23707 23675
4 23600 23596 23580 23547
4 23545 23534 23522 23509
4 23475 23436 23411 23401
4 23376 23316 23260 23179
4 23104 23081 23036 23025
4 23017 23013 22979 22962
4 22954 22943 22941 22903
4 22897 22874 22858 22830
4 22829 22820 22819 22764
4 22748 22742 22733 22732
4 22711 22708 22673 22654
4 22636 22556 22555 22548
4 22532 22529 22509 22500
4 22496 22433 22430 22406
4 22388 22343 22327 22320
4 22284 22229 22219 22211
4 22205 22185 22136 22132
4 22121 22077 22047 22044
4 22036 22022 21994 21991
4 21989 21974 21952 21920
4 21845 21823 21815 21809
4 21799 21795 21788 21757
4 21677 21649 21634 21611
4 21600 21567 21545 21544
4 21537 21535 21475 21470
4 21457 21453 21427 21409
4 21398 21389 21380 21365
4 21345 21341 21318 21312
4 21305 21279 21229 21220
4 21205 21203 21201 21139
4 21013 21007 21004 20879
4 20863 20861 20835 20805
4 20784 20776 20770 20767
4 20758 20710 20698 20681
4 20680 20675 20661 20660
4 20623 20609 20590 20563
4 20531 20518 20408 20397
4 20395 20372 20337 20326
4 20303 20273 20250 20241
4 20201 20165 20102 20100
4 20099 20096 20038 20033
4 20013 19983 19958 19902
4 19866 19857 19853 19850
4 19826 19796 19786 19759
4 19754 19743 19737 19711
4 19641 19635 19596 19582
4 19536 19490 19451 19423
4 19332 19303 19298 19279
4 19229 19221 19218 19211
4 19195 19178 19155 19120
4 19102 19096 19090 19016
4 19002 18941 18938 18925
4 18909 18905 18896 18844
4 18779 18764 18704 18696
4 18661 18656 18645 18635
4 18634 18621 18608 18533
4 18519 18513 18508 18503
4 18490 18474 18463 18411
4 18408 18251 18247 18231
4 18230 18168 18117 18092
4 18080 18074 18046 18034
4 17953 17924 17920 17904
4 17899 17889 17884 17879
4 17860 17843 17838 17822
4 17812 17808 17768 17760
4 17718 17692 17690 17677
4 17663 17658 17612 17598
4 17514 17497 17353 17323
4 17263 17253 17219 17213
4 17166 17161 17143 17112
4 17047 17046 17045 17014
4 17006 16999 16991 16987
4 16969 16939 16898 16873
4 16871 16805 16755 16747
4 16721 16631 16557 16521
4 16450 16448 16433 16400
4 16391 16376 16357 16351
4 16332 16307 16283 16255
4 16227 16185 16152 16124
4 16108 16079 16074 16070
4 16029 16028 15995 15869
4 15861 15845 15839 15837
4 15811 15792 15791 15784
4 15782 15769 15729 15703
4 15685 15674 15673 15652
4 15647 15587 15582 15461
4 15418 15373 15367 15346
4 15337 15306 15211 15175
4 15162 15136 15131 15127
4 15082 15078 15057 14979
4 14966 14937 14927 14915
4 14896 14880 14848 14843
4 14839 14815 14809 14801
4 14718 14710 14651 14624
4 14622 14618 14590 14571
4 14548 14457 14439 14419
4 14412 14399 14375 14365
4 14361 14354 14328 14319
4 14291 14277 14259 14243
4 14241 14210 14202 14196
4 14123 14120 14082 14071
4 14037 14006 13986 13984
4 13971 13949 13922 13916
4 13876 13758 13704 13700
4 13698 13697 13688 13675
4 13673 13655 13644 13627
4 13618 13617 13608 13592
4 13588 13585 13584 13566
4 13557 13491 13432 13333
4 13309 13303 13299 13290
4 13268 13252 13200 13180
4 13178 13148 13142 13135
4 13097 13096 13093 13075
4 13050 13037 13010 12944
4 12939 12919 12884 12874
4 12856 12841 12810 12793
4 12752 12711 12700 12668
4 12648 12640 12625 12611
4 12582 12537 12530 12510
4 12489 12378 12376 12371
4 12367 12366 12328 12312
4 12299 12285 12273 12259
4 12241 12213 12206 12188
4 12186 12177 12173 12125
4 12107 12098 12079 12054
4 12017 11954 11940 11935
4 11909 11881 11867 11852
4 11833 11811 11773 11747
4 11702 11666 11644 11632
4 11625 11557 11533 11507
4 11503 11470 11461 11455
4 11400 11329 11284 11260
4 11210 11170 11101 11081
4 11018 11011 11001 10917
4 10862 10860 10840 10829
4 10805 10787 10777 10773
4 10702 10668 10661 10640
4 10619 10582 10579 10549
4 10536 10530 10513 10491
4 10474 10423 10394 10372
4 10357 10325 10309 10303
4 10290 10288 10276 10239
4 10237 10233 10231 10183
4 10166 10126 10104 10085
4 10081 10080 10066 10003
4 9991 9979 9969 9961
4 9959 9948 9943 9933
4 9926 9918 9916 9830
4 9807 9789 9766 9754
4 9725 9704 9687 9611
4 9606 9569 9560 9547
4 9514 9502 9468 9430
4 9355 9341 9260 9251
4 9247 9224 9212 9203
4 9190 9174 9163 9161
4 9137 9125 9106 9076
4 9066 9023 8991 8955
4 8950 8905 8893 8860
4 8841 8836 8816 8801
4 8787 8772 8751 8712
4 8688 8649 8639 8589
4 8571 8551 8547 8533
4 8520 8519 8490 8485
4 8482 8459 8445 8444
4 8425 8383 8370 8351
4 8337 8307 8274 8265
4 8259 8249 8206 8175
4 8154 8072 8055 8012
4 7997 7968 7938 7937
4 7925 7907 7888 7881
4 7836 7824 7803 7776
4 7770 7739 7737 7716
4 7710 7679 7671 7670
4 7664 7647 7561 7560
4 7498 7468 7455 7423
4 7410 7403 7394 7374
4 7358 7316 7310 7299
4 7288 7247 7226 7223
4 7207 7190 7187 7162
4 7111 7102 7076 7071
4 7070 7050 7028 7017
4 6986 6977 6918 6888
4 6882 6868 6821 6817
4 6816 6721 6707 6688
4 6667 6664 6648 6642
4 6566 6554 6517 6514
4 6494 6485 6484 6472
4 6458 6366 6361 6360
4 6339 6283 6239 6217
4 6166 6152 6143 6089
4 6078 6036 5993 5974
4 5969 5958 5934 5838
4 5815 5758 5741 5732
4 5656 5624 5620 5615
4 5601 5578 5577 5526
4 5513 5483 5470 5453
4 5394 5376 5326 5321
4 5315 5270 5247 5231
4 5143 5133 5132 5126
4 5102 5075 5018 4989
4 4974 4931 4922 4842
4 4806 4779 4734 4723
4 4673 4656 4576 4572
4 4560 4519 4479 4477
4 4408 4399 4377 4376
4 4365 4360 4357 4290
4 4265 4254 4229 4227
4 4199 4153 4147 4099
4 4047 4028 4027 3981
4 3919 3914 3900 3843
4 3842 3836 3833 3807
4 3790 3788 3771 3764
4 3761 3709 3661 3645
4 3642 3586 3503 3470
4 3428 3398 3375 3334
4 3293 3288 3281 3274
4 3257 3236 3220 3200
4 3179 3175 3150 3117
4 3115 3097 3078 3049
4 3047 3032 3015 3009
4 2964 2957 2955 2945
4 2901 2893 2886 2855
4 2805 2804 2798 2733
4 2728 2715 2700 2686
4 2678 2668 2646 2627
4 2615 2591 2563 2490
4 2434 2427 2420 2361
4 2331 2306 2294 2285
4 2275 2239 2238 2221
4 2214 2209 2185 2098
4 2096 2082 2032 2006
4 1976 1930 1919 1876
4 1828 1805 1802 1789
4 1703 1655 1609 1595
4 1587 1583 1552 1540
4 1510 1493 1489 1478
4 1472 1458 1392 1369
4 1361 1357 1356 1345
4 1343 1321 1290 1287
4 1264 1253 1251 1212
4 1163 1138 1124 1105
4 1084 1071 1063 1050
4 1048 987 901 896
4 894 836 830 827
4 784 705 695 664
4 614 607 552 551
4 547 517 511 484
4 475 450 416 330
4 311 308 269 246
4 237 180 147 143
4 123 75 73 58
4 49 27 99991 99984
4 99976 99974 99919 99911
4 99910 99909 99900 99896
4 99862 99854 99838 99834
4 99833 99832 99811 99808
4 99795 99761 99753 99744
4 99732 99717 99702 99690
4 99600 99581 99566 99533
4 99526 99518 99504 99494
4 99487 99478 99477 99452
4 99449 99426 99416 99409
4 99406 99397 99392 99386
4 99369 99358 99342 99300
4 99285 99278 99273 99238
4 99219 99200 99167 99108
4 99042 99040 99036 99023
4 99007 99000 98991 98982
4 98981 98904 98902 98900
4 98877 98876 98868 98867
4 98859 98858 98830 98796
4 98788 98786 98753 98751
4 98745 98736 98713 98687
4 98686 98660 98631 98626
4 98602 98592 98584 98561
4 98552 98538 98509 98442
4 98403 98383 98351 98335
4 98304 98283 98281 98261
4 98257 98247 98244 98236
4 98199 98188 98168 98146
4 98122 98082 98081 98071
4 98043 98041 98013 98003
4 97976 97962 97954 97950
4 97914 97909 97887 97881
4 97870 97856 97855 97848
4 97817 97808 97806 97771
4 97766 97748 97721 97693
4 97631 97608 97572 97569
4 97568 97547 97540 97536
4 97520 97515 97509 97499
4 97495 97466 97436 97434
4 97417 97386 97369 97361
4 97334 97333 97328 97322
4 97284 97281 97276 97266
4 97263 97255 97221 97217
4 97191 97185 97162 97128
4 97124 97123 97115 97102
4 97087 97086 97070 97060
4 97026 97011 96997 96938
4 96916 96913 96912 96881
4 96861 96835 96827 96825
4 96823 96805 96797 96790
4 96765 96762 96758 96756
4 96754 96722 96713 96675
4 96656 96622 96618 96603
4 96580 96565 96551 96547
4 96544 96501 96476 96462
4 96451 96444 96417 96397
4 96271 96245 96218 96182
4 96169 96163 96108 96105
4 96100 96082 96063 96055
4 96021 95996 95987 95984
4 95975 95960 95959 95941
4 95903 95873 95854 95845
4 95827 95800 95759 95736
4 95731 95706 95695 95663
4 95654 95642 95626 95611
4 95597 95556 95554 95538
4 95525 95512 95510 95484
4 95482 95479 95454 95447
4 95431 95395 95375 95368
4 95363 95360 95353 95327
4 95309 95286 95266 95234
4 95227 95196 95188 95165
4 95102 95099 95086 95044
4 94994 94989 94968 94921
4 94918 94872 94871 94855
4 94836 94826 94816 94813
4 94804 94795 94775 94735
4 94715 94705 94701 94685
4 94675 94668 94663 94658
4 94634 94630 94561 94532
4 94529 94517 94492 94465
4 94455 94454 94437 94411
4 94408 94383 94379 94377
4 94370 94369 94348 94313
4 94293 94268 94254 94236
4 94220 94217 94185 94155
4 94147 94126 94065 94036
4 93999 93996 93989 93940
4 93936 93910 93909 93871
4 93846 93816 93806 93804
4 93786 93780 93779 93775
4 93774 93748 93741 93721
4 93687 93657 93652 93625
4 93606 93594 93562 93556
4 93505 93456 93452 93447
4 93422 93411 93407 93394
4 93390 93361 93356 93341
4 93337 93334 93312 93295
4 93263 93262 93261 93250
4 93240 93238 93219 93175
4 93162 93145 93135 93126
4 93084 93081 93078 93062
4 93058 93037 92949 92910
4 92886 92875 92752 92738
4 92736 92704 92681 92664
4 92639 92616 92579 92571
4 92541 92535 92530 92518
4 92515 92452 92433 92402
4 92362 92357 92343 92331
4 92319 92318 92307 92303
4 92290 92228 92186 92181
4 92176 92160 92150 92073
4 92046 92030 92027 92007
4 92000 91996 91981 91979
4 91960 91942 91935 91928
4 91890 91884 91857 91821
4 91802 91772 91741 91730
4 91727 91700 91674 91642
4 91621 91612 91596 91591
4 91562 91545 91526 91514
4 91462 91451 91449 91448
4 91428 91416 91415 91409
4 91337 91332 91317 91309
4 91277 91250 91199 91147
4 91145 91140 91112 91097
4 91084 91080 91077 91071
4 91043 91010 90996 90972
4 90961 90874 90850 90843
4 90800 90790 90751 90743
4 90728 90708 90704 90686
4 90685 90682 90679 90676
4 90670 90649 90647 90640
4 90630 90616 90613 90602
4 90601 90595 90584 90583
4 90582 90543 90492 90484
4 90482 90462 90442 90432
4 90431 90413 90412 90408
4 90405 90390 90389 90382
4 90379 90358 90342 90335
4 90322 90298 90297 90289
4 90276 90273 90244 90242
4 90202 90200 90167 90142
4 90139 90132 90121 90115
4 90114 90100 90082 90049
4 90037 90025 89999 89987
4 89973 89948 89930 89926
4 89925 89899 89879 89847
4 89840 89836 89819 89799
4 89716 89714 89708 89662
4 89648 89628 89607 89596
4 89589 89576 89567 89561
4 89560 89559 89548 89516
4 89478 89437 89428 89395
4 89391 89340 89329 89326
4 89307 89296 89268 89266
4 89249 89240 89223 89185
4 89176 89172 89141 89136
4 89133 89132 89072 89069
4 89047 88999 88976 88967
4 88955 88939 88914 88910
4 88905 88865 88860 88849
4 88826 88825 88815 88804
4 88799 88796 88694 88693
4 88672 88647 88637 88634
4 88620 88609 88602 88599
4 88583 88579 88572 88567
4 88535 88531 88522 88512
4 88475 88473 88459 88452
4 88450 88428 88420 88409
4 88377 88364 88340 88336
4 88323 88321 88282 88276
4 88252 88237 88231 88218
4 88211 88206 88178 88170
4 88166 88152 88150 88140
4 88128 88122 88111 88098
4 88092 88065 88026 88021
4 87987 87975 87968 87960
4 87935 87923 87897 87881
4 87869 87868 87849 87844
4 87836 87789 87736 87732
4 87718 87651 87645 87629
4 87607 87583 87566 87498
4 87463 87436 87422 87378
4 87375 87362 87361 87339
4 87338 87335 87308 87303
4 87279 87248 87239 87236
4 87214 87205 87194 87172
4 87160 87152 87135 87134
4 87116 87115 87108 87106
4 87019 87006 86996 86986
4 86960 86955 86942 86929
4 86899 86878 86857 86844
4 86811 86779 86777 86753
4 86747 86736 86735 86717
4 86691 86690 86662 86659
4 86644 86638 86630 86595
4 86576 86575 86551 86493
4 86483 86404 86400 86391
4 86377 86375 86371 86356
4 86348 86329 86307 86297
4 86274 86233 86199 86191
4 86150 86146 86088 86078
4 86074 86068 86022 86019
4 85995 85988 85983 85979
4 85976 85967 85948 85941
4 85939 85931 85902 85895
4 85876 85868 85824 85786
4 85748 85731 85691 85673
4 85660 85655 85623 85604
4 85600 85579 85548 85515
4 85513 85502 85495 85493
3 85486 85479 85465
3 85463 85435 85425
3 85421 85403 85372
3 85369 85366 85361
3 85336 85296 85292
3 85275 85272 85266
3 85252 85222 85215
3 85151 85148 85137
3 85119 85103 85085
3 85078 85055 85050
3 85040 85038 85014
3 84962 84947 84943
3 84935 84924 84923
3 84898 84881 84866
3 84859 84801 84791
3 84768 84765 84761
3 84755 84746 84707
3 84701 84659 84642
3 84627 84622 84567
3 84554 84552 84523
3 84504 84474 84453
3 84430 84419 84399
3 84366 84362 84330
3 84315 84287 84279
3 84266 84258 84239
3 84233 84230 84223
3 84199 84188 84187
3 84153 84126 84118
3 84117 84097 84090
3 84082 84081 84063
3 84059 84056 84035
3 84016 84002 83989
3 83980 83944 83929
3 83902 83833 83819
3 83818 83812 83799
3 83794 83784 83752
3 83744 83737 83720
3 83719 83716 83678
3 83669 83641 83625
3 83615 83599 83597
3 83595 83587 83582
3 83561 83516 83512
3 83499 83475 83460
3 83439 83435 83392
3 83389 83363 83329
3 83309 83282 83237
3 83229 83222 83213
3 83204 83185 83165
3 83155 83151 83119
3 83078 83072 82993
3 82992 82990 82984
3 82960 82931 82884
3 82877 82838 82821
3 82804 82799 82798
3 82789 82730 82711
3 82698 82697 82694
3 82687 82659 82657
3 82632 82614 82587
3 82584 82576 82563
3 82555 82516 82512
3 82501 82490 82432
3 82365 82351 82344
3 82314 82299 82294
3 82266 82216 82207
3 82182 82155 82137
3 82111 82081 82066
3 82051 82046 82034
3 82027 82023 82020
3 82014 82013 81972
3 81957 81954 81946
3 81934 81922 81862
3 81855 81851 81843
3 81836 81806 81792
3 81777 81775 81764
3 81747 81735 81664
3 81662 81652 81639
3 81633 81627 81616
3 81614 81613 81598
3 81597 81576 81532
3 81481 81473 81457
3 81439 81431 81413
3 81408 81402 81357
3 81353 81326 81324
3 81305 81292 81273
3 81260 81256 81253
3 81232 81190 81185
3 81162 81141 81132
3 81109 81096 81087
3 81069 81051 81031
3 81024 81022 81000
3 80986 80975 80907
3 80880 80875 80854
3 80843 80842 80807
3 80806 80799 80752
3 80749 80737 80714
3 80711 80700 80646
3 80597 80548 80521
3 80519 80475 80465
3 80430 80421 80394
3 80393 80371 80354
3 80345 80332 80327
3 80323 80321 80301
3 80300 80299 80277
3 80271 80244 80235
3 80211 80164 80147
3 80074 80063 80056
3 80048 80018 80016
3 80011 80005 79982
3 79981 79967 79933
3 79923 79913 79892
3 79854 79847 79841
3 79838 79832 79826
3 79789 79779 79763
3 79760 79705 79685
3 79683 79671 79666
3 79662 79654 79640
3 79611 79595 79584
3 79566 79558 79556
3 79555 79537 79517
3 79514 79508 79505
3 79458 79455 79437
3 79391 79385 79383
3 79350 79347 79329
3 79293 79284 79282
3 79221 79208 79202
3 79200 79184 79183
3 79106 79082 79073
3 79062 79033 79032
3 79014 78990 78971
3 78935 78925 78899
3 78891 78889 78873
3 78862 78849 78848
3 78742 78739 78738
3 78736 78731 78705
3 78672 78664 78654
3 78645 78557 78553
3 78548 78537 78536
3 78516 78505 78487
3 78483 78443 78423
3 78418 78413 78410
3 78402 78392 78390
3 78373 78348 78323
3 78310 78308 78296
3 78285 78255 78232
3 78205 78182 78171
3 78167 78155 78151
3 78132 78120 78107
3 78079 78077 78037
3 78015 78001 77992
3 77927 77913 77895
3 77889 77882 77865
3 77858 77849 77830
3 77825 77803 77798
3 77778 77766 77759
3 77752 77750 77743
3 77655 77626 77620
3 77588 77586 77568
3 77567 77548 77509
3 77506 77505 77490
3 77460 77428 77426
3 77418 77398 77377
3 77371 77347 77342
3 77339 77325 77296
3 77266 77261 77235
3 77182 77148 77141
3 77127 77087 77082
3 77062 77048 77036
3 77016 77001 76993
3 76978 76957 76909
3 76851 76850 76840
3 76839 76799 76787
3 76749 76730 76723
3 76715 76709 76671
3 76652 76624 76616
3 76597 76585 76570
3 76559 76492 76490
3 76485 76460 76437
3 76436 76399 76381
3 76377 76370 76347
3 76345 76343 76301
3 76288 76261 76241
3 76158 76147 76131
3 76129 76126 76065
3 76020 76007 75988
3 75974 75954 75938
3 75906 75885 75877
3 75868 75866 75857
3 75856 75845 75843
3 75781 75764 75758
3 75750 75746 75740
3 75716 75710 75667
3 75663 75645 75640
3 75574 75571 75565
3 75560 75547 75528
3 75512 75499 75485
3 75483 75454 75418
3 75410 75402 75399
3 75378 75369 75365
3 75353 75339 75333
3 75326 75318 75290
3 75268 75252 75246
3 75241 75210 75202
3 75201 75193 75191
3 75189 75188 75146
3 75143 75139 75136
3 75134 75123 75121
3 75106 75089 75083
3 75082 75054 75021
3 75006 74966 74956
3 74949 74932 74930
3 74927 74921 74900
3 74899 74892 74890
3 74881 74876 74864
3 74853 74833 74803
3 74797 74783 74765
3 74750 74734 74709
3 74700 74683 74675
3 74665 74662 74653
3 74651 74647 74602
3 74601 74589 74585
3 74575 74563 74560
3 74514 74485 74473
3 74453 74434 74391
3 74364 74287 74279
3 74262 74247 74235
3 74231 74215 74203
3 74197 74165 74151
3 74147 74090 74082
3 74081 74066 74064
3 74050 74045 74043
3 74011 73997 73994
3 73989 73952 73941
3 73937 73927 73904
3 73902 73889 73885
3 73877 73873 73861
3 73857 73828 73813
3 73798 73792 73791
3 73754 73751 73750
3 73737 73733 73713
3 73697 73675 73662
3 73634 73592 73579
3 73570 73567 73536
3 73491 73413 73402
3 73392 73386 73377
3 73365 73329 73327
3 73319 73248 73201
3 73193 73186 73148
3 73133 73129 73115
3 73105 73095 73081
3 73053 73043 73024
3 73009 73000 72988
3 72981 72957 72915
3 72892 72887 72874
3 72854 72844 72813
3 72809 72765 72754
3 72748 72737 72704
3 72697 72684 72664
3 72659 72640 72638
3 72634 72594 72593
3 72590 72584 72554
3 72552 72543 72514
3 72468 72463 72454
3 72439 72432 72406
3 72405 72401 72399
3 72384 72365 72360
3 72319 72312 72298
3 72260 72247 72245
3 72192 72171 72151
3 72150 72130 72126
3 72123 72115 72106
3 72054 71953 71950
3 71948 71937 71913
3 71909 71908 71903
3 71895 71892 71886
3 71885 71875 71865
3 71838 71831 71830
3 71829 71828 71809
3 71803 71792 71772
3 71681 71653 71623
3 71576 71573 71553
3 71547 71540 71538
3 71491 71485 71477
3 71476 71469 71455
3 71389 71387 71367
3 71357 71345 71331
3 71319 71308 71306
3 71286 71282 71237
3 71235 71198 71185
3 71167 71154 71141
3 71128 71125 71082
3 71063 71042 71037
3 71031 70999 70996
3 70970 70930 70923
3 70909 70907 70891
3 70871 70852 70846
3 70842 70806 70789
3 70747 70742 70741
3 70735 70708 70702
3 70696 70686 70660
3 70656 70643 70620
3 70581 70526 70510
3 70471 70457 70452
3 70435 70424 70411
3 70380 70374 70365
3 70353 70340 70321
3 70285 70267 70241
3 70237 70231 70130
3 70124 70110 70097
3 70088 70085 70071
3 70067 70064 70057
3 70042 70034 70032
3 70027 70010 69995
3 69993 69960 69943
3 69941 69915 69914
3 69908 69903 69883
3 69877 69873 69861
3 69826 69781 69772
3 69763 69743 69672
3 69642 69613 69600
3 69593 69582 69574
3 69557 69547 69540
3 69532 69523 69517
3 69475 69458 69455
3 69447 69436 69410
3 69402 69334 69323
3 69310 69309 69299
3 69298 69288 69282
3 69242 69239 69224
3 69191 69190 69171
3 69126 69111 69095
3 69077 69070 69025
3 69019 69013 69006
3 68962 68960 68951
3 68938 68937 68928
3 68909 68904 68858
3 68852 68836 68818
3 68810 68759 68732
3 68682 68609 68608
3 68606 68590 68538
3 68524 68523 68484
3 68439 68431 68429
3 68426 68413 68407
3 68401 68398 68369
3 68340 68333 68329
3 68325 68299 68289
3 68286 68243 68238
3 68237 68230 68206
3 68175 68093 68076
3 68034 68026 68023
3 67989 67984 67979
3 67936 67924 67921
3 67894 67858 67848
3 67813 67811 67808
3 67787 67784 67768
3 67766 67758 67756
3 67755 67752 67750
3 67699 67698 67676
3 67655 67636 67633
3 67618 67609 67585
3 67580 67540 67523
3 67509 67484 67467
3 67460 67451 67446
3 67428 67422 67416
3 67403 67387 67373
3 67307 67304 67284
3 67265 67256 67202
3 67196 67191 67183
3 67165 67158 67144
3 67123 67106 67070
3 67053 67047 67046
3 67010 67009 66990
3 66960 66935 66915
3 66896 66874 66818
3 66809 66771 66765
3 66747 66738 66702
3 66692 66674 66664
3 66659 66654 66649
3 66599 66585 66550
3 66523 66519 66514
3 66482 66473 66465
3 66455 66450 66423
3 66422 66413 66396
3 66388 66384 66369
3 66341 66331 66330
3 66305 66299 66292
3 66282 66276 66274
3 66270 66261 66238
3 66236 66219 66213
3 66211 66203 66202
3 66196 66181 66145
3 66091 66082 66077
3 66049 66031 66030
3 65945 65935 65922
3 65909 65899 65898
3 65851 65837 65816
3 65794 65787 65779
3 65772 65771 65766
3 65678 65639 65625
3 65605 65579 65575
3 65551 65524 65504
3 65497 65492 65491
3 65448 65434 65427
3 65425 65424 65416
3 65388 65362 65316
3 65282 65249 65233
3 65231 65209 65204
3 65199 65196 65173
3 65166 65112 65052
3 65039 65038 65023
3 65005 64929 64922
3 64918 64900 64890
3 64883 64877 64870
3 64824 64820 64818
3 64805 64788 64785
3 64783 64772 64749
3 64728 64717 64693
3 64648 64625 64616
3 64597 64588 64548
3 64546 64538 64485
3 64479 64468 64464
3 64461 64446 64427
3 64405 64404 64384
3 64379 64362 64360
3 64334 64282 64227
3 64215 64195 64191
3 64151 64120 64103
3 64102 64058 64044
3 64036 64023 63983
3 63979 63976 63971
3 63970 63930 63905
3 63889 63872 63864
3 63852 63823 63810
3 63765 63761 63721
3 63695 63694 63688
3 63683 63648 63636
3 63629 63618 63613
3 63591 63584 63578
3 63576 63573 63563
3 63534 63528 63474
3 63469 63465 63454
3 63437 63432 63383
3 63375 63336 63325
3 63320 63310 63305
3 63277 63246 63244
3 63221 63215 63181
3 63175 63173 63155
3 63126 63121 63113
3 63110 63098 63082
3 63065 63054 63040
3 63030 63006 62992
3 62985 62977 62956
3 62916 62891 62880
3 62870 62869 62836
3 62825 62788 62778
3 62753 62714 62688
3 62674 62655 62652
3 62622 62617 62616
3 62604 62601 62590
3 62586 62553 62520
3 62516 62504 62471
3 62452 62446 62432
3 62415 62409 62343
3 62326 62318 62315
3 62288 62271 62234
3 62227 62223 62189
3 62170 62162 62124
3 62118 62082 62063
3 62059 62058 62048
3 62002 61996 61972
3 61961 61946 61937
3 61924 61917 61899
3 61891 61868 61854
3 61826 61823 61785
3 61771 61734 61715
3 61690 61684 61676
3 61673 61661 61621
3 61593 61570 61524
3 61512 61498 61495
3 61481 61480 61473
3 61472 61437 61424
3 61419 61402 61375
3 61372 61359 61332
3 61325 61310 61293
3 61270 61267 61253
3 61249 61234 61168
3 61163 61118 61105
3 61081 61058 61053
3 61043 61033 60987
3 60970 60968 60958
3 60945 60930 60928
3 60924 60905 60902
3 60901 60854 60848
3 60827 60815 60808
3 60789 60784 60781
3 60764 60759 60743
3 60714 60713 60704
3 60651 60637 60626
3 60624 60600 60597
3 60588 60580 60573
3 60565 60558 60550
3 60535 60482 60448
3 60446 60425 60400
3 60361 60353 60349
3 60316 60313 60306
3 60294 60285 60280
3 60272 60209 60137
3 60131 60098 60086
3 60056 60042 60041
3 60028 60027 59995
3 59987 59961 59948
3 59942 59905 59899
3 59891 59866 59860
3 59853 59785 59773
3 59772 59771 59763
3 59761 59699 59637
3 59630 59567 59536
3 59526 59481 59449
3 59443 59407 59405
3 59376 59370 59347
3 59346 59307 59305
3 59300 59268 59251
3 59234 59230 59222
3 59210 59208 59168
3 59166 59157 59144
3 59142 59113 59107
3 59077 59073 59063
3 59059 59053 59052
3 58991 58990 58978
3 58974 58972 58950
3 58946 58911 58905
3 58887 58847 58837
3 58816 58802 58801
3 58793 58780 58762
3 58745 58712 58687
3 58674 58671 58641
3 58629 58598 58570
3 58556 58540 58527
3 58510 58491 58482
3 58477 58466 58463
3 58453 58443 58441
3 58434 58430 58381
3 58352 58336 58294
3 58259 58231 58218
3 58200 58195 58132
3 58129 58122 58112
3 58097 58083 58081
3 58076 58062 58037
3 58025 57988 57985
3 57983 57979 57961
3 57947 57906 57858
3 57855 57840 57799
3 57772 57770 57768
3 57765 57754 57731
3 57715 57684 57678
3 57672 57651 57613
3 57606 57602 57572
3 57566 57539 57527
3 57525 57520 57517
3 57503 57497 57468
3 57467 57385 57372
3 57355 57352 57284
3 57260 57251 57246
3 57228 57216 57215
3 57186 57182 57177
3 57072 57047 57045
3 57029 57027 57023
3 57007 56990 56976
3 56942 56937 56927
3 56911 56898 56878
3 56847 56829 56827
3 56823 56796 56790
3 56750 56744 56711
3 56692 56690 56688
3 56686 56677 56666
3 56664 56637 56631
3 56604 56579 56570
3 56567 56562 56559
3 56490 56456 56443
3 56442 56415 56412
3 56411 56407 56384
3 56365 56355 56322
3 56315 56283 56234
3 56219 56214 56213
3 56199 56185 56165
3 56154 56152 56140
3 56138 56129 56096
3 56050 56031 56004
3 55987 55980 55959
3 55957 55937 55927
3 55920 55897 55888
3 55859 55854 55844
3 55835 55830 55802
3 55793 55784 55763
3 55755 55641 55639
3 55635 55612 55611
3 55596 55585 55565
3 55546 55524 55483
3 55479 55476 55438
3 55417 55397 55378
3 55338 55294 55286
3 55275 55267 55245
3 55224 55164 55159
3 55150 55119 55088
3 55079 55054 55030
3 55027 55026 55006
3 54995 54989 54974
3 54962 54949 54914
3 54913 54877 54828
3 54785 54773 54765
3 54744 54740 54735
3 54733 54716 54694
3 54688 54682 54678
3 54664 54648 54640
3 54622 54603 54592
3 54583 54581 54576
3 54548 54527 54446
3 54431 54410 54404
3 54384 54374 54351
3 54312 54311 54300
3 54297 54296 54286
3 54281 54233 54226
3 54218 54198 54171
3 54166 54160 54155
3 54119 54117 54075
3 54067 54055 54053
3 54048 54037 54021
3 53994 53964 53956
3 53943 53914 53912
3 53904 53886 53882
3 53867 53861 53858
3 53856 53832 53828
3 53803 53799 53778
3 53772 53765 53764
3 53757 53740 53654
3 53641 53632 53617
3 53611 53551 53540
3 53534 53489 53488
3 53463 53461 53458
3 53453 53426 53421
3 53401 53368 53331
3 53317 53309 53302
3 53299 53289 53284
3 53282 53258 53256
3 53237 53226 53207
3 53190 53186 53181
3 53169 53158 53148
3 53138 53089 53082
3 53075 53066 53047
3 53019 53005 52990
3 52981 52974 52948
3 52946 52945 52939
3 52936 52919 52893
3 52854 52842 52840
3 52822 52784 52757
3 52750 52742 52722
3 52700 52683 52673
3 52672 52648 52645
3 52636 52621 52581
3 52558 52537 52534
3 52502 52489 52478
3 52471 52469 52466
3 52448 52424 52413
3 52399 52380 52354
3 52350 52328 52286
3 52284 52273 52264
3 52252 52234 52183
3 52173 52172 52164
3 52153 52128 52089
3 52085 52072 52059
3 52032 52007 51977
3 51959 51956 51943
3 51942 51908 51905
3 51900 51895 51892
3 51891 51886 51872
3 51813 51812 51803
3 51791 51775 51767
3 51759 51753 51732
3 51671 51654 51641
3 51634 51619 51610
3 51605 51601 51580
3 51576 51554 51552
3 51543 51483 51472
3 51460 51423 51401
3 51383 51373 51357
3 51352 51328 51323
3 51303 51297 51294
3 51273 51269 51268
3 51253 51235 51229
3 51206 51192 51156
3 51155 51152 51139
3 51137 51131 51121
3 51120 51112 51058
3 51033 51027 51013
3 51006 50994 50988
3 50965 50957 50956
3 50953 50925 50920
3 50858 50846 50831
3 50825 50778 50772
3 50753 50738 50737
3 50727 50722 50710
3 50676 50673 50638
3 50631 50619 50615
3 50578 50576 50574
3 50542 50541 50540
3 50527 50496 50493
3 50466 50458 50457
3 50418 50403 50395
3 50380 50311 50306
3 50293 50292 50268
3 50249 50243 50238
3 50231 50229 50221
3 50211 50133 50124
3 50110 50107 50104
3 50091 50061 50008
3 50002 49982 49968
3 49938 49933 49929
3 49920 49910 49889
3 49874 49868 49862
3 49822 49819 49768
3 49737 49731 49726
3 49723 49722 49715
3 49698 49690 49687
3 49684 49676 49672
3 49635 49624 49596
3 49575 49542 49540
3 49514 49501 49498
3 49472 49471 49458
3 49453 49452 49450
3 49422 49382 49374
3 49357 49352 49331
3 49291 49270 49232
3 49223 49221 49218
3 49213 49177 49158
3 49148 49147 49136
3 49130 49117 49092
3 49091 49073 49065
3 49030 49011 49000
3 48992 48957 48956
3 48918 48914 48872
3 48858 48829 48828
3 48822 48765 48758
3 48754 48753 48749
3 48748 48743 48687
3 48672 48648 48647
3 48622 48621 48598
3 48578 48572 48549
3 48547 48533 48526
3 48522 48521 48513
3 48511 48509 48506
3 48499 48433 48426
3 48401 48378 48343
3 48282 48272 48269
3 48267 48253 48171
3 48133 48116 48081
3 48063 48058 48024
3 48010 48007 47997
3 47966 47945 47928
3 47906 47902 47877
3 47873 47863 47862
3 47840 47832 47825
3 47817 47815 47806
3 47805 47796 47746
3 47726 47703 47669
3 47664 47658 47639
3 47638 47604 47589
3 47527 47518 47493
3 47492 47479 47475
3 47436 47433 47412
3 47411 47394 47383
3 47372 47363 47356
3 47333 47315 47314
3 47271 47269 47268
3 47217 47186 47180
3 47165 47148 47143
3 47133 47122 47118
3 47070 47055 47032
3 47010 46980 46956
3 46903 46860 46848
3 46820 46813 46797
3 46793 46787 46777
3 46767 46754 46750
3 46736 46731 46720
3 46713 46699 46698
3 46696 46679 46666
3 46661 46651 46644
3 46627 46614 46603
3 46568 46539 46502
3 46491 46486 46472
3 46470 46446 46442
3 46429 46420 46418
3 46406 46351 46277
3 46254 46212 46206
3 46203 46157 46128
3 46125 46114 46105
3 46091 46081 46059
3 46044 46014 46002
3 45996 45987 45979
3 45946 45942 45900
3 45888 45877 45869
3 45868 45866 45826
3 45816 45811 45796
3 45791 45778 45738
3 45694 45680 45676
3 45673 45662 45638
3 45625 45608 45580
3 45569 45568 45491
3 45480 45469 45456
3 45438 45430 45429
3 45427 45413 45394
3 45391 45332 45314
3 45280 45267 45263
3 45245 45224 45218
3 45214 45208 45195
3 45188 45182 45171
3 45166 45149 45123
3 45114 45072 45069
3 45039 45005 44998
3 44985 44979 44970
3 44949 44944 44904
3 44855 44847 44844
3 44828 44778 44771
3 44760 44752 44751
3 44749 44704 44696
3 44692 44690 44686
3 44685 44665 44660
3 44638 44569 44564
3 44545 44484 44433
3 44432 44350 44343
3 44336 44325 44312
3 44306 44289 44284
3 44275 44268 44207
3 44203 44166 44137
3 44136 44099 44092
3 44036 44019 44008
3 43930 43908 43905
3 43870 43845 43843
3 43840 43791 43789
3 43756 43746 43709
3 43705 43697 43638
3 43625 43607 43605
3 43589 43576 43544
3 43528 43526 43485
3 43483 43482 43425
3 43401 43392 43390
3 43384 43373 43356
3 43355 43346 43332
3 43316 43296 43247
3 43245 43223 43203
3 43167 43166 43159
3 43153 43149 43137
3 43101 43088 43064
3 43020 42994 42992
3 42973 42948 42945
3 42935 42876 42875
3 42867 42865 42854
3 42833 42797 42788
3 42780 42774 42761
3 42756 42753 42750
3 42742 42724 42717
3 42676 42674 42651
3 42642 42623 42612
3 42598 42597 42570
3 42552 42503 42486
3 42480 42478 42475
3 42471 42464 42425
3 42409 42407 42331
3 42311 42309 42288
3 42283 42266 42249
3 42237 42228 42219
3 42218 42211 42209
3 42207 42189 42149
3 42145 42138 42105
3 42079 42066 42059
3 42048 42019 41998
3 41982 41981 41977
3 41964 41946 41929
3 41913 41901 41893
3 41888 41885 41855
3 41816 41813 41782
3 41737 41734 41733
3 41726 41722 41698
3 41686 41683 41664
3 41632 41624 41601
3 41593 41573 41569
3 41555 41522 41515
3 41505 41499 41482
3 41431 41426 41411
3 41406 41405 41372
3 41369 41341 41326
3 41210 41198 41177
3 41155 41148 41146
3 41134 41120 41081
3 41072 41053 41030
3 41029 40966 40931
3 40910 40906 40893
3 40891 40886 40847
3 40829 40824 40822
3 40814 40776 40768
3 40756 40747 40687
3 40663 40661 40643
3 40642 40637 40636
3 40614 40590 40582
3 40580 40520 40517
3 40516 40500 40493
3 40487 40483 40448
3 40423 40400 40397
3 40360 40341 40319
3 40283 40236 40214
3 40190 40170 40161
3 40158 40157 40150
3 40131 40072 40011
3 40000 39995 39992
3 39990 39963 39960
3 39912 39909 39897
3 39874 39794 39792
3 39786 39783 39719
3 39686 39685 39674
3 39668 39663 39655
3 39643 39642 39638
3 39552 39544 39528
3 39491 39438 39434
3 39406 39403 39381
3 39379 39375 39364
3 39357 39339 39336
3 39301 39296 39287
3 39278 39266 39245
3 39240 39228 39227
3 39191 39190 39186
3 39158 39129 39095
3 39093 39078 39053
3 39052 39009 39005
3 39000 38995 38981
3 38914 38908 38896
3 38856 38850 38849
3 38845 38834 38833
3 38832 38803 38795
3 38793 38784 38770
3 38728 38717 38711
3 38682 38672 38652
3 38644 38639 38630
3 38622 38608 38578
3 38577 38574 38544
3 38531 38482 38473
3 38465 38463 38440
3 38357 38353 38342
3 38312 38310 38295
3 38284 38283 38273
3 38261 38253 38248
3 38236 38229 38227
3 38223 38210 38196
3 38193 38192 38190
3 38177 38160 38063
3 38050 38031 38028
3 38024 38005 38004
3 37998 37946 37935
3 37927 37901 37892
3 37877 37839 37821
3 37765 37733 37725
3 37720 37696 37670
3 37658 37618 37604
3 37598 37581 37565
3 37553 37523 37503
3 37470 37461 37452
3 37450 37440 37417
3 37358 37329 37326
3 37320 37316 37263
3 37251 37223 37196
3 37160 37138 37134
3 37100 37072 37068
3 37059 37058 37052
3 37032 36935 36911
3 36902 36831 36803
3 36796 36773 36747
3 36734 36623 36613
3 36604 36601 36588
3 36584 36576 36575
3 36539 36525 36515
3 36447 36407 36393
3 36341 36340 36334
3 36325 36317 36312
3 36274 36264 36232
3 36222 36217 36215
3 36195 36184 36180
3 36179 36168 36155
3 36132 36127 36119
3 36082 36073 36049
3 36042 36041 36030
3 36024 36022 36012
3 35993 35989 35922
3 35910 35905 35890
3 35881 35862 35859
3 35826 35799 35768
3 35754 35750 35730
3 35728 35719 35692
3 35688 35676 35656
3 35650 35641 35638
3 35634 35618 35574
3 35570 35560 35519
3 35469 35464 35460
3 35443 35440 35432
3 35429 35416 35406
3 35382 35361 35359
3 35355 35352 35322
3 35317 35313 35311
3 35260 35210 35207
3 35203 35194 35184
3 35158 35156 35149
3 35114 35096 35091
3 35071 35055 35041
3 35030 34990 34969
3 34960 34913 34896
3 34881 34876 34875
3 34850 34826 34817
3 34753 34741 34730
3 34723 34696 34695
3 34691 34671 34670
3 34669 34662 34653
3 34628 34610 34605
3 34571 34562 34556
3 34533 34513 34507
3 34506 34477 34473
3 34456 34448 34445
3 34430 34428 34420
3 34416 34394 34374
3 34370 34366 34361
3 34334 34331 34321
3 34296 34282 34278
3 34265 34254 34209
3 34193 34186 34157
3 34154 34140 34138
3 34125 34114 34098
3 34090 34076 34042
3 34035 34023 34001
3 33999 33959 33955
3 33947 33937 33906
3 33899 33898 33852
3 33821 33818 33815
3 33747 33745 33738
3 33736 33731 33715
3 33691 33688 33681
3 33672 33664 33648
3 33620 33602 33589
3 33569 33539 33530
3 33527 33526 33500
3 33422 33414 33409
3 33407 33405 33365
3 33363 33351 33343
3 33300 33288 33259
3 33257 33236 33232
3 33183 33178 33136
3 33133 33125 33082
3 33080 33054 33042
3 33041 33020 32988
3 32972 32961 32958
3 32937 32922 32913
3 32901 32859 32856
3 32835 32812 32765
3 32747 32743 32741
3 32711 32709 32697
3 32671 32646 32602
3 32546 32522 32508
3 32506 32494 32481
3 32476 32475 32465
3 32464 32411 32402
3 32387 32371 32364
3 32350 32330 32315
3 32303 32295 32283
3 32277 32263 32256
3 32230 32212 32199
3 32190 32178 32115
3 32071 32047 32044
3 32038 31996 31967
3 31961 31919 31916
3 31909 31896 31879
3 31875 31861 31848
3 31785 31760 31741
3 31715 31708 31701
3 31635 31629 31616
3 31611 31594 31592
3 31585 31582 31555
3 31553 31500 31487
3 31466 31455 31454
3 31444 31442 31434
3 31416 31412 31407
3 31404 31403 31393
3 31387 31377 31355
3 31343 31332 31293
3 31289 31275 31273
3 31255 31238 31236
3 31226 31220 31198
3 31193 31186 31182
3 31180 31162 31152
3 31123 31122 31116
3 31115 31114 31067
3 31057 31042 31001
3 30997 30994 30992
3 30979 30976 30972
3 30911 30908 30899
3 30864 30859 30845
3 30838 30822 30818
3 30817 30797 30779
3 30751 30740 30729
3 30720 30690 30689
3 30685 30654 30619
3 30616 30535 30534
3 30529 30500 30492
3 30480 30436 30435
3 30434 30429 30406
3 30401 30383 30381
3 30375 30366 30357
3 30332 30312 30249
3 30195 30193 30176
3 30155 30148 30134
3 30130 30129 30104
3 30093 30078 30077
3 30076 30056 30054
3 30026 30010 30003
3 29990 29989 29988
3 29976 29966 29941
3 29922 29895 29872
3 29868 29857 29832
3 29814 29761 29703
3 29682 29678 29664
3 29582 29579 29554
3 29536 29515 29512
3 29490 29481 29474
3 29432 29397 29388
3 29364 29352 29338
3 29334 29325 29314
3 29300 29270 29265
3 29241 29233 29232
3 29226 29218 29208
3 29200 29181 29168
3 29165 29162 29159
3 29147 29138 29131
3 29113 29109 29011
3 29000 28989 28981
3 28976 28972 28970
3 28969 28966 28960
3 28952 28925 28894
3 28873 28869 28867
3 28861 28858 28839
3 28812 28806 28788
3 28776 28775 28762
3 28756 28743 28735
3 28720 28700 28699
3 28695 28669 28665
3 28645 28630 28622
3 28621 28613 28587
3 28581 28506 28501
3 28463 28462 28443
3 28378 28377 28376
3 28343 28336 28332
3 28327 28323 28271
3 28265 28261 28259
3 28248 28230 28227
3 28226 28209 28189
3 28186 28177 28155
3 28154 28099 28076
3 28070 28049 28048
3 28039 28032 28022
3 27976 27958 27953
3 27943 27942 27922
3 27918 27905 27878
3 27874 27869 27857
3 27852 27838 27789
3 27783 27773 27758
3 27742 27713 27659
3 27656 27650 27611
3 27599 27576 27570
3 27563 27543 27518
3 27509 27490 27489
3 27468 27459 27456
3 27455 27433 27416
3 27404 27392 27359
3 27346 27307 27305
3 27280 27267 27262
3 27248 27246 27244
3 27237 27211 27192
3 27144 27127 27126
3 27118 27106 27100
3 27096 27068 27060
3 27053 27047 27046
3 27042 27027 27024
3 26965 26953 26919
3 26906 26858 26806
3 26803 26776 26757
3 26750 26724 26716
3 26705 26697 26674
3 26665 26661 26628
3 26620 26596 26594
3 26591 26571 26568
3 26567 26552 26525
3 26508 26500 26483
3 26480 26479 26443
3 26439 26424 26421
3 26409 26395 26390
3 26387 26380 26360
3 26352 26349 26348
3 26344 26340 26330
3 26310 26307 26302
3 26294 26291 26279
3 26277 26240 26231
3 26230 26216 26181
3 26161 26159 26151
3 26150 26046 26045
3 26008 26005 25968
3 25938 25921 25890
3 25867 25855 25823
3 25796 25770 25766
3 25758 25742 25732
3 25710 25676 25640
3 25631 25614 25611
3 25605 25564 25559
3 25536 25530 25513
3 25494 25491 25482
3 25471 25467 25457
3 25454 25426 25416
3 25377 25376 25365
3 25364 25349 25344
3 25335 25326 25291
3 25286 25278 25272
3 25239 25224 25206
3 25172 25171 25168
3 25146 25115 25113
3 25066 25062 25059
3 25053 25051 25041
3 25034 24990 24900
3 24890 24884 24882
3 24871 24857 24807
3 24804 24787 24768
3 24761 24746 24738
3 24737 24670 24661
3 24607 24591 24573
3 24564 24557 24536
3 24527 24524 24523
3 24521 24515 24513
3 24504 24462 24450
3 24447 24445 24403
3 24396 24371 24357
3 24345 24333 24328
3 24317 24298 24269
3 24256 24217 24213
3 24172 24145 24144
3 24142 24115 24103
3 24102 24086 24082
3 24078 24070 24060
3 24041 24037 24027
3 24012 24001 23976
3 23966 23964 23958
3 23945 23916 23910
3 23886 23873 23852
3 23844 23843 23827
3 23804 23783 23775
3 23768 23760 23752
3 23743 23716 23715
3 23689 23660 23649
3 23629 23592 23582
3 23577 23574 23572
3 23563 23553 23549
3 23527 23521 23499
3 23483 23482 23472
3 23445 23443 23417
3 23400 23383 23380
3 23361 23334 23331
3 23329 23318 23300
3 23286 23282 23277
3 23202 23201 23189
3 23181 23172 23170
3 23165 23082 23075
3 23050 23048 23031
3 23023 22995 22983
3 22982 22975 22966
3 22963 22938 22930
3 22916 22890 22879
3 22878 22860 22850
3 22843 22827 22816
3 22810 22807 22796
3 22760 22751 22750
3 22749 22745 22709
3 22661 22657 22645
3 22641 22630 22626
3 22611 22594 22586
3 22577 22567 22524
3 22523 22475 22468
3 22467 22460 22459
3 22447 22444 22441
3 22435 22381 22371
3 22366 22357 22329
3 22275 22272 22259
3 22172 22170 22111
3 22098 22093 22087
3 22078 22061 22051
3 22035 22032 22012
3 21987 21980 21970
3 21956 21938 21924
3 21902 21886 21876
3 21872 21870 21864
3 21850 21821 21782
3 21763 21747 21742
3 21707 21682 21646
3 21626 21571 21560
3 21554 21542 21530
3 21525 21473 21456
3 21433 21399 21397
3 21382 21375 21354
3 21337 21322 21319
3 21293 21285 21228
3 21213 21189 21179
3 21118 21057 21049
3 21042 21039 21029
3 20991 20962 20939
3 20923 20900 20897
3 20895 20883 20875
3 20864 20862 20856
3 20806 20772 20753
3 20752 20740 20735
3 20720 20716 20679
3 20656 20640 20630
3 20626 20625 20611
3 20601 20579 20545
3 20510 20489 20488
3 20487 20465 20457
3 20454 20448 20438
3 20396 20394 20366
3 20362 20360 20354
3 20347 20333 20307
3 20305 20288 20233
3 20232 20210 20175
3 20126 20124 20097
3 20094 20093 20086
3 20081 19999 19990
3 19943 19921 19918
3 19912 19901 19881
3 19868 19865 19864
3 19863 19778 19768
3 19762 19736 19731
3 19727 19715 19707
3 19703 19600 19597
3 19571 19564 19556
3 19488 19439 19437
3 19386 19368 19358
3 19352 19351 19343
3 19319 19312 19309
3 19288 19264 19238
3 19234 19231 19209
3 19173 19163 19154
3 19149 19113 19108
3 19098 19097 19094
3 19064 19055 19046
3 19045 19037 18943
3 18918 18897 18894
3 18891 18872 18870
3 18848 18841 18833
3 18826 18825 18820
3 18806 18783 18782
3 18781 18776 18771
3 18759 18735 18728
3 18724 18721 18697
3 18693 18665 18654
3 18642 18636 18632
3 18625 18624 18622
3 18578 18571 18559
3 18548 18531 18529
3 18521 18518 18483
3 18473 18470 18456
3 18423 18416 18401
3 18396 18390 18387
3 18374 18363 18326
3 18307 18298 18289
3 18286 18275 18254
3 18239 18238 18233
3 18220 18214 18213
3 18142 18124 18111
3 18105 18089 18086
3 18067 18063 18042
3 18025 18018 18013
3 18004 18003 18001
3 17958 17914 17897
3 17895 17892 17878
3 17873 17869 17835
3 17784 17746 17731
3 17693 17678 17668
3 17634 17620 17618
3 17600 17597 17535
3 17510 17500 17427
3 17420 17381 17343
3 17336 17329 17326
3 17313 17304 17289
3 17287 17286 17265
3 17262 17250 17212
3 17205 17188 17176
3 17139 17122 17116
3 17048 17038 17028
3 17008 17007 16980
3 16947 16943 16932
3 16889 16870 16868
3 16848 16841 16840
3 16823 16813 16810
3 16788 16774 16724
3 16717 16686 16609
3 16582 16577 16567
3 16553 16541 16539
3 16523 16516 16512
3 16496 16488 16484
3 16439 16434 16420
3 16408 16398 16354
3 16353 16345 16334
3 16256 16251 16238
3 16226 16211 16204
3 16184 16179 16168
3 16154 16153 16120
3 16118 16099 16097
3 16089 16063 16049
3 15999 15996 15992
3 15953 15933 15932
3 15915 15905 15903
3 15901 15896 15851
3 15842 15840 15814
3 15809 15800 15777
3 15774 15746 15743
3 15731 15727 15718
3 15716 15708 15707
3 15664 15632 15624
3 15618 15614 15568
3 15565 15557 15542
3 15503 15498 15487
3 15471 15423 15413
3 15345 15317 15312
3 15271 15267 15214
3 15205 15138 15123
3 15118 15071 15069
3 15003 14992 14978
3 14977 14971 14963
3 14959 14934 14933
3 14900 14891 14844
3 14840 14834 14830
3 14827 14808 14784
3 14776 14770 14694
3 14688 14682 14638
3 14611 14594 14593
3 14589 14570 14542
3 14540 14530 14526
3 14490 14488 14463
3 14450 14422 14407
3 14367 14342 14341
3 14325 14321 14310
3 14303 14260 14230
3 14222 14198 14144
3 14119 14097 14072
3 14070 14031 14002
3 13970 13946 13902
3 13898 13885 13868
3 13866 13856 13833
3 13809 13793 13780
3 13773 13759 13739
3 13725 13712 13699
3 13689 13679 13674
3 13662 13646 13634
3 13574 13560 13528
3 13515 13510 13509
3 13494 13487 13468
3 13465 13414 13398
3 13389 13383 13329
3 13320 13310 13283
3 13265 13245 13219
3 13212 13206 13204
3 13196 13194 13182
3 13129 13123 13115
3 13114 13101 13090
3 13066 13063 13058
3 13055 13054 13028
3 13026 13020 13015
3 13008 12982 12969
3 12943 12928 12921
3 12916 12914 12891
3 12888 12887 12883
3 12867 12828 12805
3 12755 12712 12647
3 12637 12618 12614
3 12602 12584 12568
3 12495 12462 12445
3 12416 12415 12397
3 12395 12385 12377
3 12357 12344 12314
3 12303 12294 12243
3 12231 12211 12183
3 12160 12148 12143
3 12134 12074 12071
3 12053 12049 12041
3 12015 12004 12001
3 11988 11981 11976
3 11971 11943 11936
3 11927 11916 11894
3 11879 11876 11827
3 11816 11774 11734
3 11691 11685 11681
3 11680 11668 11659
3 11647 11619 11584
3 11578 11572 11567
3 11495 11480 11449
3 11445 11417 11412
3 11404 11376 11367
3 11356 11311 11307
3 11239 11232 11208
3 11192 11190 11179
3 11162 11160 11145
3 11141 11137 11132
3 11113 11111 11071
3 11068 11066 11065
3 11057 11049 11035
3 11025 11016 10971
3 10939 10905 10899
3 10894 10885 10837
3 10836 10830 10744
3 10713 10660 10615
3 10614 10574 10573
3 10572 10550 10533
3 10482 10479 10459
3 10414 10412 10411
3 10408 10391 10368
3 10346 10344 10341
3 10336 10273 10263
3 10251 10217 10194
3 10173 10156 10150
3 10114 10105 10097
3 10053 10020 9982
3 9976 9965 9939
3 9938 9900 9890
3 9884 9860 9850
3 9810 9798 9786
3 9782 9772 9767
3 9764 9753 9732
3 9723 9696 9686
3 9679 9664 9654
3 9653 9627 9612
3 9582 9574 9570
3 9553 9538 9509
3 9498 9449 9448
3 9439 9411 9406
3 9377 9371 9362
3 9350 9339 9319
3 9283 9255 9244
3 9222 9204 9183
3 9181 9175 9164
3 9158 9142 9115
3 9102 9079 9073
3 9072 9071 9064
3 9061 9059 9049
3 9037 9028 9005
3 8981 8953 8948
3 8926 8923 8918
3 8895 8852 8847
3 8845 8833 8821
3 8786 8766 8763
3 8760 8745 8742
3 8701 8698 8676
3 8644 8631 8623
3 8596 8543 8510
3 8504 8484 8473
3 8468 8461 8443
3 8437 8427 8419
3 8353 8306 8304
3 8297 8295 8280
3 8273 8243 8236
3 8156 8134 8133
3 8129 8125 8121
3 8106 8079 8078
3 8071 8065 8056
3 8050 8009 8000
3 7991 7989 7984
3 7981 7979 7978
3 7956 7929 7928
3 7911 7894 7851
3 7846 7800 7788
3 7763 7757 7727
3 7726 7689 7683
3 7680 7676 7648
3 7592 7588 7544
3 7537 7536 7510
3 7508 7504 7497
3 7483 7471 7437
3 7402 7387 7384
3 7377 7364 7355
3 7343 7332 7324
3 7323 7301 7254
3 7240 7237 7199
3 7185 7177 7160
3 7151 7148 7109
3 7096 7084 7077
3 7075 7074 7073
3 7044 7023 6999
3 6978 6936 6911
3 6901 6890 6872
3 6862 6854 6834
3 6833 6811 6787
3 6784 6755 6749
3 6740 6732 6729
3 6719 6691 6686
3 6680 6679 6632
3 6629 6619 6604
3 6601 6578 6561
3 6557 6546 6528
3 6527 6507 6506
3 6489 6486 6483
3 6442 6421 6398
3 6310 6298 6289
3 6273 6269 6227
3 6218 6190 6162
3 6158 6147 6140
3 6122 6107 6083
3 6041 6035 6025
3 6015 5986 5979
3 5964 5954 5948
3 5941 5940 5919
3 5902 5871 5865
3 5836 5825 5796
3 5753 5742 5717
3 5715 5662 5598
3 5593 5591 5588
3 5567 5550 5540
3 5501 5471 5464
3 5444 5434 5409
3 5399 5384 5335
3 5330 5312 5303
3 5287 5285 5284
3 5180 5167 5151
3 5146 5139 5093
3 5079 5078 5073
3 5071 5070 5037
3 5035 5032 5029
3 4999 4983 4975
3 4959 4939 4930
3 4907 4903 4892
3 4890 4872 4871
3 4862 4856 4844
3 4802 4768 4766
3 4742 4703 4695
3 4692 4678 4632
3 4620 4609 4595
3 4587 4530 4508
3 4487 4442 4439
3 4437 4404 4394
3 4374 4372 4371
3 4346 4320 4319
3 4296 4269 4257
3 4246 4232 4223
3 4207 4181 4177
3 4175 4158 4146
3 4091 4048 4035
3 4015 3996 3982
3 3974 3969 3967
3 3959 3949 3946
3 3929 3921 3917
3 3915 3910 3905
3 3885 3867 3853
3 3850 3800 3779
3 3758 3750 3742
3 3734 3712 3711
3 3704 3691 3657
3 3630 3614 3594
3 3582 3576 3564
3 3546 3542 3540
3 3537 3531 3506
3 3474 3464 3457
3 3434 3422 3402
3 3399 3396 3373
3 3372 3369 3363
3 3357 3306 3209
3 3207 3182 3177
3 3162 3140 3134
3 3129 3114 3112
3 3111 3093 3079
3 3070 3063 3028
3 3019 3018 3005
3 3002 2995 2970
3 2966 2947 2944
3 2941 2940 2926
3 2916 2887 2851
3 2845 2832 2828
3 2816 2813 2799
3 2787 2786 2714
3 2691 2685 2661
3 2644 2640 2635
3 2632 2624 2613
3 2612 2599 2565
3 2554 2534 2519
3 2505 2497 2494
3 2477 2467 2459
3 2458 2446 2436
3 2412 2401 2372
3 2369 2364 2354
3 2353 2342 2340
3 2308 2295 2281
3 2267 2255 2253
3 2250 2247 2242
3 2225 2204 2199
3 2190 2153 2150
3 2144 2099 2089
3 2080 2069 2062
3 2051 2031 2008
3 1996 1982 1981
3 1980 1961 1958
3 1931 1896 1845
3 1844 1781 1775
3 1741 1725 1719
3 1717 1715 1707
3 1706 1680 1651
3 1648 1646 1645
3 1644 1610 1606
3 1579 1568 1553
3 1548 1509 1482
3 1462 1456 1449
3 1448 1443 1412
3 1407 1406 1384
3 1378 1342 1330
3 1329 1319 1300
3 1288 1280 1278
3 1235 1220 1217
3 1210 1160 1135
3 1118 1065 1036
3 991 988 982
3 975 974 967
3 959 912 905
3 904 870 838
3 823 820 816
3 812 783 780
3 748 717 716
3 712 686 648
3 634 633 615
3 610 522 509
3 507 494 491
3 481 479 465
3 434 430 429
3 428 421 409
3 408 405 401
3 398 393 392
3 340 338 250
3 248 240 178
3 170 151 142
3 139 109 98
3 90 76 38
3 37 20 99985
3 99981 99966 99926
3 99921 99916 99914
3 99912 99908 99907
3 99899 99877 99868
3 99864 99863 99847
3 99831 99828 99815
3 99789 99779 99743
3 99736 99724 99719
3 99698 99681 99673
3 99672 99669 99640
3 99627 99606 99604
3 99571 99556 99555
3 99547 99498 99485
3 99481 99472 99453
3 99440 99435 99410
3 99399 99388 99380
3 99377 99375 99356
3 99336 99333 99309
3 99253 99231 99196
3 99186 99185 99183
3 99172 99157 99154
3 99105 99089 99067
3 99061 99057 99055
3 99044 99033 99002
3 98985 98970 98951
3 98950 98936 98935
3 98931 98903 98897
3 98873 98857 98851
3 98845 98832 98824
3 98822 98820 98809
3 98790 98776 98752
3 98747 98733 98731
3 98716 98700 98679
3 98655 98630 98605
3 98586 98557 98553
3 98549 98547 98537
3 98526 98521 98483
3 98477 98474 98472
3 98426 98400 98384
3 98379 98359 98343
3 98339 98336 98334
3 98332 98319 98318
3 98315 98311 98309
3 98274 98249 98245
3 98239 98229 98227
3 98220 98152 98148
3 98142 98134 98115
3 98096 98065 98059
3 98049 98047 98044
3 98040 98032 97987
3 97983 97982 97964
3 97942 97936 97932
3 97925 97918 97907
3 97898 97895 97868
3 97858 97853 97836
3 97827 97822 97809
3 97807 97786 97775
3 97740 97737 97733
3 97728 97724 97723
3 97695 97690 97676
3 97661 97650 97588
3 97585 97581 97566
3 97552 97550 97527
3 97507 97506 97474
3 97460 97441 97429
3 97381 97370 97354
3 97344 97339 97331
3 97330 97317 97307
3 97305 97303 97293
3 97274 97260 97253
3 97249 97242 97232
3 97231 97225 97179
3 97169 97130 97121
3 97107 97105 97092
3 97083 97062 97032
3 97005 96976 96975
3 96965 96956 96947
3 96940 96922 96887
3 96840 96831 96826
3 96821 96818 96793
3 96792 96781 96778
3 96770 96666 96662
3 96660 96639 96604
3 96571 96569 96552
3 96528 96513 96499
3 96487 96460 96454
3 96453 96448 96438
3 96422 96416 96400
3 96381 96370 96364
3 96334 96326 96325
3 96324 96306 96301
3 96277 96250 96241
3 96239 96234 96228
3 96216 96204 96199
3 96177 96160 96150
3 96144 96139 96136
3 96117 96106 96089
3 96085 96042 96034
3 96023 96020 96003
3 95995 95989 95979
3 95974 95971 95957
3 95955 95919 95915
3 95914 95900 95883
3 95877 95869 95849
3 95844 95841 95833
3 95793 95765 95757
3 95747 95745 95708
3 95704 95687 95652
3 95632 95630 95625
3 95617 95614 95569
3 95558 95551 95550
3 95539 95524 95522
3 95506 95440 95410
3 95408 95406 95402
3 95394 95371 95324
3 95321 95317 95314
3 95307 95304 95297
3 95294 95271 95254
3 95210 95195 95184
3 95182 95149 95144
3 95112 95103 95098
3 95093 95080 95054
3 95049 95047 95043
3 95032 94998 94988
3 94987 94933 94916
3 94896 94893 94874
3 94780 94768 94719
3 94706 94672 94669
3 94666 94665 94625
3 94623 94595 94583
3 94542 94528 94515
3 94500 94487 94484
3 94481 94470 94461
3 94459 94458 94453
3 94436 94422 94412
3 94406 94404 94358
3 94351 94341 94336
3 94318 94310 94301
3 94277 94274 94251
3 94229 94222 94221
3 94214 94172 94129
3 94115 94105 94098
3 94052 94027 94019
3 94009 94002 93993
3 93982 93972 93967
3 93960 93958 93946
3 93935 93922 93919
3 93915 93907 93904
3 93895 93885 93883
3 93882 93862 93861
3 93832 93819 93797
3 93793 93790 93778
3 93764 93727 93726
3 93720 93713 93709
3 93674 93665 93610
3 93605 93600 93583
3 93581 93572 93540
3 93510 93489 93488
3 93468 93446 93428
3 93427 93421 93418
3 93417 93385 93379
3 93353 93351 93332
3 93322 93311 93301
3 93279 93276 93274
3 93246 93244 93232
3 93227 93226 93221
3 93197 93193 93122
3 93112 93094 93088
3 93063 93060 93047
3 93044 93043 93030
3 93014 93009 92982
3 92972 92966 92964
3 92957 92952 92946
3 92945 92922 92912
3 92906 92897 92896
3 92878 92877 92874
3 92872 92871 92866
3 92859 92857 92835
3 92832 92824 92810
3 92809 92797 92794
3 92787 92764 92737
3 92703 92653 92650
3 92644 92642 92640
3 92622 92602 92600
3 92567 92556 92497
3 92494 92486 92475
3 92471 92469 92459
3 92449 92398 92392
3 92377 92367 92359
3 92340 92324 92320
3 92317 92305 92300
3 92265 92261 92249
3 92242 92223 92222
3 92220 92214 92193
3 92184 92143 92122
3 92106 92096 92085
3 92080 92070 92068
3 92064 92050 92031
3 91999 91985 91974
3 91947 91933 91912
3 91893 91855 91842
3 91823 91820 91781
3 91777 91773 91771
3 91755 91752 91748
3 91744 91719 91699
3 91680 91677 91671
3 91658 91652 91651
3 91649 91645 91640
3 91639 91625 91608
3 91607 91590 91575
3 91558 91554 91530
3 91516 91510 91502
3 91491 91487 91476
3 91472 91459 91458
3 91455 91454 91445
3 91444 91441 91438
3 91426 91393 91381
3 91359 91344 91342
3 91334 91333 91293
3 91287 91283 91261
3 91238 91224 91222
3 91209 91204 91201
3 91200 91197 91190
3 91176 91171 91160
3 91154 91137 91133
3 91126 91110 91094
3 91091 91055 91050
3 91046 91036 91034
3 91029 91024 91014
3 91008 91006 90979
3 90959 90939 90920
3 90919 90914 90905
3 90901 90865 90855
3 90831 90830 90813
3 90812 90786 90767
3 90748 90734 90731
3 90727 90717 90716
3 90715 90705 90693
3 90681 90674 90628
3 90604 90596 90590
3 90587 90585 90576
3 90567 90534 90519
3 90504 90496 90494
3 90493 90488 90472
3 90465 90463 90449
3 90415 90369 90361
3 90326 90323 90296
3 90269 90264 90249
3 90215 90187 90164
3 90122 90098 90086
3 90080 90077 90069
3 90035 90030 90026
3 90020 90017 90016
3 90013 90009 90008
3 89989 89970 89958
3 89949 89929 89928
3 89919 89917 89915
3 89907 89903 89902
3 89900 89890 89889
3 89883 89881 89877
3 89867 89864 89854
3 89833 89816 89790
3 89778 89732 89699
3 89698 89696 89683
3 89676 89665 89650
3 89644 89638 89619
3 89610 89598 89563
3 89558 89549 89526
3 89523 89512 89501
3 89495 89484 89470
3 89403 89386 89328
3 89311 89292 89282
3 89277 89260 89243
3 89229 89200 89198
3 89196 89180 89161
3 89159 89148 89113
3 89085 89079 89077
3 89066 89063 89059
3 89044 89038 89035
3 89029 89014 89004
3 89002 88992 88990
3 88987 88986 88959
3 88958 88925 88911
3 88900 88894 88884
3 88866 88859 88853
3 88817 88802 88746
3 88710 88683 88680
3 88671 88659 88627
3 88622 88613 88593
3 88577 88550 88549
3 88540 88526 88517
3 88516 88498 88496
3 88433 88413 88412
3 88371 88365 88344
3 88337 88309 88298
3 88286 88280 88242
3 88240 88222 88215
3 88204 88160 88151
3 88130 88117 88114
3 88105 88103 88100
3 88091 88085 88074
3 88070 88041 88029
3 88018 87999 87991
3 87984 87929 87916
3 87913 87902 87901
3 87891 87887 87884
3 87842 87840 87827
3 87826 87813 87811
3 87778 87753 87746
3 87722 87711 87705
3 87702 87690 87682
3 87681 87663 87641
3 87616 87574 87569
3 87550 87547 87537
3 87518 87510 87496
3 87487 87485 87465
3 87460 87446 87431
3 87397 87396 87379
3 87358 87346 87343
3 87330 87324 87322
3 87318 87315 87300
3 87293 87291 87285
3 87284 87262 87261
3 87253 87247 87231
3 87225 87213 87199
3 87196 87189 87164
3 87158 87137 87121
3 87112 87109 87080
3 87069 87063 87058
3 87043 87028 87024
3 87021 87018 87015
3 86976 86936 86921
3 86903 86884 86883
3 86871 86856 86850
3 86837 86835 86831
3 86824 86813 86794
3 86792 86789 86786
3 86771 86758 86749
3 86714 86712 86708
3 86697 86668 86660
3 86608 86587 86585
3 86581 86571 86563
3 86562 86554 86547
3 86537 86526 86513
3 86502 86491 86476
3 86466 86456 86452
3 86449 86447 86440
3 86435 86434 86424
3 86419 86402 86390
3 86380 86379 86353
3 86326 86302 86301
3 86293 86287 86277
3 86257 86246 86234
3 86225 86206 86204
3 86196 86178 86154
3 86143 86135 86129
3 86127 86116 86104
3 86096 86092 86076
3 86064 86050 86046
3 86028 86015 86005
3 86000 85993 85991
3 85949 85937 85934
3 85923 85913 85901
3 85871 85850 85840
3 85838 85809 85803
3 85783 85774 85755
3 85722 85721 85715
3 85703 85697 85685
3 85676 85640 85629
3 85628 85624 85617
3 85603 85593 85589
3 85572 85568 85564
3 85561 85559 85547
3 85535 85529 85514
3 85506 85488 85485
3 85466 85442 85438
3 85416 85362 85359
3 85334 85330 85327
3 85322 85318 85308
3 85290 85283 85254
3 85234 85227 85213
3 85195 85191 85186
3 85175 85144 85138
3 85134 85127 85115
3 85111 85088 85071
3 85056 85044 85007
3 85006 85000 84997
3 84996 84994 84972
3 84939 84934 84932
3 84929 84912 84906
3 84877 84871 84860
3 84833 84830 84828
3 84812 84808 84807
3 84789 84785 84777
3 84769 84764 84752
3 84728 84690 84686
3 84682 84679 84669
3 84656 84655 84652
3 84640 84632 84623
3 84605 84598 84586
3 84566 84563 84560
3 84558 84556 84553
3 84530 84526 84519
3 84502 84501 84495
3 84466 84445 84425
3 84327 84296 84293
3 84282 84272 84235
3 84212 84186 84177
3 84169 84168 84151
3 84140 84130 84077
3 84058 84034 84032
3 84021 84017 84015
3 84003 83964 83946
3 83938 83931 83922
3 83910 83882 83881
3 83857 83844 83841
3 83828 83826 83824
3 83810 83803 83768
3 83749 83745 83732
3 83709 83704 83702
3 83690 83688 83685
3 83663 83661 83658
3 83653 83618 83616
3 83588 83570 83569
3 83554 83545 83541
3 83525 83505 83482
3 83477 83462 83454
3 83451 83431 83413
3 83412 83384 83373
3 83368 83366 83357
3 83338 83336 83280
3 83269 83266 83248
3 83240 83236 83233
3 83228 83205 83203
3 83199 83196 83190
3 83180 83179 83174
3 83167 83148 83136
3 83128 83120 83100
3 83092 83089 83084
3 83083 83064 83038
3 83003 82949 82907
3 82897 82890 82886
3 82883 82878 82876
3 82872 82867 82842
3 82823 82817 82811
3 82802 82793 82750
3 82749 82740 82725
3 82717 82695 82692
3 82680 82654 82653
3 82644 82638 82634
3 82629 82604 82603
3 82581 82561 82543
3 82530 82518 82477
3 82465 82460 82452
3 82450 82442 82428
3 82371 82363 82350
3 82348 82335 82328
3 82304 82254 82247
3 82245 82242 82236
3 82229 82217 82213
3 82190 82173 82163
3 82161 82159 82158
3 82145 82131 82129
3 82126 82088 82085
3 82077 82049 82045
3 82035 82026 82017
3 81999 81994 81987
3 81976 81970 81949
3 81947 81931 81899
3 81892 81877 81861
3 81858 81845 81813
3 81799 81754 81753
3 81737 81734 81704
3 81673 81665 81660
3 81655 81653 81647
3 81632 81631 81607
3 81605 81590 81588
3 81581 81558 81549
3 81533 81526 81525
3 81524 81521 81508
3 81504 81498 81472
3 81466 81465 81449
3 81444 81440 81438
3 81430 81406 81397
3 81380 81367 81365
3 81345 81329 81328
3 81325 81315 81314
3 81297 81289 81261
3 81244 81243 81203
3 81174 81160 81151
3 81149 81145 81137
3 81118 81116 81061
3 81059 81052 81049
3 81042 81041 81029
3 81015 81012 81011
3 81009 80999 80944
3 80932 80919 80911
3 80906 80898 80894
3 80890 80888 80866
3 80860 80855 80850
3 80848 80833 80824
3 80805 80788 80779
3 80775 80750 80744
3 80733 80709 80698
3 80695 80684 80667
3 80638 80615 80606
3 80599 80556 80555
3 80537 80515 80508
3 80501 80498 80487
3 80473 80469 80432
3 80428 80420 80411
3 80406 80383 80382
3 80351 80320 80294
3 80292 80270 80258
3 80255 80251 80249
3 80228 80226 80224
3 80193 80187 80173
3 80166 80163 80139
3 80121 80105 80099
3 80095 80083 80082
3 80059 80057 80044
3 80040 80014 80009
3 80001 79962 79950
3 79943 79930 79927
3 79916 79876 79865
3 79857 79843 79831
3 79793 79773 79743
3 79742 79735 79733
3 79732 79730 79723
3 79682 79675 79664
3 79657 79650 79649
3 79645 79604 79587
3 79545 79538 79536
3 79534 79509 79488
3 79487 79362 79356
3 79341 79336 79333
3 79311 79291 79288
3 79271 79262 79207
3 79204 79196 79136
3 79107 79100 79084
3 79050 79025 78991
3 78943 78929 78918
3 78908 78893 78885
3 78877 78866 78863
3 78847 78845 78840
3 78832 78818 78816
3 78813 78800 78787
3 78784 78771 78758
3 78755 78726 78723
3 78717 78712 78710
3 78704 78687 78683
3 78678 78675 78637
3 78634 78629 78626
3 78622 78618 78611
3 78606 78582 78579
3 78575 78561 78547
3 78538 78501 78498
3 78488 78484 78478
3 78473 78467 78446
3 78438 78427 78419
3 78391 78368 78363
3 78362 78359 78326
3 78298 78286 78264
3 78251 78248 78226
3 78220 78212 78200
3 78188 78179 78177
3 78150 78118 78091
3 78063 78055 78052
3 78050 78046 78035
3 78031 78027 78012
3 77964 77946 77910
3 77893 77866 77851
3 77826 77820 77819
3 77806 77804 77801
3 77795 77731 77730
3 77721 77719 77717
3 77696 77680 77673
3 77672 77668 77635
3 77629 77611 77581
3 77535 77526 77486
3 77484 77478 77465
3 77423 77412 77411
3 77409 77403 77396
3 77372 77351 77315
3 77289 77276 77273
3 77260 77199 77192
3 77188 77164 77156
3 77122 77088 77084
3 77022 77011 77010
3 77005 76999 76973
3 76966 76965 76950
3 76945 76936 76919
3 76904 76876 76844
3 76830 76810 76785
3 76780 76769 76765
3 76750 76747 76745
3 76736 76691 76657
3 76649 76643 76632
3 76628 76626 76607
3 76606 76604 76590
3 76564 76562 76541
3 76536 76528 76508
3 76507 76494 76483
3 76481 76451 76446
3 76442 76431 76428
3 76409 76403 76371
3 76357 76352 76344
3 76319 76314 76297
3 76283 76264 76258
3 76233 76230 76201
3 76196 76194 76187
3 76174 76167 76156
3 76154 76110 76090
3 76083 76067 76044
3 76037 76036 76028
3 76015 75994 75973
3 75966 75957 75955
3 75935 75926 75882
3 75876 75874 75873
3 75861 75851 75818
3 75817 75807 75723
3 75709 75707 75701
3 75670 75649 75601
3 75589 75587 75582
3 75577 75561 75551
3 75550 75535 75504
3 75497 75493 75488
3 75486 75477 75468
3 75451 75444 75433
3 75420 75419 75415
3 75406 75389 75387
3 75385 75375 75374
3 75370 75351 75320
3 75309 75297 75281
3 75276 75261 75255
3 75249 75227 75224
3 75222 75211 75209
3 75207 75185 75177
3 75165 75162 75145
3 75117 75110 75108
3 75091 75073 75059
3 75037 75035 75025
3 75022 74997 74984
3 74976 74959 74941
3 74931 74929 74924
3 74913 74894 74874
3 74827 74825 74777
3 74772 74753 74739
3 74732 74703 74698
3 74693 74690 74688
3 74660 74644 74607
3 74571 74525 74510
3 74496 74491 74484
3 74456 74454 74424
3 74414 74388 74386
3 74376 74369 74337
3 74336 74320 74296
3 74292 74281 74275
3 74272 74260 74242
3 74240 74230 74228
3 74222 74208 74205
3 74196 74180 74178
3 74171 74167 74159
3 74108 74099 74096
3 74086 74080 74076
3 74056 74026 74005
3 73992 73973 73965
3 73956 73936 73926
3 73901 73892 73884
3 73870 73807 73805
3 73780 73764 73760
3 73705 73694 73686
3 73674 73656 73646
3 73644 73629 73605
3 73594 73566 73544
3 73534 73527 73520
3 73505 73456 73397
3 73395 73378 73342
3 73339 73307 73303
3 73270 73269 73222
3 73217 73211 73208
3 73195 73170 73116
3 73096 73083 73074
3 73061 73060 73056
3 73055 73039 72997
3 72993 72991 72980
3 72962 72951 72950
3 72922 72876 72840
3 72827 72824 72801
3 72791 72776 72775
3 72764 72762 72755
3 72749 72736 72702
3 72695 72692 72691
3 72690 72668 72665
3 72643 72639 72636
3 72630 72621 72586
3 72571 72566 72559
3 72544 72505 72497
3 72495 72494 72487
3 72474 72451 72438
3 72435 72429 72426
3 72397 72393 72391
3 72389 72381 72372
3 72367 72346 72327
3 72321 72300 72297
3 72276 72265 72254
3 72253 72220 72207
3 72196 72188 72184
3 72158 72156 72143
3 72141 72131 72120
3 72108 72100 72077
3 72075 72070 72059
3 71980 71968 71964
3 71954 71952 71947
3 71941 71935 71928
3 71873 71863 71852
3 71849 71846 71845
3 71843 71841 71836
3 71832 71825 71789
3 71774 71773 71767
3 71765 71760 71752
3 71741 71738 71722
3 71721 71709 71694
3 71690 71686 71678
3 71677 71641 71634
3 71629 71621 71619
3 71595 71579 71569
3 71565 71560 71546
3 71543 71520 71510
3 71499 71494 71489
3 71481 71466 71452
3 71437 71434 71425
3 71423 71411 71402
3 71378 71368 71342
3 71327 71305 71297
3 71252 71250 71194
3 71188 71186 71180
3 71174 71159 71157
3 71142 71134 71133
3 71130 71119 71106
3 71097 71094 71015
3 70985 70933 70928
3 70914 70904 70885
3 70879 70876 70869
3 70858 70830 70824
3 70815 70791 70782
3 70781 70775 70773
3 70768 70764 70745
3 70740 70720 70716
3 70692 70689 70678
3 70676 70674 70672
3 70666 70664 70655
3 70641 70626 70623
3 70612 70591 70590
3 70569 70557 70543
3 70542 70539 70538
3 70537 70517 70496
3 70464 70460 70459
3 70454 70446 70427
3 70426 70422 70420
3 70417 70409 70405
3 70394 70392 70390
3 70383 70373 70364
3 70356 70349 70324
3 70313 70305 70298
3 70295 70261 70256
3 70254 70247 70236
3 70225 70200 70190
3 70188 70176 70173
3 70165 70136 70133
3 70132 70125 70095
3 70078 70072 70069
3 70068 70062 70052
3 70025 70009 69982
3 69955 69948 69932
3 69930 69924 69889
3 69885 69870 69843
3 69806 69804 69798
3 69797 69796 69784
3 69751 69745 69740
3 69723 69709 69701
3 69675 69665 69645
3 69629 69624 69622
3 69597 69589 69579
3 69564 69559 69541
3 69537 69518 69508
3 69498 69490 69484
3 69477 69457 69430
3 69411 69404 69403
3 69395 69385 69370
3 69365 69339 69294
3 69286 69274 69265
3 69262 69260 69211
3 69197 69186 69179
3 69166 69165 69164
3 69154 69149 69138
3 69124 69123 69116
3 69115 69113 69112
3 69082 69062 69056
3 69009 68997 68982
3 68978 68964 68957
3 68890 68879 68854
3 68824 68822 68796
3 68794 68789 68753
3 68740 68739 68736
3 68676 68659 68643
3 68641 68616 68610
3 68597 68592 68587
3 68578 68575 68559
3 68534 68525 68512
3 68509 68497 68494
3 68483 68479 68475
3 68470 68468 68448
3 68440 68432 68420
3 68412 68409 68406
3 68381 68374 68372
3 68364 68362 68334
3 68318 68317 68303
3 68292 68272 68251
3 68248 68236 68234
3 68221 68217 68212
3 68191 68189 68182
3 68152 68149 68138
3 68134 68127 68126
3 68124 68123 68121
3 68108 68091 68066
3 68058 68042 68041
3 68037 68017 68003
3 67990 67956 67953
3 67941 67938 67901
3 67866 67852 67850
3 67831 67828 67819
3 67804 67762 67754
3 67734 67701 67687
3 67686 67674 67666
3 67658 67652 67637
3 67613 67601 67589
3 67587 67578 67575
3 67569 67541 67527
3 67519 67518 67513
3 67510 67487 67485
3 67483 67480 67478
3 67440 67430 67409
3 67388 67367 67359
3 67336 67334 67290
3 67289 67287 67286
3 67275 67252 67251
3 67242 67223 67222
3 67182 67180 67169
3 67164 67110 67094
3 67092 67086 67081
3 67076 67065 67050
3 67049 67048 67043
3 66994 66985 66970
3 66964 66955 66948
3 66944 66931 66925
3 66919 66907 66883
3 66881 66869 66860
3 66857 66849 66817
3 66789 66781 66777
3 66769 66754 66737
3 66723 66712 66711
3 66706 66687 66643
3 66642 66626 66623
3 66615 66612 66609
3 66547 66540 66537
3 66533 66520 66515
3 66469 66431 66411
3 66410 66406 66403
3 66392 66387 66378
3 66366 66354 66328
3 66308 66278 66277
3 66233 66227 66215
3 66198 66194 66193
3 66191 66187 66184
3 66156 66141 66126
3 66115 66114 66109
3 66076 66073 66068
3 66046 66008 65988
3 65987 65986 65982
3 65975 65974 65968
3 65958 65950 65948
3 65939 65911 65902
3 65897 65893 65892
3 65888 65880 65879
3 65839 65807 65792
3 65786 65770 65769
3 65751 65747 65721
3 65717 65714 65712
3 65707 65695 65665
3 65653 65642 65632
3 65624 65620 65609
3 65601 65597 65596
3 65556 65555 65552
3 65543 65539 65538
3 65535 65528 65510
3 65505 65500 65498
3 65488 65459 65405
3 65403 65396 65382
3 65379 65373 65372
3 65353 65350 65343
3 65312 65291 65253
3 65225 65221 65218
3 65217 65216 65195
3 65190 65183 65179
3 65175 65159 65129
3 65126 65113 65093
3 65080 65070 65050
3 65044 65034 65020
3 65010 65006 65001
3 65000 64996 64989
3 64976 64970 64969
3 64963 64957 64933
3 64927 64903 64878
3 64874 64868 64858
3 64849 64848 64832
3 64794 64781 64774
3 64755 64748 64737
3 64720 64689 64675
3 64659 64655 64644
3 64631 64630 64613
3 64596 64579 64571
3 64567 64561 64558
3 64541 64521 64518
3 64517 64511 64502
3 64497 64463 64454
3 64425 64421 64407
3 64367 64354 64345
3 64311 64309 64288
3 64267 64263 64254
3 64230 64225 64218
3 64205 64196 64193
3 64145 64123 64101
3 64086 64079 64072
3 64069 64049 64039
3 64024 64020 63991
3 63990 63987 63980
3 63973 63966 63961
3 63953 63945 63903
3 63896 63890 63884
3 63878 63873 63862
3 63860 63857 63849
3 63848 63822 63807
3 63795 63794 63768
3 63747 63734 63728
3 63715 63706 63704
3 63686 63675 63666
3 63658 63655 63596
3 63536 63529 63527
3 63508 63507 63493
3 63482 63477 63446
3 63444 63417 63414
3 63396 63388 63384
3 63382 63342 63341
3 63314 63302 63295
3 63291 63273 63214
3 63196 63190 63184
3 63164 63162 63149
3 63131 63128 63103
3 63093 63076 63072
3 63028 63027 63016
3 62994 62976 62972
3 62970 62923 62914
3 62893 62888 62886
3 62866 62856 62827
3 62826 62806 62805
3 62800 62791 62769
3 62762 62736 62735
3 62720 62706 62684
3 62679 62678 62668
3 62651 62641 62565
3 62556 62545 62535
3 62527 62515 62508
3 62464 62453 62448
3 62429 62427 62422
3 62414 62410 62376
3 62361 62356 62346
3 62342 62334 62327
3 62322 62317 62302
3 62293 62272 62267
3 62246 62245 62226
3 62215 62214 62205
3 62180 62167 62151
3 62144 62143 62134
3 62123 62121 62120
3 62116 62112 62096
3 62078 62072 62065
3 62049 62042 62013
3 62007 61999 61984
3 61957 61943 61936
3 61934 61922 61909
3 61885 61884 61856
3 61847 61837 61831
3 61798 61794 61763
3 61752 61730 61717
3 61716 61713 61694
3 61693 61650 61636
3 61615 61602 61576
3 61556 61552 61529
3 61526 61506 61485
3 61482 61477 61454
3 61453 61450 61428
3 61400 61395 61393
3 61369 61350 61347
3 61329 61305 61281
3 61272 61263 61242
3 61238 61231 61227
3 61209 61198 61189
3 61186 61184 61154
3 61153 61149 61142
3 61103 61067 61059
3 61051 61042 60999
3 60955 60939 60912
3 60908 60899 60879
3 60876 60869 60862
3 60853 60846 60787
3 60760 60753 60746
3 60741 60715 60705
3 60673 60672 60663
3 60646 60634 60633
3 60614 60604 60589
3 60587 60557 60539
3 60506 60502 60451
3 60417 60414 60411
3 60405 60395 60392
3 60363 60320 60300
3 60289 60269 60264
3 60252 60247 60237
3 60224 60214 60212
3 60202 60183 60162
3 60150 60088 60087
3 60068 60057 60053
3 60035 60029 60020
3 59997 59984 59971
3 59964 59962 59933
3 59924 59906 59903
3 59895 59883 59865
3 59857 59849 59830
3 59822 59820 59793
3 59792 59791 59759
3 59727 59720 59695
3 59689 59671 59670
3 59669 59668 59666
3 59657 59647 59633
3 59624 59622 59617
3 59612 59598 59594
3 59579 59574 59564
3 59546 59502 59495
3 59480 59477 59461
3 59457 59455 59430
3 59429 59409 59404
3 59394 59391 59387
3 59386 59345 59341
3 59337 59298 59254
3 59243 59240 59219
3 59205 59182 59178
3 59175 59171 59155
3 59145 59127 59117
3 59102 59099 59092
3 59085 59080 59036
3 59021 58986 58983
3 58949 58947 58935
3 58922 58907 58900
3 58896 58889 58886
3 58884 58877 58869
3 58864 58860 58857
3 58829 58805 58795
3 58787 58781 58736
3 58725 58702 58694
3 58688 58662 58650
3 58636 58590 58587
3 58585 58582 58580
3 58571 58559 58551
3 58544 58521 58520
3 58507 58504 58487
3 58452 58444 58439
3 58402 58399 58375
3 58370 58348 58331
3 58322 58309 58286
3 58276 58270 58250
3 58240 58233 58228
3 58201 58199 58189
3 58184 58171 58160
3 58144 58137 58100
3 58095 58092 58084
3 58074 58069 58054
3 58038 58034 58013
3 58007 58004 57999
3 57994 57987 57981
3 57976 57971 57936
3 57932 57913 57895
3 57883 57873 57829
3 57821 57792 57742
3 57722 57702 57665
3 57662 57632 57628
3 57622 57617 57588
3 57580 57565 57558
3 57557 57536 57519
3 57516 57510 57508
3 57491 57490 57474
3 57459 57456 57446
3 57436 57434 57433
3 57432 57424 57411
3 57401 57374 57371
3 57364 57343 57330
3 57300 57279 57270
3 57247 57204 57203
3 57171 57160 57154
3 57145 57141 57139
3 57120 57081 57067
3 57058 57052 57039
3 57005 56995 56975
3 56972 56967 56936
3 56934 56922 56884
3 56862 56842 56820
3 56817 56803 56764
3 56754 56746 56734
3 56730 56721 56717
3 56696 56691 56685
3 56647 56645 56626
3 56607 56606 56605
3 56600 56577 56558
3 56553 56504 56502
3 56501 56498 56484
3 56470 56460 56447
3 56424 56420 56414
3 56402 56391 56372
3 56358 56338 56323
3 56314 56301 56300
3 56294 56265 56263
3 56248 56210 56200
3 56158 56156 56145
3 56139 56133 56125
3 56124 56123 56082
3 56071 56030 55963
3 55932 55926 55910
3 55903 55896 55880
3 55878 55862 55839
3 55837 55827 55778
3 55719 55700 55688
3 55678 55640 55637
3 55631 55627 55619
3 55608 55603 55587
3 55564 55553 55516
3 55513 55508 55499
3 55482 55457 55441
3 55424 55420 55415
3 55374 55354 55285
3 55265 55235 55225
3 55223 55178 55165
3 55162 55157 55149
3 55138 55137 55128
3 55116 55113 55105
3 55098 55070 55058
3 55047 55040 55016
3 55005 54983 54948
3 54922 54904 54868
3 54866 54853 54839
3 54821 54820 54763
3 54760 54743 54738
3 54725 54703 54698
3 54697 54690 54683
3 54673 54667 54661
3 54653 54639 54632
3 54628 54618 54594
3 54588 54571 54549
3 54535 54533 54523
3 54512 54500 54493
3 54482 54477 54474
3 54472 54460 54456
3 54455 54442 54440
3 54437 54429 54399
3 54392 54375 54366
3 54357 54306 54267
3 54243 54238 54234
3 54205 54176 54168
3 54167 54164 54153
3 54144 54136 54120
3 54112 54103 54062
3 54052 54042 54041
3 54023 54014 54011
3 54008 53997 53990
3 53979 53973 53966
3 53963 53941 53928
3 53923 53913 53911
3 53896 53893 53890
3 53889 53860 53846
3 53837 53835 53794
3 53784 53781 53774
3 53767 53758 53745
3 53743 53737 53736
3 53735 53725 53715
3 53706 53704 53683
3 53668 53601 53597
3 53586 53567 53552
3 53545 53525 53482
3 53481 53477 53471
3 53456 53398 53389
3 53382 53355 53332
3 53322 53314 53310
3 53292 53283 53276
3 53257 53251 53245
3 53225 53200 53163
3 53120 53095 53054
3 53048 53030 53028
3 53001 52991 52973
3 52960 52950 52931
3 52924 52890 52887
3 52882 52878 52876
3 52858 52845 52827
3 52823 52816 52801
3 52783 52779 52776
3 52749 52743 52728
3 52709 52707 52706
3 52705 52697 52693
3 52686 52664 52638
3 52584 52579 52570
3 52564 52561 52541
3 52524 52513 52500
3 52491 52461 52453
3 52446 52435 52403
3 52396 52395 52384
3 52322 52292 52270
3 52249 52227 52221
3 52219 52193 52180
3 52167 52166 52156
3 52110 52096 52077
3 52067 52066 52040
3 52025 52017 51990
3 51988 51910 51897
3 51877 51863 51857
3 51839 51826 51819
3 51809 51783 51772
3 51768 51747 51733
3 51729 51722 51704
3 51697 51696 51664
3 51661 51620 51611
3 51606 51600 51595
3 51584 51583 51572
3 51567 51553 51550
3 51520 51499 51456
3 51453 51451 51449
3 51444 51402 51379
3 51370 51361 51360
3 51355 51354 51351
3 51350 51344 51341
3 51322 51317 51293
3 51289 51278 51261
3 51257 51241 51237
3 51221 51208 51204
3 51178 51169 51130
3 51124 51123 51109
3 51108 51106 51080
3 51069 51038 51002
3 50999 50993 50992
3 50980 50967 50938
3 50927 50926 50913
3 50903 50888 50864
3 50861 50847 50839
3 50837 50813 50806
3 50781 50765 50762
3 50760 50721 50712
3 50711 50708 50667
3 50656 50649 50621
3 50613 50610 50594
3 50557 50545 50532
3 50529 50516 50486
3 50478 50476 50421
3 50407 50405 50397
3 50392 50370 50369
3 50364 50359 50352
3 50342 50325 50308
3 50296 50291 50290
3 50262 50245 50215
3 50212 50202 50180
3 50177 50172 50165
3 50155 50121 50114
3 50109 50100 50067
3 50063 50055 50046
3 50045 50043 50038
3 50021 50020 50010
3 49998 49991 49989
3 49980 49979 49967
3 49936 49932 49914
3 49912 49904 49902
3 49882 49879 49858
3 49851 49845 49833
3 49827 49804 49800
3 49789 49784 49743
3 49711 49710 49706
3 49704 49692 49688
3 49677 49671 49667
3 49661 49643 49641
3 49621 49618 49615
3 49603 49574 49568
3 49548 49522 49520
3 49518 49516 49513
3 49486 49483 49477
3 49467 49465 49456
3 49421 49409 49373
3 49370 49369 49346
3 49325 49300 49295
3 49282 49280 49264
3 49250 49226 49224
3 49220 49216 49207
3 49193 49168 49167
3 49140 49137 49135
3 49133 49099 49090
3 49088 49076 49041
3 49037 49008 49004
3 48996 48991 48970
3 48944 48938 48934
3 48929 48924 48911
3 48902 48883 48880
3 48864 48860 48859
3 48823 48820 48793
3 48774 48768 48759
3 48733 48713 48698
3 48689 48660 48624
3 48596 48594 48593
3 48574 48565 48562
3 48559 48558 48548
3 48546 48537 48536
3 48512 48485 48470
3 48467 48462 48460
3 48459 48457 48442
3 48436 48419 48406
3 48384 48382 48368
3 48367 48307 48286
3 48276 48246 48222
3 48210 48199 48176
3 48175 48167 48144
3 48137 48122 48114
3 48098 48069 48066
3 48052 48049 48028
3 48019 48017 48003
3 47995 47986 47981
3 47970 47967 47950
3 47937 47935 47933
3 47896 47882 47876
3 47872 47846 47837
3 47828 47824 47809
3 47793 47754 47745
3 47729 47704 47683
3 47648 47617 47608
3 47590 47586 47568
3 47554 47553 47537
3 47520 47480 47465
3 47454 47443 47442
3 47428 47424 47409
3 47399 47392 47377
3 47374 47365 47348
3 47343 47340 47331
3 47330 47317 47303
3 47298 47296 47289
3 47278 47276 47253
3 47250 47240 47183
3 47175 47169 47166
3 47150 47120 47109
3 47107 47097 47075
3 47052 47041 47033
3 47022 47017 47016
3 47007 47004 47002
3 46974 46963 46941
3 46937 46931 46928
3 46926 46919 46895
3 46887 46875 46873
3 46872 46862 46856
3 46854 46845 46837
3 46818 46814 46796
3 46779 46762 46761
3 46743 46732 46722
3 46711 46702 46694
3 46690 46657 46635
3 46633 46632 46623
3 46607 46589 46532
3 46506 46505 46501
3 46495 46489 46427
3 46397 46391 46388
3 46368 46354 46353
3 46336 46332 46322
3 46320 46298 46291
3 46283 46282 46276
3 46259 46233 46232
3 46177 46174 46168
3 46158 46133 46130
3 46127 46115 46094
3 46086 46083 46079
3 46065 46063 46041
3 45982 45943 45928
3 45922 45921 45896
3 45875 45864 45819
3 45817 45806 45787
3 45782 45780 45779
3 45772 45766 45739
3 45736 45661 45660
3 45657 45631 45627
3 45617 45605 45601
3 45591 45586 45585
3 45553 45550 45530
3 45512 45506 45494
3 45484 45483 45454
3 45447 45436 45421
3 45417 45409 45398
3 45381 45364 45346
3 45345 45343 45342
3 45323 45305 45296
3 45295 45287 45257
3 45252 45233 45230
3 45221 45219 45215
3 45186 45184 45172
3 45151 45146 45138
3 45095 45084 45055
3 45053 45047 45044
3 45042 45041 45008
3 44968 44965 44961
3 44959 44928 44905
3 44886 44788 44780
3 44738 44724 44718
3 44673 44622 44617
3 44610 44602 44581
3 44570 44563 44556
3 44534 44529 44519
3 44514 44508 44497
3 44486 44454 44438
3 44425 44387 44384
3 44378 44370 44358
3 44354 44332 44328
3 44321 44300 44283
3 44273 44254 44230
3 44228 44216 44185
3 44167 44160 44151
3 44146 44132 44128
3 44116 44104 44090
3 44082 44081 44046
3 44040 44013 43992
3 43980 43976 43973
3 43967 43943 43937
3 43934 43926 43909
3 43902 43882 43847
3 43835 43828 43808
3 43798 43787 43758
3 43750 43749 43748
3 43725 43695 43693
3 43674 43672 43654
3 43643 43635 43624
3 43617 43586 43584
3 43568 43549 43543
3 43520 43510 43496
3 43476 43468 43466
3 43446 43427 43411
3 43399 43397 43394
3 43351 43345 43341
3 43331 43304 43297
3 43279 43264 43262
3 43257 43255 43252
3 43249 43248 43232
3 43213 43192 43182
3 43178 43143 43133
3 43121 43102 43094
3 43089 43080 43073
3 43063 43054 43046
3 43038 43033 43030
3 43014 43011 43007
3 42999 42997 42991
3 42984 42972 42960
3 42952 42949 42939
3 42923 42910 42906
3 42886 42849 42826
3 42817 42800 42787
3 42778 42764 42730
3 42728 42701 42700
3 42696 42691 42679
3 42673 42633 42626
3 42615 42613 42603
3 42593 42585 42569
3 42555 42546 42544
3 42542 42541 42479
3 42454 42435 42424
3 42392 42370 42351
3 42327 42281 42270
3 42226 42225 42214
3 42213 42192 42124
3 42118 42106 42099
3 42039 42007 42003
3 42000 41999 41972
3 41961 41942 41940
3 41939 41904 41899
3 41891 41884 41882
3 41880 41875 41874
3 41867 41862 41839
3 41825 41821 41818
3 41808 41761 41746
3 41728 41712 41701
3 41693 41678 41647
3 41636 41626 41623
3 41621 41619 41612
3 41611 41596 41588
3 41587 41585 41579
3 41535 41532 41527
3 41514 41501 41497
3 41478 41467 41464
3 41441 41436 41421
3 41418 41416 41408
3 41397 41391 41384
3 41370 41364 41359
3 41354 41343 41335
3 41327 41320 41317
3 41313 41297 41296
3 41276 41270 41263
3 41255 41249 41242
3 41228 41224 41202
3 41194 41188 41184
3 41183 41158 41151
3 41131 41119 41100
3 41064 41063 41056
3 41038 41027 41021
3 41005 40992 40990
3 40965 40958 40957
3 40944 40935 40928
3 40862 40849 40840
3 40837 40826 40825
3 40820 40777 40774
3 40769 40765 40764
3 40751 40749 40714
3 40713 40709 40703
3 40701 40692 40681
3 40627 40616 40611
3 40605 40604 40598
3 40587 40586 40585
3 40573 40557 40550
3 40534 40499 40462
3 40455 40437 40429
3 40425 40406 40373
3 40367 40322 40320
3 40309 40303 40278
3 40276 40275 40254
3 40239 40213 40205
3 40198 40188 40152
3 40144 40125 40119
3 40098 40078 40067
3 40060 40047 40046
3 40001 39996 39977
3 39973 39971 39968
3 39942 39935 39922
3 39894 39891 39888
3 39887 39881 39875
3 39869 39859 39841
3 39839 39837 39835
3 39828 39817 39815
3 39807 39804 39803
3 39795 39766 39764
3 39763 39762 39739
3 39720 39713 39711
3 39708 39694 39681
3 39660 39651 39616
3 39611 39594 39592
3 39589 39580 39563
3 39524 39512 39500
3 39495 39472 39468
3 39461 39458 39456
3 39454 39453 39391
3 39380 39372 39371
3 39345 39338 39311
3 39307 39300 39295
3 39265 39256 39246
3 39237 39222 39213
3 39199 39169 39163
3 39148 39139 39132
3 39122 39117 39105
3 39104 39099 39081
3 39067 39065 39055
3 39045 39039 39029
3 39023 39019 38989
3 38966 38964 38946
3 38928 38917 38916
3 38915 38894 38854
3 38840 38835 38827
3 38788 38769 38752
3 38747 38746 38744
3 38734 38702 38657
3 38632 38631 38611
3 38580 38575 38566
3 38561 38555 38538
3 38505 38483 38459
3 38452 38446 38438
3 38424 38393 38391
3 38387 38376 38359
3 38346 38336 38330
3 38326 38320 38318
3 38302 38299 38296
3 38270 38252 38249
3 38216 38208 38198
3 38186 38180 38166
3 38162 38146 38138
3 38137 38130 38120
3 38115 38099 38091
3 38089 38069 38049
3 38044 38029 38014
3 37967 37963 37944
3 37940 37937 37928
3 37917 37909 37905
3 37904 37876 37869
3 37867 37865 37862
3 37853 37849 37848
3 37824 37811 37792
3 37791 37770 37768
3 37750 37745 37721
3 37697 37676 37654
3 37632 37621 37617
3 37600 37547 37546
3 37545 37544 37537
3 37520 37515 37508
3 37500 37469 37455
3 37453 37442 37433
3 37392 37387 37379
3 37375 37363 37355
3 37347 37332 37314
3 37304 37301 37300
3 37289 37270 37257
3 37253 37244 37239
3 37214 37193 37191
3 37187 37175 37164
3 37156 37150 37137
3 37112 37083 37061
3 37044 37043 37006
3 36979 36974 36968
3 36964 36942 36906
3 36891 36890 36888
3 36866 36863 36855
3 36850 36847 36841
3 36821 36814 36812
3 36804 36790 36789
3 36697 36696 36684
3 36667 36666 36650
3 36637 36622 36606
3 36603 36596 36579
3 36567 36548 36533
3 36521 36502 36500
3 36494 36493 36484
3 36480 36466 36463
3 36461 36459 36441
3 36428 36401 36400
3 36389 36377 36370
3 36368 36365 36355
3 36324 36299 36295
3 36291 36268 36260
3 36255 36238 36209
3 36208 36205 36204
3 36203 36188 36176
3 36167 36166 36138
3 36129 36108 36090
3 36084 36055 36053
3 36050 36033 36007
3 36006 35985 35978
3 35965 35959 35956
3 35954 35949 35944
3 35934 35931 35930
3 35928 35921 35919
3 35875 35868 35855
3 35827 35773 35764
3 35753 35731 35714
3 35707 35689 35668
3 35664 35648 35644
3 35631 35620 35581
3 35571 35541 35538
3 35493 35462 35452
3 35451 35405 35371
3 35321 35287 35263
3 35255 35247 35246
3 35243 35239 35220
3 35211 35197 35188
3 35187 35186 35185
3 35134 35113 35099
3 35076 35075 35048
3 35037 35012 34974
3 34973 34955 34953
3 34917 34911 34910
3 34889 34846 34828
3 34804 34799 34782
3 34779 34770 34767
3 34761 34733 34726
3 34704 34612 34598
3 34575 34540 34536
3 34474 34469 34457
3 34403 34402 34381
3 34371 34357 34311
3 34310 34300 34299
3 34290 34277 34263
3 34259 34250 34215
3 34195 34184 34162
3 34159 34149 34136
3 34129 34101 34100
3 34097 34074 34073
3 34027 33978 33976
3 33965 33951 33949
3 33945 33943 33931
3 33924 33920 33919
3 33915 33897 33889
3 33880 33873 33858
3 33853 33835 33823
3 33807 33775 33772
3 33768 33755 33743
3 33742 33726 33720
3 33719 33718 33669
3 33656 33633 33619
3 33595 33585 33576
3 33559 33556 33555
3 33543 33522 33520
3 33511 33506 33493
3 33479 33439 33415
3 33413 33386 33379
3 33378 33376 33368
3 33355 33350 33334
3 33330 33326 33304
3 33301 33298 33290
3 33280 33277 33262
3 33249 33244 33237
3 33201 33188 33167
3 33166 33160 33149
3 33145 33137 33120
3 33114 33113 33108
3 33105 33096 33074
3 33066 33046 33044
3 33037 33035 33032
3 33027 33010 33007
3 32997 32993 32991
3 32986 32984 32982
3 32981 32980 32959
3 32946 32943 32936
3 32934 32929 32907
3 32906 32894 32879
3 32875 32863 32853
3 32847 32829 32820
3 32803 32796 32781
3 32779 32776 32764
3 32728 32727 32718
3 32713 32708 32704
3 32691 32690 32683
3 32664 32656 32654
3 32643 32634 32633
3 32624 32617 32614
3 32610 32605 32603
3 32595 32594 32588
3 32582 32580 32577
3 32576 32575 32544
3 32539 32524 32487
3 32468 32455 32446
3 32444 32407 32406
3 32401 32396 32394
3 32392 32386 32379
3 32360 32353 32336
3 32326 32308 32282
3 32274 32246 32238
3 32215 32208 32191
3 32188 32160 32155
3 32147 32139 32127
3 32126 32121 32112
3 32110 32090 32079
3 32078 32069 32064
3 32046 31989 31986
3 31977 31968 31962
3 31949 31948 31945
3 31940 31928 31923
3 31906 31899 31877
3 31872 31868 31865
3 31847 31833 31830
3 31822 31811 31786
3 31779 31775 31767
3 31742 31713 31700
3 31698 31689 31670
3 31666 31656 31653
3 31647 31627 31620
3 31619 31614 31612
3 31609 31596 31589
3 31566 31541 31537
3 31523 31504 31501
3 31481 31475 31472
3 31467 31464 31462
3 31435 31398 31369
3 31368 31351 31350
3 31348 31337 31296
3 31286 31250 31247
3 31223 31222 31212
3 31184 31171 31160
3 31159 31145 31141
3 31137 31118 31091
3 31082 31070 31060
3 31047 31044 31033
3 31012 31005 31003
3 30989 30956 30952
3 30950 30937 30933
3 30920 30916 30902
3 30897 30896 30894
3 30886 30866 30837
3 30835 30828 30809
3 30780 30770 30761
3 30760 30745 30721
3 30715 30706 30682
3 30666 30651 30633
3 30618 30612 30604
3 30576 30566 30560
3 30554 30539 30527
3 30525 30510 30509
3 30506 30496 30477
3 30473 30472 30471
3 30448 30446 30442
3 30409 30402 30399
3 30395 30393 30349
3 30344 30326 30313
3 30307 30303 30295
3 30275 30261 30260
3 30253 30244 30228
3 30216 30214 30212
3 30205 30204 30183
3 30174 30164 30139
3 30131 30112 30106
3 30066 30055 30039
3 30023 30022 30013
3 30012 29994 29982
3 29957 29943 29932
3 29926 29915 29909
3 29896 29891 29886
3 29877 29834 29827
3 29822 29802 29789
3 29780 29759 29744
3 29730 29714 29713
3 29693 29685 29672
3 29656 29655 29643
3 29635 29632 29626
3 29597 29581 29573
3 29570 29555 29545
3 29540 29529 29498
3 29491 29487 29480
3 29479 29473 29472
3 29454 29449 29419
3 29412 29410 29409
3 29390 29350 29345
3 29333 29281 29273
3 29264 29247 29245
3 29242 29230 29211
3 29207 29187 29173
3 29152 29137 29136
3 29108 29107 29103
3 29088 29063 29055
3 29027 29024 29022
3 29013 29008 29002
3 28999 28990 28988
3 28985 28979 28977
3 28947 28937 28917
3 28915 28914 28889
3 28845 28813 28803
3 28801 28793 28789
3 28783 28778 28763
3 28753 28752 28740
3 28715 28689 28688
3 28685 28682 28678
3 28672 28668 28652
3 28647 28628 28625
3 28620 28618 28610
3 28591 28589 28577
3 28561 28555 28535
3 28531 28527 28512
3 28505 28491 28474
3 28464 28458 28455
3 28439 28437 28436
3 28426 28409 28386
3 28374 28357 28356
3 28308 28303 28275
3 28270 28266 28249
3 28243 28224 28212
3 28205 28170 28163
3 28159 28152 28116
3 28111 28104 28093
3 28075 28044 28034
3 28028 28021 27999
3 27996 27980 27979
3 27961 27915 27884
3 27868 27858 27834
3 27814 27808 27804
3 27798 27785 27774
3 27771 27757 27754
3 27747 27688 27669
3 27664 27652 27648
3 27645 27640 27634
3 27633 27618 27605
3 27603 27588 27579
3 27577 27535 27522
3 27520 27513 27453
3 27439 27402 27393
3 27383 27374 27360
3 27339 27331 27328
3 27324 27301 27289
3 27286 27279 27228
3 27218 27206 27181
3 27179 27152 27143
3 27141 27135 27105
3 27090 27089 27080
3 27059 27039 27031
3 27018 27014 26993
3 26988 26982 26977
3 26970 26959 26943
3 26914 26913 26905
3 26891 26887 26883
3 26879 26877 26865
3 26856 26848 26845
3 26807 26800 26794
3 26787 26786 26782
3 26778 26777 26775
3 26759 26749 26742
3 26741 26731 26729
3 26728 26723 26689
3 26645 26635 26633
3 26626 26622 26610
3 26590 26573 26569
3 26565 26563 26528
3 26522 26491 26462
3 26459 26436 26434
2 26406 26404
2 26383 26374
2 26345 26308
2 26306 26305
2 26301 26287
2 26272 26264
2 26258 26256
2 26232 26227
2 26215 26214
2 26200 26190
2 26171 26165
2 26158 26141
2 26137 26136
2 26124 26123
2 26117 26094
2 26092 26089
2 26080 26065
2 26054 26049
2 26034 26033
2 26013 26012
2 25984 25983
2 25970 25964
2 25963 25959
2 25955 25936
2 25934 25927
2 25924 25922
2 25894 25859
2 25856 25854
2 25852 25837
2 25831 25830
2 25827 25802
2 25762 25741
2 25738 25715
2 25712 25703
2 25677 25675
2 25667 25637
2 25634 25612
2 25608 25595
2 25587 25578
2 25546 25522
2 25479 25466
2 25405 25400
2 25396 25394
2 25371 25363
2 25362 25354
2 25334 25333
2 25328 25289
2 25271 25236
2 25208 25204
2 25203 25192
2 25161 25158
2 25130 25118
2 25101 25069
2 25054 25047
2 25042 25019
2 25016 25013
2 24991 24980
2 24959 24957
2 24927 24916
2 24915 24905
2 24892 24876
2 24816 24802
2 24769 24754
2 24736 24717
2 24698 24691
2 24684 24667
2 24645 24637
2 24624 24614
2 24595 24583
2 24578 24566
2 24560 24541
2 24519 24514
2 24510 24493
2 24487 24482
2 24473 24472
2 24449 24442
2 24439 24433
2 24427 24425
2 24412 24408
2 24394 24390
2 24388 24385
2 24376 24369
2 24348 24343
2 24338 24312
2 24311 24304
2 24292 24284
2 24281 24260
2 24232 24220
2 24215 24206
2 24202 24196
2 24189 24188
2 24181 24154
2 24146 24119
2 24087 24079
2 24075 24073
2 24050 24029
2 24022 24020
2 24008 24005
2 24002 23999
2 23990 23987
2 23982 23953
2 23920 23914
2 23899 23889
2 23835 23825
2 23812 23800
2 23786 23780
2 23770 23769
2 23767 23757
2 23721 23718
2 23714 23708
2 23691 23685
2 23680 23672
2 23658 23648
2 23639 23630
2 23625 23622
2 23551 23543
2 23531 23520
2 23487 23486
2 23466 23460
2 23449 23433
2 23424 23398
2 23394 23393
2 23389 23358
2 23357 23345
2 23335 23333
2 23323 23312
2 23304 23297
2 23266 23257
2 23231 23207
2 23200 23187
2 23184 23176
2 23153 23091
2 23080 23078
2 23066 23054
2 23034 23028
2 23012 22970
2 22961 22953
2 22942 22920
2 22907 22894
2 22893 22889
2 22885 22864
2 22841 22828
2 22826 22800
2 22795 22793
2 22792 22784
2 22783 22778
2 22766 22758
2 22718 22702
2 22696 22689
2 22685 22683
2 22674 22653
2 22652 22623
2 22602 22600
2 22598 22578
2 22574 22528
2 22526 22525
2 22517 22498
2 22490 22453
2 22438 22437
2 22427 22403
2 22382 22380
2 22378 22377
2 22369 22354
2 22352 22351
2 22348 22328
2 22312 22304
2 22258 22247
2 22222 22196
2 22180 22179
2 22159 22140
2 22134 22090
2 22048 22039
2 22025 22018
2 22004 21999
2 21976 21941
2 21922 21918
2 21917 21899
2 21884 21877
2 21849 21839
2 21833 21792
2 21776 21734
2 21731 21726
2 21691 21676
2 21667 21664
2 21628 21621
2 21610 21609
2 21608 21607
2 21605 21602
2 21588 21578
2 21570 21565
2 21562 21553
2 21552 21549
2 21548 21543
2 21532 21508
2 21499 21471
2 21469 21459
2 21455 21454
2 21451 21435
2 21416 21410
2 21395 21357
2 21343 21331
2 21323 21320
2 21316 21314
2 21300 21298
2 21292 21270
2 21267 21265
2 21233 21215
2 21195 21188
2 21184 21180
2 21167 21151
2 21142 21138
2 21090 21079
2 21070 21060
2 21048 21044
2 21019 20985
2 20972 20960
2 20940 20928
2 20914 20902
2 20857 20828
2 20827 20818
2 20812 20804
2 20791 20782
2 20761 20759
2 20719 20715
2 20714 20709
2 20705 20688
2 20634 20629
2 20617 20614
2 20613 20598
2 20584 20580
2 20571 20562
2 20550 20526
2 20484 20462
2 20441 20440
2 20417 20415
2 20389 20383
2 20380 20344
2 20315 20296
2 20276 20271
2 20262 20248
2 20247 20239
2 20237 20229
2 20220 20218
2 20200 20196
2 20180 20178
2 20168 20147
2 20144 20142
2 20122 20121
2 20107 20098
2 20075 20070
2 20065 20059
2 20024 20015
2 20014 19991
2 19967 19938
2 19933 19922
2 19919 19907
2 19898 19859
2 19851 19829
2 19825 19817
2 19814 19813
2 19801 19795
2 19770 19766
2 19756 19751
2 19747 19704
2 19700 19698
2 19694 19676
2 19669 19664
2 19661 19639
2 19637 19633
2 19632 19613
2 19606 19567
2 19534 19503
2 19476 19458
2 19448 19443
2 19424 19414
2 19402 19401
2 19395 19365
2 19346 19344
2 19340 19328
2 19320 19315
2 19313 19274
2 19272 19269
2 19256 19253
2 19235 19233
2 19223 19201
2 19185 19176
2 19143 19070
2 19067 19060
2 19054 19041
2 19005 18989
2 18988 18981
2 18953 18951
2 18917 18911
2 18902 18901
2 18860 18835
2 18832 18818
2 18815 18814
2 18807 18797
2 18787 18777
2 18755 18736
2 18712 18711
2 18692 18669
2 18646 18633
2 18626 18611
2 18583 18570
2 18563 18549
2 18546 18539
2 18527 18499
2 18493 18464
2 18453 18449
2 18447 18437
2 18427 18406
2 18391 18386
2 18375 18367
2 18365 18353
2 18351 18350
2 18344 18306
2 18280 18279
2 18273 18271
2 18241 18235
2 18232 18184
2 18156 18129
2 18102 18093
2 18090 18088
2 18081 18061
2 18051 18033
2 18021 18019
2 18017 18000
2 17991 17984
2 17981 17975
2 17967 17946
2 17945 17939
2 17932 17925
2 17909 17908
2 17852 17823
2 17821 17810
2 17797 17788
2 17748 17742
2 17740 17728
2 17726 17716
2 17710 17664
2 17651 17641
2 17640 17629
2 17614 17605
2 17604 17601
2 17549 17487
2 17475 17467
2 17455 17442
2 17434 17431
2 17425 17424
2 17411 17383
2 17380 17373
2 17357 17333
2 17331 17322
2 17321 17319
2 17308 17302
2 17298 17297
2 17295 17291
2 17276 17245
2 17201 17199
2 17186 17174
2 17156 17135
2 17134 17036
2 17035 17030
2 17029 17025
2 17023 17001
2 17000 16996
2 16972 16954
2 16934 16931
2 16930 16925
2 16921 16895
2 16892 16875
2 16869 16856
2 16855 16850
2 16847 16846
2 16829 16822
2 16820 16793
2 16781 16750
2 16737 16716
2 16688 16679
2 16661 16659
2 16648 16646
2 16638 16627
2 16608 16583
2 16561 16554
2 16525 16518
2 16506 16505
2 16494 16470
2 16418 16407
2 16385 16382
2 16378 16363
2 16360 16359
2 16341 16330
2 16328 16325
2 16318 16306
2 16293 16278
2 16265 16215
2 16193 16175
2 16165 16145
2 16136 16133
2 16131 16129
2 16117 16112
2 16106 16103
2 16053 16047
2 16032 16025
2 16011 16009
2 16006 16004
2 16003 15994
2 15983 15977
2 15975 15973
2 15967 15960
2 15954 15943
2 15942 15935
2 15914 15909
2 15893 15884
2 15874 15831
2 15822 15815
2 15813 15787
2 15768 15760
2 15668 15665
2 15638 15602
2 15561 15546
2 15526 15519
2 15501 15486
2 15479 15474
2 15445 15442
2 15441 15438
2 15430 15403
2 15382 15369
2 15363 15359
2 15357 15354
2 15352 15350
2 15342 15331
2 15329 15327
2 15322 15310
2 15274 15270
2 15261 15242
2 15219 15215
2 15197 15196
2 15192 15191
2 15190 15166
2 15157 15153
2 15115 15104
2 15099 15091
2 15051 15037
2 15035 15025
2 15018 15012
2 15010 14996
2 14994 14991
2 14983 14973
2 14970 14929
2 14907 14892
2 14890 14879
2 14838 14837
2 14825 14823
2 14820 14817
2 14816 14804
2 14792 14778
2 14759 14757
2 14745 14738
2 14729 14727
2 14696 14674
2 14673 14660
2 14650 14644
2 14641 14586
2 14562 14544
2 14541 14519
2 14506 14495
2 14475 14425
2 14424 14418
2 14416 14398
2 14385 14382
2 14344 14320
2 14270 14263
2 14252 14238
2 14213 14204
2 14195 14180
2 14174 14173
2 14134 14132
2 14117 14115
2 14106 14102
2 14099 14094
2 14092 14090
2 14088 14079
2 14066 14052
2 14049 14019
2 14012 14010
2 14009 13980
2 13918 13890
2 13880 13878
2 13865 13861
2 13855 13835
2 13829 13823
2 13817 13804
2 13785 13772
2 13736 13733
2 13715 13696
2 13687 13676
2 13671 13663
2 13653 13615
2 13607 13590
2 13583 13542
2 13536 13522
2 13521 13520
2 13513 13512
2 13508 13482
2 13467 13438
2 13399 13395
2 13382 13381
2 13377 13354
2 13353 13346
2 13342 13324
2 13317 13316
2 13289 13278
2 13276 13271
2 13248 13243
2 13241 13208
2 13192 13190
2 13155 13150
2 13143 13141
2 13140 13139
2 13127 13109
2 13106 13103
2 13085 13048
2 13047 13042
2 13039 13021
2 13016 13000
2 12999 12977
2 12963 12929
2 12911 12879
2 12830 12822
2 12818 12797
2 12788 12787
2 12779 12771
2 12744 12726
2 12660 12654
2 12619 12603
2 12597 12594
2 12583 12577
2 12565 12556
2 12552 12543
2 12533 12531
2 12517 12512
2 12509 12494
2 12493 12476
2 12473 12460
2 12437 12431
2 12420 12408
2 12407 12398
2 12394 12391
2 12390 12387
2 12384 12347
2 12341 12304
2 12292 12271
2 12270 12258
2 12244 12238
2 12230 12223
2 12222 12171
2 12167 12162
2 12161 12154
2 12151 12129
2 12122 12113
2 12095 12092
2 12084 12075
2 12072 12038
2 12031 12011
2 11991 11963
2 11947 11922
2 11911 11907
2 11891 11874
2 11864 11853
2 11844 11842
2 11818 11788
2 11779 11743
2 11741 11737
2 11735 11726
2 11718 11715
2 11689 11671
2 11665 11657
2 11651 11649
2 11636 11613
2 11601 11582
2 11556 11555
2 11546 11528
2 11526 11517
2 11500 11485
2 11478 11467
2 11463 11444
2 11437 11435
2 11432 11424
2 11421 11396
2 11388 11385
2 11382 11377
2 11349 11345
2 11328 11316
2 11306 11305
2 11294 11283
2 11278 11263
2 11244 11237
2 11235 11214
2 11194 11186
2 11147 11115
2 11100 11085
2 11037 11034
2 11026 11019
2 11012 11010
2 10977 10975
2 10973 10957
2 10934 10923
2 10921 10918
2 10906 10863
2 10854 10841
2 10838 10825
2 10791 10781
2 10775 10769
2 10760 10756
2 10753 10745
2 10731 10723
2 10718 10706
2 10701 10700
2 10699 10669
2 10666 10637
2 10623 10604
2 10596 10591
2 10587 10581
2 10566 10555
2 10546 10529
2 10514 10510
2 10499 10489
2 10481 10480
2 10477 10475
2 10464 10447
2 10422 10417
2 10376 10374
2 10347 10316
2 10311 10301
2 10295 10282
2 10274 10269
2 10254 10245
2 10211 10201
2 10172 10170
2 10164 10144
2 10141 10113
2 10110 10096
2 10088 10072
2 10057 10047
2 10046 10031
2 10025 10008
2 10002 9998
2 9983 9968
2 9966 9958
2 9950 9949
2 9940 9936
2 9920 9911
2 9902 9895
2 9892 9885
2 9867 9861
2 9854 9852
2 9835 9822
2 9821 9783
2 9775 9718
2 9717 9713
2 9688 9678
2 9676 9651
2 9650 9604
2 9593 9585
2 9543 9541
2 9524 9513
2 9496 9479
2 9464 9451
2 9446 9431
2 9424 9422
2 9421 9413
2 9408 9407
2 9372 9351
2 9348 9334
2 9332 9330
2 9315 9306
2 9290 9270
2 9268 9267
2 9239 9232
2 9226 9217
2 9202 9198
2 9182 9178
2 9122 9113
2 9112 9108
2 9107 9090
2 9029 9019
2 8979 8960
2 8940 8933
2 8917 8916
2 8904 8876
2 8851 8846
2 8844 8842
2 8834 8813
2 8812 8807
2 8794 8791
2 8789 8771
2 8725 8723
2 8709 8705
2 8702 8689
2 8686 8684
2 8678 8677
2 8670 8661
2 8651 8625
2 8616 8591
2 8588 8578
2 8564 8538
2 8528 8509
2 8499 8491
2 8471 8467
2 8463 8420
2 8411 8410
2 8404 8387
2 8344 8327
2 8239 8232
2 8227 8209
2 8198 8192
2 8186 8177
2 8176 8171
2 8167 8161
2 8159 8138
2 8124 8114
2 8111 8102
2 8097 8096
2 8081 8057
2 8047 8035
2 8018 8017
2 8016 7955
2 7953 7919
2 7913 7912
2 7867 7864
2 7853 7849
2 7837 7830
2 7785 7762
2 7746 7736
2 7731 7719
2 7712 7704
2 7698 7697
2 7655 7640
2 7624 7623
2 7616 7593
2 7584 7541
2 7539 7522
2 7505 7500
2 7481 7477
2 7457 7456
2 7446 7442
2 7422 7419
2 7392 7391
2 7383 7382
2 7376 7373
2 7348 7333
2 7320 7312
2 7295 7287
2 7284 7283
2 7282 7263
2 7251 7211
2 7182 7181
2 7174 7165
2 7154 7135
2 7133 7131
2 7117 7068
2 7059 7039
2 7036 7029
2 7013 7008
2 6998 6992
2 6979 6959
2 6949 6947
2 6845 6840
2 6826 6820
2 6819 6810
2 6800 6799
2 6798 6797
2 6791 6785
2 6780 6746
2 6737 6708
2 6702 6696
2 6695 6645
2 6618 6611
2 6599 6595
2 6567 6556
2 6539 6534
2 6520 6509
2 6480 6473
2 6465 6459
2 6436 6433
2 6427 6424
2 6400 6389
2 6384 6381
2 6379 6359
2 6320 6311
2 6302 6291
2 6280 6267
2 6266 6263
2 6242 6230
2 6228 6226
2 6194 6186
2 6183 6177
2 6175 6173
2 6172 6170
2 6167 6164
2 6160 6159
2 6123 6100
2 6088 6080
2 6077 6063
2 6057 6056
2 6042 6028
2 6020 5998
2 5996 5976
2 5960 5951
2 5950 5947
2 5939 5930
2 5904 5887
2 5878 5877
2 5876 5869
2 5868 5856
2 5850 5848
2 5826 5817
2 5816 5755
2 5745 5736
2 5721 5694
2 5684 5661
2 5637 5626
2 5623 5610
2 5604 5600
2 5584 5556
2 5543 5533
2 5532 5531
2 5525 5517
2 5499 5497
2 5495 5494
2 5488 5480
2 5474 5432
2 5423 5421
2 5370 5367
2 5353 5350
2 5340 5338
2 5336 5325
2 5301 5291
2 5279 5271
2 5262 5230
2 5223 5196
2 5193 5192
2 5183 5172
2 5169 5138
2 5122 5118
2 5103 5085
2 5081 5059
2 5053 5052
2 5012 5005
2 4995 4982
2 4973 4953
2 4952 4951
2 4925 4919
2 4902 4877
2 4866 4860
2 4835 4815
2 4796 4794
2 4790 4765
2 4667 4642
2 4634 4626
2 4622 4599
2 4591 4589
2 4585 4581
2 4580 4577
2 4566 4557
2 4551 4543
2 4498 4470
2 4456 4451
2 4415 4414
2 4367 4364
2 4350 4308
2 4303 4286
2 4284 4266
2 4252 4241
2 4222 4218
2 4213 4189
2 4178 4174
2 4130 4118
2 4082 4065
2 4064 4054
2 4052 4041
2 4031 4005
2 4000 3992
2 3944 3938
2 3934 3931
2 3908 3881
2 3872 3871
2 3861 3855
2 3852 3841
2 3835 3816
2 3792 3783
2 3752 3735
2 3717 3677
2 3655 3651
2 3622 3601
2 3562 3561
2 3552 3532
2 3513 3500
2 3493 3482
2 3449 3443
2 3410 3362
2 3352 3344
2 3326 3320
2 3312 3302
2 3301 3285
2 3275 3273
2 3263 3259
2 3232 3229
2 3221 3215
2 3164 3158
2 3143 3127
2 3113 3096
2 3088 3031
2 3023 3017
2 3003 2987
2 2952 2935
2 2929 2920
2 2906 2899
2 2889 2869
2 2859 2856
2 2848 2844
2 2843 2834
2 2825 2809
2 2789 2747
2 2744 2740
2 2739 2738
2 2706 2698
2 2679 2665
2 2655 2653
2 2611 2606
2 2605 2600
2 2588 2552
2 2545 2538
2 2532 2507
2 2502 2487
2 2486 2480
2 2478 2475
2 2470 2468
2 2460 2453
2 2448 2438
2 2423 2418
2 2410 2398
2 2392 2384
2 2378 2373
2 2368 2351
2 2350 2338
2 2321 2320
2 2309 2299
2 2274 2269
2 2236 2217
2 2212 2176
2 2172 2169
2 2157 2156
2 2155 2149
2 2118 2102
2 2057 2038
2 2037 2033
2 2023 2013
2 2010 1999
2 1993 1991
2 1975 1944
2 1922 1903
2 1900 1899
2 1878 1864
2 1836 1821
2 1814 1799
2 1790 1782
2 1773 1760
2 1754 1753
2 1749 1746
2 1738 1737
2 1730 1723
2 1711 1689
2 1674 1670
2 1668 1665
2 1660 1643
2 1624 1618
2 1575 1573
2 1555 1538
2 1537 1532
2 1520 1516
2 1508 1494
2 1486 1480
2 1475 1469
2 1463 1460
2 1396 1391
2 1372 1359
2 1353 1350
2 1340 1331
2 1325 1313
2 1310 1284
2 1272 1256
2 1250 1236
2 1221 1215
2 1200 1162
2 1149 1145
2 1143 1140
2 1130 1126
2 1098 1081
2 1077 1060
2 1056 1042
2 1019 1004
2 979 976
2 955 954
2 940 935
2 908 900
2 869 860
2 855 854
2 805 772
2 763 718
2 714 704
2 697 689
2 680 654
2 649 627
2 618 592
2 588 587
2 579 567
2 566 546
2 537 530
2 527 512
2 472 468
2 463 462
2 438 437
2 414 395
2 370 363
2 358 357
2 288 245
2 238 203
2 199 185
2 183 177
2 174 165
2 160 138
2 128 124
2 117 112
2 96 86
2 84 71
2 45 35
2 33 99997
2 99994 99993
2 99989 99973
2 99972 99971
2 99968 99964
2 99960 99959
2 99956 99949
2 99932 99924
2 99886 99882
2 99881 99879
2 99870 99866
2 99865 99843
2 99823 99822
2 99817 99801
2 99798 99791
2 99781 99774
2 99773 99766
2 99759 99752
2 99705 99699
2 99695 99678
2 99677 99636
2 99630 99625
2 99619 99611
2 99590 99588
2 99584 99557
2 99551 99539
2 99532 99509
2 99506 99501
2 99496 99495
2 99482 99430
2 99428 99395
2 99379 99378
2 99364 99363
2 99362 99349
2 99343 99332
2 99323 99322
2 99302 99301
2 99290 99289
2 99284 99279
2 99276 99271
2 99265 99257
2 99239 99236
2 99228 99217
2 99208 99201
2 99195 99190
2 99180 99178
2 99177 99171
2 99166 99160
2 99140 99132
2 99130 99109
2 99106 99103
2 99097 99093
2 99077 99064
2 99060 99047
2 99043 99037
2 99017 99016
2 99010 99005
2 98995 98987
2 98977 98973
2 98969 98955
2 98942 98937
2 98929 98915
2 98892 98885
2 98864 98846
2 98829 98828
2 98799 98798
2 98792 98789
2 98772 98771
2 98766 98765
2 98741 98719
2 98717 98714
2 98694 98693
2 98671 98668
2 98665 98657
2 98649 98642
2 98638 98634
2 98629 98623
2 98606 98603
2 98601 98589
2 98585 98583
2 98582 98572
2 98567 98565
2 98555 98554
2 98550 98548
2 98546 98532
2 98530 98518
2 98503 98492
2 98486 98480
2 98470 98464
2 98463 98456
2 98444 98435
2 98434 98411
2 98401 98394
2 98390 98389
2 98385 98381
2 98376 98370
2 98354 98353
2 98349 98347
2 98308 98306
2 98303 98294
2 98291 98290
2 98286 98284
2 98282 98278
2 98250 98242
2 98196 98195
2 98186 98181
2 98171 98161
2 98153 98140
2 98136 98131
2 98125 98124
2 98116 98113
2 98107 98102
2 98080 98076
2 98067 98062
2 98031 98026
2 98000 97998
2 97994 97993
2 97989 97960
2 97958 97952
2 97948 97939
2 97929 97916
2 97910 97901
2 97883 97876
2 97854 97851
2 97846 97845
2 97825 97793
2 97790 97774
2 97762 97743
2 97734 97719
2 97718 97703
2 97653 97648
2 97645 97611
2 97604 97601
2 97597 97575
2 97574 97571
2 97567 97564
2 97559 97549
2 97535 97533
2 97529 97486
2 97475 97462
2 97459 97449
2 97445 97439
2 97412 97410
2 97406 97405
2 97404 97399
2 97384 97380
2 97368 97356
2 97326 97311
2 97300 97297
2 97285 97272
2 97268 97254
2 97250 97240
2 97215 97207
2 97175 97159
2 97156 97152
2 97150 97118
2 97090 97079
2 97078 97050
2 97043 97042
2 97041 97038
2 97030 97029
2 97022 97021
2 97019 97018
2 97004 97002
2 96955 96933
2 96925 96907
2 96884 96841
2 96828 96819
2 96795 96785
2 96772 96717
2 96712 96707
2 96693 96686
2 96682 96668
2 96663 96659
2 96643 96628
2 96619 96615
2 96607 96602
2 96592 96591
2 96588 96577
2 96576 96568
2 96566 96562
2 96549 96539
2 96536 96526
2 96512 96510
2 96506 96493
2 96491 96486
2 96484 96474
2 96473 96459
2 96456 96443
2 96435 96428
2 96404 96403
2 96396 96386
2 96384 96360
2 96351 96350
2 96313 96309
2 96298 96297
2 96260 96256
2 96251 96238
2 96237 96236
2 96212 96187
2 96174 96173
2 96165 96162
2 96159 96156
2 96154 96148
2 96132 96127
2 96113 96103
2 96092 96090
2 96058 96050
2 96032 96031
2 96016 96014
2 95991 95980
2 95958 95937
2 95925 95923
2 95916 95907
2 95906 95885
2 95872 95868
2 95859 95858
2 95805 95775
2 95758 95748
2 95739 95727
2 95718 95710
2 95701 95693
2 95686 95684
2 95668 95662
2 95660 95659
2 95645 95643
2 95634 95603
2 95589 95586
2 95565 95530
2 95521 95518
2 95497 95481
2 95469 95466
2 95457 95451
2 95436 95435
2 95429 95422
2 95387 95379
2 95373 95359
2 95351 95344
2 95343 95305
2 95299 95296
2 95252 95242
2 95239 95235
2 95215 95208
2 95201 95198
2 95190 95185
2 95183 95179
2 95175 95161
2 95147 95139
2 95128 95120
2 95118 95097
2 95096 95087
2 95059 95056
2 95051 95025
2 95015 95012
2 94990 94978
2 94972 94967
2 94965 94963
2 94960 94958
2 94956 94937
2 94926 94903
2 94891 94890
2 94882 94867
2 94861 94853
2 94849 94847
2 94799 94798
2 94797 94793
2 94792 94782
2 94781 94773
2 94754 94730
2 94729 94704
2 94700 94693
2 94691 94687
2 94682 94680
2 94674 94659
2 94655 94654
2 94653 94646
2 94643 94642
2 94641 94632
2 94622 94613
2 94607 94604
2 94599 94549
2 94531 94526
2 94501 94499
2 94496 94493
2 94485 94473
2 94452 94445
2 94432 94428
2 94427 94394
2 94384 94375
2 94353 94349
2 94345 94321
2 94315 94294
2 94286 94278
2 94275 94269
2 94265 94264
2 94262 94249
2 94245 94237
2 94232 94219
2 94216 94194
2 94186 94184
2 94163 94150
2 94144 94108
2 94077 94070
2 94067 94054
2 94049 94043
2 94039 94030
2 94000 93991
2 93983 93974
2 93973 93969
2 93968 93956
2 93953 93944
2 93927 93916
2 93911 93906
2 93894 93891
2 93887 93873
2 93857 93849
2 93847 93829
2 93824 93788
2 93760 93751
2 93738 93735
2 93710 93704
2 93703 93683
2 93682 93679
2 93669 93656
2 93645 93641
2 93629 93627
2 93622 93616
2 93613 93611
2 93591 93561
2 93560 93554
2 93541 93535
2 93534 93524
2 93518 93509
2 93506 93493
2 93491 93486
2 93467 93462
2 93459 93434
2 93425 93419
2 93416 93414
2 93402 93398
2 93396 93395
2 93382 93371
2 93362 93338
2 93317 93313
2 93290 93283
2 93278 93272
2 93257 93255
2 93245 93233
2 93225 93205
2 93203 93201
2 93190 93172
2 93159 93152
2 93133 93128
2 93124 93108
2 93102 93098
2 93091 93087
2 93085 93069
2 93068 93065
2 93064 93056
2 93051 93029
2 93017 93012
2 93006 93005
2 92996 92989
2 92978 92974
2 92962 92950
2 92938 92933
2 92930 92915
2 92904 92887
2 92881 92880
2 92879 92864
2 92858 92819
2 92805 92796
2 92785 92757
2 92750 92748
2 92746 92719
2 92717 92701
2 92695 92690
2 92686 92678
2 92676 92672
2 92669 92652
2 92631 92614
2 92588 92582
2 92575 92559
2 92555 92554
2 92552 92550
2 92543 92534
2 92505 92501
2 92488 92477
2 92476 92473
2 92466 92453
2 92443 92431
2 92416 92415
2 92410 92401
2 92397 92395
2 92389 92384
2 92381 92376
2 92369 92356
2 92347 92336
2 92328 92313
2 92310 92306
2 92297 92276
2 92271 92270
2 92269 92255
2 92253 92244
2 92216 92207
2 92197 92165
2 92158 92148
2 92145 92135
2 92124 92120
2 92104 92075
2 92071 92057
2 92053 92051
2 92043 92042
2 92036 92032
2 92020 91994
2 91969 91967
2 91962 91959
2 91955 91951
2 91936 91930
2 91929 91927
2 91908 91899
2 91883 91878
2 91875 91870
2 91866 91860
2 91858 91854
2 91852 91827
2 91811 91806
2 91800 91798
2 91780 91779
2 91776 91762
2 91746 91742
2 91736 91717
2 91708 91692
2 91668 91665
2 91662 91659
2 91655 91641
2 91630 91620
2 91583 91570
2 91555 91548
2 91544 91543
2 91539 91520
2 91519 91499
2 91478 91477
2 91474 91468
2 91446 91437
2 91422 91419
2 91410 91401
2 91394 91378
2 91364 91358
2 91356 91353
2 91351 91348
2 91345 91328
2 91323 91321
2 91320 91304
2 91286 91273
2 91272 91264
2 91263 91255
2 91236 91235
2 91234 91232
2 91220 91212
2 91191 91178
2 91174 91172
2 91168 91151
2 91119 91115
2 91102 91101
2 91067 91063
2 91052 91035
2 91017 91002
2 90992 90986
2 90984 90973
2 90942 90936
2 90931 90926
2 90916 90911
2 90900 90885
2 90881 90880
2 90878 90871
2 90869 90857
2 90854 90844
2 90834 90811
2 90808 90807
2 90789 90782
2 90778 90774
2 90771 90768
2 90764 90722
2 90706 90699
2 90698 90692
2 90644 90639
2 90635 90617
2 90615 90592
2 90586 90573
2 90553 90536
2 90533 90487
2 90459 90458
2 90455 90451
2 90425 90420
2 90411 90388
2 90378 90359
2 90357 90349
2 90346 90345
2 90339 90319
2 90283 90279
2 90271 90255
2 90247 90233
2 90226 90225
2 90221 90210
2 90186 90179
2 90178 90170
2 90165 90161
2 90148 90107
2 90095 90089
2 90084 90058
2 90056 90054
2 90038 90034
2 90019 89997
2 89990 89986
2 89985 89980
2 89971 89969
2 89963 89961
2 89955 89947
2 89943 89942
2 89914 89878
2 89863 89862
2 89858 89842
2 89825 89821
2 89814 89809
2 89805 89804
2 89797 89767
2 89764 89731
2 89730 89725
2 89707 89680
2 89673 89667
2 89661 89660
2 89655 89636
2 89627 89593
2 89583 89577
2 89544 89539
2 89529 89521
2 89490 89486
2 89482 89448
2 89427 89426
2 89415 89397
2 89394 89389
2 89383 89382
2 89371 89356
2 89355 89350
2 89349 89324
2 89317 89299
2 89291 89283
2 89252 89236
2 89233 89228
2 89226 89214
2 89212 89181
2 89177 89163
2 89152 89146
2 89130 89127
2 89126 89114
2 89076 89068
2 89065 89043
2 89037 89016
2 89005 88985
2 88977 88971
2 88964 88954
2 88952 88949
2 88948 88923
2 88907 88902
2 88887 88885
2 88881 88875
2 88863 88852
2 88846 88844
2 88839 88837
2 88834 88830
2 88822 88820
2 88816 88753
2 88744 88742
2 88740 88737
2 88735 88706
2 88704 88696
2 88690 88684
2 88678 88657
2 88656 88655
2 88642 88626
2 88623 88617
2 88611 88600
2 88543 88529
2 88521 88513
2 88508 88506
2 88494 88490
2 88489 88488
2 88484 88471
2 88467 88453
2 88451 88436
2 88435 88427
2 88404 88399
2 88382 88376
2 88356 88317
2 88315 88292
2 88291 88288
2 88281 88269
2 88263 88246
2 88230 88187
2 88171 88158
2 88148 88144
2 88141 88135
2 88116 88106
2 88102 88101
2 88090 88077
2 88066 88062
2 88059 88058
2 88054 88044
2 88037 88034
2 88023 88010
2 88005 87990
2 87988 87986
2 87980 87979
2 87976 87961
2 87956 87953
2 87940 87932
2 87930 87900
2 87896 87890
2 87886 87873
2 87870 87867
2 87866 87856
2 87855 87851
2 87850 87846
2 87829 87824
2 87807 87797
2 87794 87793
2 87784 87771
2 87768 87760
2 87758 87756
2 87748 87740
2 87724 87715
2 87694 87685
2 87684 87679
2 87677 87673
2 87667 87659
2 87658 87656
2 87654 87635
2 87624 87617
2 87564 87562
2 87561 87556
2 87554 87529
2 87524 87519
2 87514 87513
2 87512 87509
2 87502 87501
2 87484 87475
2 87472 87451
2 87449 87447
2 87439 87435
2 87433 87428
2 87424 87418
2 87415 87407
2 87400 87377
2 87376 87369
2 87368 87365
2 87359 87353
