46582
2 99925 99783
2 99763 99755
2 99750 99745
2 99735 99671
2 99648 99577
2 99505 99444
2 99442 99413
2 99339 99314
2 99297 99282
2 99260 99245
2 99220 99215
2 99164 99086
2 99082 99074
2 99027 98974
2 98947 98750
2 98688 98676
2 98615 98594
2 98504 98438
2 98429 98414
2 98391 98386
2 98338 98314
2 98237 98228
2 98165 98162
2 98158 98156
2 98155 98077
2 98070 98006
2 97971 97937
2 97875 97873
2 97866 97857
2 97821 97722
2 97711 97709
2 97649 97647
2 97617 97521
2 97440 97415
2 97347 97282
2 97256 97239
2 97173 97131
2 97094 97088
2 97061 97003
2 96967 96936
2 96921 96914
2 96893 96876
2 96738 96711
2 96631 96624
2 96534 96503
2 96498 96442
2 96415 96393
2 96345 96319
2 96235 96215
2 96171 96151
2 96145 96142
2 96077 96064
2 96057 96048
2 95905 95888
2 95850 95846
2 95832 95830
2 95813 95808
2 95752 95696
2 95692 95627
2 95578 95542
2 95519 95516
2 95502 95500
2 95448 95413
2 95265 95260
2 95257 95199
2 95154 95116
2 95113 95090
2 95074 95026
2 94925 94907
2 94788 94771
2 94763 94761
2 94721 94697
2 94678 94671
2 94667 94639
2 94600 94565
2 94545 94535
2 94460 94439
2 94352 94344
2 94329 94209
2 94160 94159
2 94149 94123
2 93975 93957
2 93954 93942
2 93875 93835
2 93773 93623
2 93480 93389
2 93366 93292
2 93285 93260
2 93239 93209
2 93146 93144
2 93110 93096
2 93070 93054
2 93053 93039
2 93027 92848
2 92813 92804
2 92799 92790
2 92761 92754
2 92745 92673
2 92668 92525
2 92481 92434
2 92414 92344
2 92245 92177
2 92149 92138
2 92134 92133
2 92123 92107
2 92065 92048
2 92040 92002
2 91983 91877
2 91835 91735
2 91684 91588
2 91571 91564
2 91536 91535
2 91503 91485
2 91470 91457
2 91411 91384
2 91339 91259
2 91161 91141
2 91107 90989
2 90983 90965
2 90962 90934
2 90927 90918
2 90917 90892
2 90804 90775
2 90756 90733
2 90677 90568
2 90539 90506
2 90485 90331
2 90316 90303
2 90285 90223
2 90205 90188
2 90144 90138
2 90120 90119
2 90083 90072
2 90011 89905
2 89834 89813
2 89808 89752
2 89747 89741
2 89666 89617
2 89611 89587
2 89554 89525
2 89467 89360
2 89251 89231
2 89075 89061
2 89033 89010
2 88963 88945
2 88851 88788
2 88775 88766
2 88764 88664
2 88596 88571
2 88568 88446
2 88415 88388
2 88325 88287
2 88277 88255
2 88244 88241
2 88195 88113
2 88039 87969
2 87928 87907
2 87839 87817
2 87675 87647
2 87585 87580
2 87432 87331
2 87321 87313
2 87171 87162
2 87111 87087
2 87030 86980
2 86930 86840
2 86827 86778
2 86769 86740
2 86725 86654
2 86651 86620
2 86615 86614
2 86459 86441
2 86406 86278
2 86149 86126
2 86103 86045
2 85971 85958
2 85935 85922
2 85878 85863
2 85769 85758
2 85709 85626
2 85552 85508
2 85456 85452
2 85436 85433
2 85418 85406
2 85405 85358
2 85356 85342
2 85319 85278
2 85204 85122
2 85108 85069
2 85035 84988
2 84949 84948
2 84922 84839
2 84770 84734
2 84638 84584
2 84549 84540
2 84470 84428
2 84396 84381
2 84336 84290
2 84275 84259
2 84136 84120
2 84095 84087
2 84080 84066
2 84049 84048
2 84045 84018
2 84001 83959
2 83958 83903
2 83854 83847
2 83766 83715
2 83708 83687
2 83629 83606
2 83592 83577
2 83509 83456
2 83436 83429
2 83307 83242
2 83216 83090
2 83074 83073
2 83070 83063
2 83061 83041
2 82974 82822
2 82751 82748
2 82685 82662
2 82602 82575
2 82556 82499
2 82475 82387
2 82364 82358
2 82320 82312
2 82162 82061
2 82011 81989
2 81983 81943
2 81925 81873
2 81815 81796
2 81783 81774
2 81741 81721
2 81679 81511
2 81398 81393
2 81262 81249
2 81230 81167
2 81108 81058
2 81047 81046
2 81036 81014
2 80971 80920
2 80917 80863
2 80858 80834
2 80802 80784
2 80769 80590
2 80550 80533
2 80440 80400
2 80389 80374
2 80369 80357
2 80329 80316
2 80288 80263
2 80229 80185
2 80096 80091
2 80066 80052
2 80002 79979
2 79817 79783
2 79690 79641
2 79596 79579
2 79578 79571
2 79510 79490
2 79450 79406
2 79369 79359
2 79325 79279
2 79198 79143
2 79142 79054
2 78982 78980
2 78970 78954
2 78933 78904
2 78841 78833
2 78783 78677
2 78656 78655
2 78649 78592
2 78578 78404
2 78394 78288
2 78260 78153
2 78131 78124
2 78114 78106
2 78014 78004
2 77991 77983
2 77785 77530
2 77454 77452
2 77451 77361
2 77341 77326
2 77317 77282
2 77256 77244
2 77132 77097
2 77053 77052
2 77026 77012
2 76970 76946
2 76941 76939
2 76914 76891
2 76755 76629
2 76603 76600
2 76586 76557
2 76509 76471
2 76426 76412
2 76294 76269
2 76260 76247
2 76178 76072
2 75985 75920
2 75892 75862
2 75847 75790
2 75753 75743
2 75726 75629
2 75615 75598
2 75583 75404
2 75386 75382
2 75376 75195
2 75119 75116
2 75065 75012
2 75007 74994
2 74954 74923
2 74872 74866
2 74814 74790
2 74702 74627
2 74482 74462
2 74438 74384
2 74352 74342
2 74303 74283
2 74187 74170
2 74107 74051
2 74042 74001
2 73970 73966
2 73939 73856
2 73850 73815
2 73811 73743
2 73741 73719
2 73708 73672
2 73651 73650
2 73636 73622
2 73603 73595
2 73494 73469
2 73429 73407
2 73406 73364
2 73362 73314
2 73243 73182
2 73085 73054
2 73003 72944
2 72934 72929
2 72879 72811
2 72724 72613
2 72600 72465
2 72410 72369
2 72349 72299
2 72278 72252
2 72229 72112
2 72060 72055
2 72008 72002
2 71982 71974
2 71942 71853
2 71796 71790
2 71730 71639
2 71591 71391
2 71359 71328
2 71263 71152
2 71139 71126
2 71117 71043
2 70946 70912
2 70884 70860
2 70855 70820
2 70766 70691
2 70680 70610
2 70589 70588
2 70575 70560
2 70545 70532
2 70513 70441
2 70366 70213
2 70206 70189
2 70184 70147
2 70077 70040
2 70037 69983
2 69863 69852
2 69849 69827
2 69821 69807
2 69789 69770
2 69748 69742
2 69703 69679
2 69618 69445
2 69313 69304
2 69292 69290
2 69251 69235
2 69210 69157
2 69090 69071
2 69052 69022
2 68975 68968
2 68943 68903
2 68888 68775
2 68570 68556
2 68537 68513
2 68481 68460
2 68446 68435
2 68388 68342
2 68336 68302
2 68263 68141
2 68085 68084
2 68083 68044
2 68035 67992
2 67949 67880
2 67874 67825
2 67782 67729
2 67713 67530
2 67528 67521
2 67501 67317
2 67282 67257
2 67229 67214
2 67185 67120
2 67087 67059
2 67055 67017
2 67016 67014
2 67012 67001
2 66980 66954
2 66929 66917
2 66808 66784
2 66772 66749
2 66597 66568
2 66496 66467
2 66462 66449
2 66397 66291
2 66259 66223
2 66221 66175
2 66166 66151
2 66133 66083
2 66060 66052
2 65995 65983
2 65957 65921
2 65916 65828
2 65777 65763
2 65752 65728
2 65578 65558
2 65453 65408
2 65393 65337
2 65280 65254
2 65182 65165
2 65120 65110
2 65102 65101
2 65064 65024
2 64979 64977
2 64966 64953
2 64907 64882
2 64790 64722
2 64678 64671
2 64580 64570
2 64528 64510
2 64443 64417
2 64358 64347
2 64327 64260
2 64236 64139
2 64125 64095
2 64092 63959
2 63952 63934
2 63919 63913
2 63845 63782
2 63758 63702
2 63660 63620
2 63547 63522
2 63503 63499
2 63462 63448
2 63421 63393
2 63347 63340
2 63322 63274
2 63263 63239
2 63216 63161
2 63102 63056
2 63014 62865
2 62860 62858
2 62855 62727
2 62718 62697
2 62561 62559
2 62392 62333
2 62304 62228
2 62203 62168
2 62161 62140
2 62131 62108
2 61991 61987
2 61977 61976
2 61969 61962
2 61933 61927
2 61840 61820
2 61819 61818
2 61810 61555
2 61511 61507
2 61462 61441
2 61336 61295
2 61256 61254
2 61220 61194
2 61182 61065
2 61034 60960
2 60949 60891
2 60835 60797
2 60703 60678
2 60675 60636
2 60630 60618
2 60592 60553
2 60471 60419
2 60407 60354
2 60351 60343
2 60311 60270
2 60165 60130
2 60018 59996
2 59983 59916
2 59889 59721
2 59682 59673
2 59658 59569
2 59523 59445
2 59427 59369
2 59366 59356
2 59325 59299
2 59292 59288
2 59129 59058
2 58973 58968
2 58967 58934
2 58909 58901
2 58803 58739
2 58696 58681
2 58680 58633
2 58600 58546
2 58455 58433
2 58393 58388
2 58362 58345
2 58320 58293
2 58229 58219
2 58128 58110
2 58109 58098
2 57953 57902
2 57861 57812
2 57790 57782
2 57717 57681
2 57620 57587
2 57524 57470
2 57395 57349
2 57252 57227
2 57185 57117
2 57115 57082
2 57037 57009
2 56867 56843
2 56797 56776
2 56732 56684
2 56682 56652
2 56621 56578
2 56574 56548
2 56419 56416
2 56293 56261
2 56237 56233
2 56196 56157
2 56108 56037
2 56009 56001
2 55988 55967
2 55935 55852
2 55829 55751
2 55706 55676
2 55667 55600
2 55594 55568
2 55561 55526
2 55490 55480
2 55468 55465
2 55383 55368
2 55343 55336
2 55321 55304
2 55297 55279
2 55202 55193
2 55158 55125
2 55117 55106
2 55083 55082
2 55033 55032
2 54992 54903
2 54888 54819
2 54782 54620
2 54580 54541
2 54464 54449
2 54447 54436
2 54328 54324
2 54271 54185
2 54058 54016
2 53917 53906
2 53888 53851
2 53840 53693
2 53670 53645
2 53607 53588
2 53513 53459
2 53428 53357
2 53162 53153
2 53151 53143
2 53125 53114
2 53080 53076
2 53067 53041
2 53036 52962
2 52907 52898
2 52834 52730
2 52711 52710
2 52695 52692
2 52590 52585
2 52573 52572
2 52567 52457
2 52294 52282
2 52277 52266
2 52262 52231
2 52214 52196
2 52111 52090
2 52079 52055
2 52036 52020
2 51835 51821
2 51796 51756
2 51706 51649
2 51624 51623
2 51608 51599
2 51577 51501
2 51398 51335
2 51259 51226
2 51202 51200
2 51185 51172
2 51157 51138
2 51087 51042
2 50995 50931
2 50906 50885
2 50882 50751
2 50685 50659
2 50651 50566
2 50517 50490
2 50484 50441
2 50420 50408
2 50379 50374
2 50356 50266
2 50264 50219
2 50191 50179
2 50163 50136
2 50099 50014
2 49984 49962
2 49870 49859
2 49850 49848
2 49757 49730
2 49719 49713
2 49662 49595
2 49545 49535
2 49499 49328
2 49319 49131
2 49077 49049
2 49036 49022
2 48893 48804
2 48600 48489
2 48440 48420
2 48361 48323
2 48290 48248
2 48244 48219
2 48055 47996
2 47993 47952
2 47942 47892
2 47867 47852
2 47823 47791
2 47752 47741
2 47676 47641
2 47628 47615
2 47613 47609
2 47543 47523
2 47478 47456
2 47450 47445
2 47422 47420
2 47378 47362
2 47346 47243
2 47194 47179
2 47137 47051
2 47042 46964
2 46913 46905
2 46877 46850
2 46849 46768
2 46747 46710
2 46689 46688
2 46663 46660
2 46528 46511
2 46455 46405
2 46395 46381
2 46377 46272
2 46198 46148
2 46136 45999
2 45978 45973
2 45919 45843
2 45794 45734
2 45669 45633
2 45619 45602
2 45576 45463
2 45443 45360
2 45348 45216
2 45174 45116
2 45022 44991
2 44981 44930
2 44898 44895
2 44887 44772
2 44765 44731
2 44669 44498
2 44487 44445
2 44417 44416
2 44414 44411
2 44405 44386
2 44380 44379
2 44368 44367
2 44346 44309
2 44238 44222
2 44093 44043
2 44028 44006
2 43998 43961
2 43910 43825
2 43775 43762
2 43759 43721
2 43667 43555
2 43552 43502
2 43500 43431
2 43376 43336
2 43335 43334
2 43289 43218
2 43106 43062
2 43060 43044
2 43028 43000
2 42986 42976
2 42903 42879
2 42813 42805
2 42772 42771
2 42752 42729
2 42710 42656
2 42604 42494
2 42462 42438
2 42374 42354
2 42268 42221
2 42108 42092
2 42086 42061
2 42044 41995
2 41957 41922
2 41859 41781
2 41762 41730
2 41648 41630
2 41549 41300
2 41222 41203
2 41197 41166
2 41108 41105
2 41090 41041
2 40970 40942
2 40896 40892
2 40763 40664
2 40653 40629
2 40602 40591
2 40540 40533
2 40484 40443
2 40395 40368
2 40362 40314
2 40312 40261
2 40251 40147
2 40134 40115
2 40075 40064
2 40050 40015
2 39954 39882
2 39879 39861
2 39838 39760
2 39755 39754
2 39735 39731
2 39610 39587
2 39575 39532
2 39477 39476
2 39449 39392
2 39360 39304
2 39289 39280
2 39267 39244
2 39212 39184
2 39173 39106
2 39037 39016
2 38937 38898
2 38878 38870
2 38755 38718
2 38675 38641
2 38559 38547
2 38515 38422
2 38416 38358
2 38337 38255
2 38181 38178
2 38154 38111
2 38105 38043
2 37986 37890
2 37786 37753
2 37739 37710
2 37692 37660
2 37643 37637
2 37510 37372
2 37345 37343
2 37318 37308
2 37305 37302
2 37275 37229
2 37131 37116
2 37051 37000
2 36963 36938
2 36889 36843
2 36834 36800
2 36718 36562
2 36550 36318
2 36301 36273
2 36265 36207
2 36192 36136
2 36135 36102
2 36061 36039
2 36025 35933
2 35896 35867
2 35837 35808
2 35787 35758
2 35715 35608
2 35603 35588
2 35516 35504
2 35471 35439
2 35428 35403
2 35354 35329
2 35319 35242
2 35226 35173
2 35154 35123
2 35069 35049
2 35008 34909
2 34899 34883
2 34866 34854
2 34851 34823
2 34822 34816
2 34781 34749
2 34700 34693
2 34668 34654
2 34643 34584
2 34573 34516
2 34504 34411
2 34376 34348
2 34313 34248
2 34231 34223
2 34203 34155
2 34118 34107
2 34087 33894
2 33864 33820
2 33819 33750
2 33631 33521
2 33514 33502
2 33496 33436
2 33421 33416
2 33406 33316
2 33303 33283
2 33260 33247
2 33209 33134
2 33077 33016
2 32970 32948
2 32944 32876
2 32868 32845
2 32780 32703
2 32681 32667
2 32641 32613
2 32599 32565
2 32559 32543
2 32540 32378
2 32367 32301
2 32255 32245
2 32207 32173
2 32138 32092
2 32087 32020
2 31963 31939
2 31934 31866
2 31832 31774
2 31769 31731
2 31707 31697
2 31676 31648
2 31579 31456
2 31450 31431
2 31417 31362
2 31217 31183
2 31132 30999
2 30991 30981
2 30940 30939
2 30923 30891
2 30883 30851
2 30832 30805
2 30792 30772
2 30739 30705
2 30673 30664
2 30645 30575
2 30564 30545
2 30484 30461
2 30426 30367
2 30331 30223
2 30221 30194
2 30128 30101
2 30050 29984
2 29975 29965
2 29874 29870
2 29852 29810
2 29806 29662
2 29640 29610
2 29608 29538
2 29506 29437
2 29425 29337
2 29319 29312
2 29275 29268
2 29257 29148
2 29115 28974
2 28951 28938
2 28900 28898
2 28886 28855
2 28831 28751
2 28703 28664
2 28632 28604
2 28583 28558
2 28425 28390
2 28329 28315
2 28290 28287
2 28251 28242
2 28217 28201
2 28184 28150
2 28092 28080
2 28005 27988
2 27955 27897
2 27894 27837
2 27638 27625
2 27550 27548
2 27544 27418
2 27385 27384
2 27356 27348
2 27336 27172
2 27124 27119
2 27101 27029
2 26961 26954
2 26934 26909
2 26899 26733
2 26541 26530
2 26494 26488
2 26399 26361
2 26355 26282
2 26273 26250
2 26169 26027
2 26010 25966
2 25962 25946
2 25910 25873
2 25866 25860
2 25847 25838
2 25825 25786
2 25781 25701
2 25698 25694
2 25574 25542
2 25504 25488
2 25435 25407
2 25267 25202
2 25180 25179
2 25147 25046
2 25001 24954
2 24953 24926
2 24798 24681
2 24630 24594
2 24552 24476
2 24471 24456
2 24424 24370
2 24330 24313
2 24299 24283
2 24216 24157
2 24097 24088
2 24057 23988
2 23942 23794
2 23756 23731
2 23557 23518
2 23512 23500
2 23490 23489
2 23469 23455
2 23338 23332
2 23319 23156
2 23118 23098
2 23041 22998
2 22997 22972
2 22967 22937
2 22934 22886
2 22872 22759
2 22737 22714
2 22637 22580
2 22353 22301
2 22261 22255
2 22168 22028
2 21971 21968
2 21923 21897
2 21893 21881
2 21862 21855
2 21854 21802
2 21761 21752
2 21737 21735
2 21702 21692
2 21669 21640
2 21581 21580
2 21566 21536
2 21414 21383
2 21364 21346
2 21342 21334
2 21256 21210
2 21206 21204
2 21200 21182
2 21172 21119
2 21075 21074
2 21069 21030
2 20971 20891
2 20881 20841
2 20831 20821
2 20771 20723
2 20605 20527
2 20494 20492
2 20483 20429
2 20378 20373
2 20361 20338
2 20330 20285
2 20234 20187
2 20170 20134
2 20061 20035
2 19904 19885
2 19841 19799
2 19749 19735
2 19659 19497
2 19370 19355
2 19336 19316
2 19257 19216
2 19204 19134
2 19079 19075
2 19050 19000
2 18946 18906
2 18880 18852
2 18802 18748
2 18738 18734
2 18708 18680
2 18603 18564
2 18502 18458
2 18398 18343
2 18175 18076
2 18005 17966
2 17962 17901
2 17856 17840
2 17787 17704
2 17697 17666
2 17662 17617
2 17584 17581
2 17572 17554
2 17504 17466
2 17449 17358
2 17341 17327
2 17266 17237
2 17128 17107
2 17106 16977
2 16970 16857
2 16821 16741
2 16666 16663
2 16612 16604
2 16568 16551
2 16536 16531
2 16524 16497
2 16446 16430
2 16352 16336
2 16247 16186
2 16163 16050
2 16017 15949
2 15934 15928
2 15916 15855
2 15698 15649
2 15552 15462
2 15426 15360
2 15330 15253
2 15224 15188
2 15134 15090
2 14957 14910
2 14877 14874
2 14818 14786
2 14714 14711
2 14640 14612
2 14595 14512
2 14501 14470
2 14434 14356
2 14302 14267
2 14240 14215
2 14187 14096
2 14078 14004
2 13982 13901
2 13882 13805
2 13649 13629
2 13610 13577
2 13531 13519
2 13470 13459
2 13454 13451
2 13426 13385
2 13311 13230
2 13217 13213
2 13113 13060
2 13057 12933
2 12845 12842
2 12832 12829
2 12821 12816
2 12791 12766
2 12655 12642
2 12623 12621
2 12588 12503
2 12492 12458
2 12383 12339
2 12332 12248
2 12236 12235
2 12233 12210
2 12208 12180
2 12145 12096
2 11960 11937
2 11930 11843
2 11830 11825
2 11819 11801
2 11781 11733
2 11722 11654
2 11615 11597
2 11570 11540
2 11506 11433
2 11380 11363
2 11337 11282
2 11280 11242
2 11171 11110
2 11032 10990
2 10912 10827
2 10792 10671
2 10580 10564
2 10553 10552
2 10469 10468
2 10429 10428
2 10420 10340
2 10339 10313
2 10262 10255
2 10091 10079
2 10073 9784
2 9756 9742
2 9630 9605
2 9583 9575
2 9540 9483
2 9477 9440
2 9416 9389
2 9354 9310
2 9303 9297
2 9286 9227
2 9138 9060
2 8998 8969
2 8903 8877
2 8865 8854
2 8825 8764
2 8740 8718
2 8691 8536
2 8531 8478
2 8453 8195
2 8067 8061
2 7922 7842
2 7834 7750
2 7734 7715
2 7706 7699
2 7572 7518
2 7489 7421
2 7375 7350
2 7281 7205
2 7136 7127
2 7092 7079
2 7030 6997
2 6954 6946
2 6909 6842
2 6781 6677
2 6620 6615
2 6565 6541
2 6535 6368
2 6364 6276
2 6253 6232
2 6224 6200
2 6111 6103
2 6076 6053
2 6027 6002
2 5992 5859
2 5849 5814
2 5779 5734
2 5725 5718
2 5666 5458
2 5362 5358
2 5329 5277
2 5268 5220
2 5200 5174
2 5164 5147
2 5060 5049
2 4998 4984
2 4948 4888
2 4885 4879
2 4876 4845
2 4829 4817
2 4813 4783
2 4753 4752
2 4601 4584
2 4526 4521
2 4418 4340
2 4315 4272
2 4234 4195
2 4184 4127
2 4078 4061
2 4006 3971
2 3837 3815
2 3814 3806
2 3793 3781
2 3766 3692
2 3671 3665
2 3646 3643
2 3591 3580
2 3568 3547
2 3439 3395
2 3295 3283
2 3269 3211
2 3189 3107
2 3051 3035
2 3026 2988
2 2951 2939
2 2938 2857
2 2812 2808
2 2734 2680
2 2672 2593
2 2483 2444
2 2426 2408
2 2405 2399
2 2327 2280
2 2271 2164
2 2131 2119
2 2068 2058
2 1971 1960
2 1950 1890
2 1868 1861
2 1847 1784
2 1748 1743
2 1721 1697
2 1569 1539
2 1344 1267
2 1231 1205
2 1193 1172
2 1148 1137
2 1136 1082
2 1011 862
2 843 834
2 817 799
2 773 711
2 676 662
2 641 595
2 476 456
2 452 448
2 440 410
2 362 280
2 255 235
2 201 176
2 104 82
2 46 2
2 99992 99979
2 99961 99858
2 99813 99802
2 99713 99692
2 99676 99655
2 99639 99628
2 99587 99559
2 99538 99510
2 99466 99431
2 99359 99338
2 99320 99286
2 99275 99216
2 99204 99194
2 99175 99122
2 99068 99053
2 99045 99038
2 98996 98972
2 98966 98894
2 98816 98737
2 98701 98672
2 98656 98607
2 98544 98543
2 98513 98396
2 98373 98366
2 98358 98352
2 98322 98316
2 98276 98214
2 98201 98176
2 98164 98119
2 98103 98094
2 98089 97930
2 97923 97893
2 97892 97864
2 97796 97788
2 97779 97729
2 97727 97713
2 97702 97694
2 97688 97685
2 97677 97658
2 97643 97637
2 97600 97558
2 97534 97523
2 97518 97442
2 97420 97376
2 97341 97329
2 97289 97265
2 97234 97171
2 97161 97151
2 97149 97146
2 97135 97103
2 97100 97016
2 96987 96979
2 96954 96904
2 96895 96862
2 96856 96833
2 96807 96748
2 96721 96696
2 96673 96641
2 96629 96621
2 96590 96496
2 96492 96418
2 96395 96385
2 96376 96369
2 96352 96342
2 96329 96311
2 96300 96275
2 96231 96221
2 96219 96172
2 96134 95992
2 95977 95969
2 95961 95953
2 95943 95893
2 95865 95796
2 95786 95768
2 95725 95646
2 95570 95549
2 95490 95474
2 95393 95367
2 95349 95338
2 95310 95289
2 95274 95264
2 95255 95232
2 95213 95194
2 95173 95134
2 95111 95011
2 94977 94970
2 94932 94910
2 94845 94844
2 94811 94803
2 94774 94734
2 94638 94614
2 94539 94516
2 94514 94513
2 94478 94400
2 94391 94364
2 94362 94350
2 94346 94333
2 94316 94289
2 94218 94176
2 94151 94068
2 94058 94051
2 94042 94011
2 93961 93949
2 93939 93929
2 93913 93851
2 93833 93798
2 93795 93789
2 93743 93664
2 93659 93646
2 93584 93580
2 93457 93329
2 93327 93310
2 93308 93289
2 93253 93234
2 93213 93211
2 93208 93200
2 93188 93169
2 93164 93157
2 93149 93115
2 93099 93046
2 93041 92959
2 92925 92849
2 92712 92674
2 92662 92620
2 92619 92615
2 92606 92597
2 92586 92577
2 92574 92568
2 92566 92510
2 92508 92507
2 92458 92411
2 92335 92334
2 92250 92230
2 92229 92224
2 92151 92095
2 92054 92019
2 91972 91950
2 91948 91945
2 91856 91840
2 91760 91716
2 91707 91704
2 91685 91669
2 91622 91593
2 91569 91561
2 91479 91467
2 91442 91423
2 91407 91363
2 91335 91268
2 91254 91244
2 91214 91192
2 91079 91073
2 91045 91012
2 91009 90987
2 90903 90898
2 90797 90777
2 90739 90695
2 90663 90609
2 90571 90552
2 90466 90448
2 90416 90341
2 90324 90278
2 90272 90248
2 90224 90212
2 90123 90112
2 90036 90012
2 89966 89957
2 89933 89932
2 89931 89898
2 89870 89868
2 89845 89788
2 89745 89739
2 89609 89552
2 89550 89527
2 89524 89509
2 89500 89444
2 89392 89363
2 89343 89310
2 89308 89294
2 89284 89259
2 89201 89183
2 89140 89137
2 89073 89051
2 88918 88912
2 88882 88871
2 88841 88833
2 88831 88786
2 88782 88769
2 88768 88731
2 88723 88717
2 88700 88662
2 88643 88615
2 88587 88585
2 88578 88547
2 88509 88465
2 88447 88443
2 88380 88299
2 88256 88247
2 88193 88180
2 88079 88057
2 87934 87920
2 87908 87858
2 87831 87825
2 87761 87743
2 87689 87660
2 87652 87610
2 87592 87589
2 87560 87553
2 87527 87493
2 87490 87453
2 87392 87305
2 87280 87265
2 87252 87238
2 87188 87182
2 87177 87151
2 87143 87107
2 87070 87062
2 86963 86800
2 86765 86706
2 86678 86675
2 86545 86519
2 86471 86463
2 86427 86381
2 86367 86364
2 86355 86347
2 86339 86335
2 86284 86255
2 86192 86180
2 86082 86062
2 86039 86004
2 85942 85920
2 85896 85890
2 85834 85828
2 85811 85794
2 85791 85744
2 85670 85661
2 85592 85587
2 85574 85517
2 85516 85500
2 85468 85453
2 85393 85368
2 85353 85338
2 85299 85295
2 85289 85259
2 85244 85224
2 85221 85211
2 85196 85179
2 85154 85143
2 85141 85136
2 85132 85070
2 85049 85015
2 84930 84892
2 84873 84799
2 84745 84730
2 84710 84709
2 84658 84651
2 84620 84570
2 84559 84537
2 84525 84505
2 84488 84477
2 84463 84444
2 84379 84352
2 84332 84309
2 84225 84150
2 84144 84125
2 84121 84110
2 84089 84073
2 83994 83956
2 83921 83816
2 83802 83755
2 83711 83652
2 83612 83581
2 83548 83546
2 83496 83463
2 83457 83433
2 83424 83408
2 83391 83359
2 83345 83311
2 83295 83265
2 83220 83211
2 83147 83145
2 83133 83022
2 83016 83004
2 83001 82894
2 82839 82756
2 82710 82682
2 82656 82639
2 82592 82578
2 82566 82565
2 82546 82445
2 82408 82353
2 82346 82338
2 82317 82179
2 82150 82146
2 82040 82037
2 81996 81990
2 81988 81973
2 81839 81819
2 81805 81803
2 81782 81729
2 81706 81705
2 81699 81685
2 81683 81681
2 81650 81624
2 81585 81562
2 81544 81536
2 81515 81503
2 81451 81443
2 81428 81407
2 81358 81321
2 81318 81296
2 81247 81199
2 81195 81158
2 81040 81004
2 80980 80924
2 80892 80891
2 80883 80869
2 80840 80801
2 80728 80687
2 80621 80568
2 80528 80527
2 80509 80503
2 80444 80437
2 80436 80395
2 80387 80368
2 80304 80260
2 80222 80122
2 80092 80085
2 80070 80069
2 80053 80034
2 79966 79864
2 79861 79850
2 79829 79800
2 79770 79755
2 79679 79637
2 79632 79625
2 79589 79518
2 79417 79376
2 79328 79300
2 79292 79257
2 79244 79160
2 79133 79127
2 79120 79105
2 79094 79086
2 79065 79039
2 78923 78903
2 78838 78821
2 78808 78794
2 78790 78766
2 78748 78732
2 78708 78699
2 78681 78568
2 78466 78459
2 78430 78399
2 78372 78350
2 78332 78324
2 78302 78299
2 78295 78276
2 78178 78163
2 78157 78146
2 78138 78137
2 78099 78085
2 77987 77961
2 77944 77939
2 77904 77848
2 77846 77765
2 77754 77709
2 77683 77605
2 77591 77575
2 77551 77546
2 77543 77532
2 77474 77468
2 77455 77448
2 77447 77414
2 77386 77383
2 77376 77353
2 77329 77309
2 77211 77154
2 77150 77123
2 77095 77091
2 76913 76896
2 76893 76853
2 76791 76743
2 76677 76665
2 76664 76650
2 76520 76518
2 76456 76448
2 76346 76315
2 76312 76279
2 76277 76250
2 76226 76222
2 76221 76198
2 76164 76159
2 76125 76081
2 76019 76004
2 75986 75958
2 75937 75886
2 75859 75858
2 75832 75780
2 75760 75757
2 75756 75668
2 75658 75656
2 75635 75606
2 75586 75563
2 75553 75548
2 75536 75527
2 75526 75523
2 75508 75412
2 75401 75354
2 75341 75323
2 75313 75285
2 75273 75266
2 75253 75212
2 75206 75179
2 75178 75147
2 75144 75092
2 75013 74945
2 74928 74926
2 74897 74865
2 74863 74843
2 74842 74838
2 74818 74774
2 74769 74758
2 74745 74711
2 74705 74664
2 74659 74649
2 74642 74630
2 74590 74561
2 74534 74483
2 74451 74422
2 74380 74375
2 74365 74347
2 74285 74206
2 74192 74102
2 74069 74021
2 73987 73959
2 73899 73788
2 73781 73745
2 73692 73688
2 73558 73539
2 73450 73443
2 73431 73419
2 73414 73408
2 73403 73400
2 73385 73291
2 73287 73283
2 73281 73249
2 73231 73225
2 73198 73174
2 73157 73141
2 73131 73036
2 73017 72933
2 72897 72890
2 72818 72812
2 72772 72757
2 72747 72707
2 72688 72681
2 72676 72669
2 72628 72599
2 72518 72467
2 72418 72404
2 72390 72375
2 72302 72269
2 72235 72185
2 72154 72146
2 72144 72082
2 72063 72043
2 72038 71962
2 71951 71866
2 71864 71804
2 71784 71781
2 71729 71719
2 71716 71691
2 71685 71640
2 71603 71594
2 71384 71356
2 71324 71317
2 71270 71260
2 71238 71232
2 71099 71070
2 71053 71050
2 71048 71036
2 71026 70977
2 70936 70890
2 70886 70807
2 70721 70699
2 70698 70599
2 70541 70474
2 70473 70388
2 70367 70309
2 70194 70183
2 70159 70135
2 70035 70026
2 69991 69917
2 69912 69717
2 69710 69702
2 69683 69670
2 69583 69509
2 69503 69502
2 69492 69480
2 69473 69440
2 69392 69361
2 69337 69326
2 69319 69275
2 69229 69176
2 69159 69028
2 69023 69007
2 68992 68967
2 68927 68908
2 68899 68837
2 68834 68792
2 68770 68756
2 68707 68698
2 68667 68656
2 68574 68555
2 68535 68532
2 68489 68485
2 68458 68443
2 68390 68373
2 68360 68311
2 68260 68257
2 68227 68200
2 68166 68133
2 68113 68103
2 68089 68049
2 68000 67996
2 67951 67927
2 67862 67839
2 67821 67733
2 67691 67675
2 67577 67537
2 67503 67421
2 67390 67374
2 67369 67348
2 67347 67340
2 67337 67328
2 67320 67308
2 67268 67262
2 67188 67175
2 67161 67091
2 67073 67067
2 66913 66908
2 66843 66815
2 66786 66733
2 66713 66652
2 66630 66607
2 66564 66456
2 66447 66408
2 66355 66326
2 66319 66246
2 66231 66189
2 66104 66005
2 65952 65932
2 65894 65823
2 65820 65810
2 65796 65753
2 65746 65723
2 65706 65700
2 65684 65675
2 65646 65641
2 65606 65479
2 65467 65464
2 65358 65347
2 65306 65305
2 65242 65215
2 65203 65188
2 65167 65151
2 65136 65098
2 65092 65077
2 65071 65031
2 64983 64981
2 64910 64873
2 64855 64833
2 64828 64793
2 64766 64760
2 64732 64704
2 64684 64609
2 64590 64560
2 64398 64391
2 64378 64364
2 64335 64277
2 64269 64212
2 64209 64187
2 64183 64053
2 64022 63988
2 63965 63943
2 63933 63917
2 63893 63844
2 63842 63840
2 63833 63829
2 63786 63729
2 63725 63718
2 63621 63617
2 63601 63577
2 63567 63564
2 63504 63484
2 63461 63457
2 63410 63365
2 63355 63346
2 63329 63327
2 63304 63267
2 63251 63249
2 63237 63223
2 63220 63186
2 63167 63137
2 63077 63064
2 63043 63035
2 63032 62986
2 62957 62939
2 62907 62904
2 62889 62877
2 62846 62833
2 62779 62749
2 62722 62694
2 62691 62683
2 62629 62609
2 62579 62541
2 62507 62497
2 62486 62476
2 62390 62383
2 62355 62340
2 62339 62329
2 62298 62256
2 62248 62213
2 62169 62113
2 62090 62084
2 62060 62036
2 62034 61982
2 61981 61953
2 61941 61923
2 61890 61873
2 61869 61839
2 61783 61776
2 61739 61709
2 61705 61696
2 61588 61563
2 61560 61558
2 61534 61492
2 61388 61376
2 61355 61285
2 61261 61248
2 61219 61218
2 61210 61180
2 61093 61056
2 60998 60993
2 60986 60917
2 60868 60867
2 60850 60777
2 60683 60650
2 60616 60578
2 60532 60481
2 60476 60469
2 60437 60428
2 60401 60304
2 60271 60242
2 60199 60184
2 60159 60141
2 60120 60117
2 60114 60111
2 60040 59975
2 59947 59917
2 59848 59834
2 59823 59790
2 59783 59735
2 59717 59710
2 59698 59634
2 59631 59602
2 59590 59557
2 59544 59538
2 59506 59505
2 59503 59486
2 59475 59472
2 59464 59446
2 59436 59413
2 59398 59280
2 59245 59242
2 59235 59212
2 59189 59143
2 59112 59089
2 59084 59066
2 59042 59031
2 59029 59019
2 59016 58992
2 58956 58952
2 58938 58890
2 58826 58814
2 58774 58757
2 58733 58718
2 58715 58659
2 58635 58604
2 58576 58569
2 58545 58468
2 58454 58419
2 58411 58358
2 58323 58311
2 58302 58301
2 58279 58051
2 58028 58017
2 57974 57944
2 57876 57865
2 57836 57784
2 57774 57743
2 57739 57732
2 57725 57637
2 57635 57633
2 57619 57611
2 57609 57461
2 57443 57427
2 57420 57386
2 57384 57361
2 57351 57340
2 57334 57331
2 57256 57195
2 57191 57132
2 57111 57096
2 57094 57071
2 56966 56895
2 56865 56857
2 56835 56826
2 56801 56735
2 56697 56624
2 56615 56528
2 56508 56472
2 56467 56430
2 56386 56341
2 56333 56277
2 56258 56225
2 56222 56159
2 56142 56118
2 56093 56062
2 56045 56044
2 56022 55916
2 55907 55861
2 55783 55776
2 55773 55768
2 55697 55693
2 55682 55677
2 55643 55630
2 55569 55567
2 55503 55386
2 55382 55290
2 55248 55195
2 55182 55172
2 55115 55035
2 55031 55014
2 55013 54966
2 54958 54929
2 54834 54829
2 54762 54761
2 54758 54687
2 54680 54644
2 54636 54624
2 54610 54582
2 54572 54552
2 54522 54503
2 54395 54394
2 54376 54274
2 54228 54220
2 54212 54188
2 54180 54163
2 54154 54077
2 53977 53950
2 53946 53891
2 53818 53793
2 53788 53786
2 53721 53679
2 53647 53618
2 53615 53517
2 53467 53447
2 53441 53418
2 53417 53387
2 53349 53342
2 53324 53312
2 53274 53260
2 53224 53180
2 53171 53142
2 53035 52996
2 52976 52975
2 52969 52913
2 52906 52874
2 52862 52792
2 52785 52770
2 52751 52720
2 52605 52577
2 52535 52531
2 52525 52488
2 52427 52420
2 52389 52381
2 52371 52346
2 52329 52301
2 52281 52251
2 52215 52203
2 52171 52100
2 52041 52023
2 52013 51976
2 51950 51904
2 51868 51841
2 51779 51739
2 51738 51730
2 51688 51659
2 51650 51622
2 51607 51569
2 51555 51536
2 51515 51489
2 51481 51431
2 51391 51387
2 51382 51358
2 51345 51333
2 51311 51310
2 51300 51267
2 51256 51248
2 51195 51159
2 51149 51051
2 50985 50975
2 50974 50959
2 50929 50921
2 50918 50904
2 50900 50896
2 50894 50770
2 50761 50677
2 50650 50590
2 50589 50555
2 50448 50365
2 50357 50335
2 50255 50239
2 50170 50143
2 50030 50011
2 49945 49941
2 49928 49903
2 49894 49855
2 49837 49829
2 49807 49795
2 49790 49752
2 49701 49697
2 49664 49646
2 49577 49484
2 49448 49433
2 49407 49316
2 49304 49170
2 49159 49132
2 49107 49106
2 49100 49093
2 49026 48964
2 48940 48863
2 48851 48837
2 48778 48773
2 48717 48707
2 48700 48618
2 48603 48510
2 48497 48492
2 48483 48479
2 48475 48438
2 48432 48405
2 48390 48275
2 48266 48208
2 48164 48154
2 48151 48102
2 48047 47991
2 47903 47886
2 47875 47836
2 47801 47790
2 47764 47757
2 47717 47690
2 47689 47672
2 47646 47607
2 47561 47515
2 47504 47440
2 47435 47430
2 47421 47415
2 47376 47302
2 47291 47270
2 47216 47190
2 47124 47059
2 47037 47028
2 47027 47023
2 47001 46985
2 46912 46855
2 46828 46780
2 46678 46667
2 46665 46631
2 46630 46549
2 46543 46537
2 46531 46522
2 46482 46456
2 46449 46430
2 46411 46403
2 46275 46261
2 46215 46187
2 46169 46155
2 46137 46122
2 46121 46078
2 46038 45917
2 45914 45858
2 45837 45825
2 45803 45797
2 45746 45654
2 45652 45646
2 45562 45473
2 45442 45423
2 45375 45339
2 45242 45225
2 45217 45136
2 45107 45101
2 45086 45077
2 45062 45061
2 45043 45016
2 44978 44934
2 44903 44901
2 44899 44885
2 44868 44864
2 44833 44759
2 44743 44630
2 44621 44571
2 44471 44418
2 44406 44391
2 44333 44287
2 44262 44199
2 44193 44183
2 44125 44117
2 44086 44066
2 44015 43880
2 43853 43838
2 43830 43811
2 43718 43696
2 43670 43652
2 43632 43623
2 43508 43497
2 43458 43457
2 43453 43426
2 43402 43372
2 43365 43353
2 43352 43242
2 43228 43207
2 43201 43198
2 43058 43053
2 43036 42957
2 42951 42913
2 42887 42885
2 42803 42791
2 42716 42692
2 42667 42655
2 42654 42645
2 42629 42581
2 42574 42529
2 42501 42476
2 42473 42402
2 42394 42344
2 42258 42236
2 42198 42104
2 42084 41907
2 41896 41892
2 41815 41809
2 41757 41753
2 41741 41735
2 41691 41671
2 41669 41633
2 41631 41607
2 41546 41545
2 41529 41528
2 41525 41521
2 41485 41466
2 41438 41407
2 41382 41329
2 41293 41281
2 41260 41239
2 41181 41160
2 41157 41066
2 41002 40945
2 40929 40915
2 40770 40760
2 40724 40722
2 40708 40649
2 40597 40589
2 40584 40564
2 40507 40438
2 40427 40301
2 40288 40250
2 40247 40218
2 40194 40175
2 40171 40069
2 40062 40028
2 40012 39981
2 39976 39771
2 39751 39747
2 39744 39688
2 39657 39585
2 39540 39533
2 39526 39505
2 39502 39486
2 39479 39417
2 39395 39317
2 39292 39277
2 39230 39204
2 39142 39135
2 39090 39075
2 39027 39002
2 38983 38971
2 38935 38927
2 38913 38877
2 38868 38858
2 38808 38775
2 38714 38680
2 38620 38619
2 38603 38594
2 38548 38514
2 38480 38455
2 38427 38426
2 38401 38360
2 38347 38329
2 38297 38293
2 38276 38247
2 38235 38232
2 38188 38168
2 38114 38098
2 38090 38061
2 38012 38010
2 37997 37961
2 37922 37919
2 37913 37879
2 37871 37868
2 37859 37798
2 37747 37744
2 37712 37701
2 37667 37659
2 37534 37482
2 37448 37438
2 37434 37418
2 37337 37185
2 37161 37133
2 37129 37124
2 37099 37035
2 37033 36997
2 36987 36972
2 36944 36893
2 36876 36852
2 36795 36794
2 36755 36752
2 36750 36744
2 36722 36677
2 36605 36523
2 36457 36450
2 36442 36351
2 36296 36279
2 36277 36139
2 36125 36117
2 36112 36104
2 36070 36052
2 36046 36014
2 35986 35977
2 35952 35947
2 35942 35907
2 35902 35899
2 35819 35810
2 35791 35727
2 35711 35708
2 35683 35639
2 35632 35594
2 35564 35548
2 35547 35531
2 35511 35486
2 35463 35409
2 35339 35334
2 35258 35237
2 35234 35189
2 35143 35097
2 35083 35057
2 35027 34975
2 34970 34857
2 34833 34802
2 34798 34778
2 34735 34720
2 34708 34642
2 34641 34635
2 34586 34539
2 34523 34487
2 34465 34463
2 34427 34419
2 34412 34389
2 34339 34325
2 34315 34258
2 34243 34236
2 34210 34179
2 34147 34133
2 34105 34099
2 34096 34072
2 34044 34022
2 34015 34009
2 33987 33870
2 33794 33757
2 33737 33682
2 33671 33654
2 33649 33622
2 33616 33597
2 33570 33535
2 33509 33498
2 33497 33460
2 33430 33381
2 33361 33319
2 33311 33279
2 33254 33241
2 33196 33182
2 33143 33115
2 33090 33056
2 33039 33025
2 33015 33009
2 32893 32887
2 32883 32877
2 32866 32851
2 32833 32822
2 32772 32769
2 32720 32682
2 32636 32626
2 32519 32516
2 32502 32500
2 32419 32391
2 32381 32296
2 32235 32156
2 32148 32133
2 32125 32037
2 32029 32023
2 32008 32005
2 31984 31943
2 31936 31912
2 31911 31905
2 31892 31889
2 31884 31826
2 31824 31815
2 31763 31756
2 31753 31726
2 31661 31598
2 31565 31564
2 31554 31539
2 31532 31499
2 31484 31447
2 31367 31357
2 31297 31271
2 31245 31233
2 31225 31196
2 31177 31158
2 31111 31102
2 31078 31074
2 31072 31026
2 31017 31015
2 30993 30973
2 30888 30778
2 30756 30753
2 30744 30734
2 30694 30681
2 30670 30603
2 30531 30505
2 30468 30328
2 30323 30311
2 30306 30294
2 30287 30281
2 30246 30243
2 30217 30191
2 30166 30124
2 30118 30084
2 30059 30043
2 30038 30017
2 29978 29918
2 29676 29657
2 29642 29612
2 29599 29547
2 29544 29519
2 29465 29457
2 29445 29439
2 29426 29424
2 29415 29395
2 29369 29351
2 29317 29287
2 29253 29197
2 29174 29163
2 29143 29093
2 29005 28992
2 28862 28814
2 28736 28729
2 28725 28719
2 28718 28680
2 28656 28654
2 28504 28494
2 28405 28363
2 28359 28354
2 28296 28279
2 28264 28210
2 28144 28120
2 28114 27972
2 27912 27875
2 27802 27800
2 27777 27752
2 27738 27700
2 27698 27665
2 27644 27643
2 27620 27617
2 27597 27582
2 27552 27501
2 27497 27480
2 27452 27373
2 27370 27366
2 27362 27361
2 27310 27283
2 27241 27212
2 27208 27202
2 27184 27175
2 27148 27086
2 27057 27040
2 27011 26999
2 26938 26920
2 26859 26824
2 26773 26758
2 26756 26754
2 26732 26730
2 26683 26679
2 26667 26579
2 26544 26487
2 26354 26353
2 26295 26288
2 26246 26229
2 26208 26189
2 26173 26164
2 26140 26068
2 26062 26037
2 25992 25988
2 25945 25907
2 25874 25868
2 25849 25826
2 25795 25725
2 25682 25618
2 25603 25558
2 25549 25535
2 25476 25450
2 25446 25402
2 25399 25329
2 25310 25299
2 25293 25241
2 25225 25156
2 25148 25089
2 25044 25038
2 24972 24964
2 24951 24911
2 24907 24883
2 24868 24849
2 24793 24786
2 24740 24725
2 24675 24669
2 24660 24632
2 24613 24604
2 24592 24567
2 24563 24511
2 24490 24460
2 24459 24458
2 24436 24401
2 24375 24342
2 24332 24277
2 24250 24219
2 24218 24199
2 24194 24187
2 24166 24085
2 24065 23986
2 23926 23834
2 23832 23807
2 23789 23697
2 23615 23598
2 23586 23570
2 23526 23510
2 23462 23448
2 23416 23410
2 23364 23351
2 23322 23315
2 23289 23281
2 23252 23247
2 23233 23219
2 23182 23140
2 23103 23019
2 23009 22988
2 22976 22968
2 22838 22728
2 22722 22632
2 22625 22590
2 22587 22544
2 22541 22536
2 22511 22505
2 22501 22473
2 22472 22414
2 22410 22407
2 22402 22384
2 22383 22372
2 22338 22297
2 22268 22267
2 22251 22214
2 22183 22130
2 22081 22053
2 22030 21972
2 21921 21900
2 21878 21866
2 21783 21758
2 21709 21674
2 21665 21655
2 21595 21582
2 21521 21461
2 21378 21363
2 21291 21253
2 21231 21193
2 21168 21163
2 21146 21085
2 21077 21056
2 21037 20998
2 20994 20968
2 20936 20925
2 20842 20823
2 20819 20783
2 20694 20692
2 20662 20648
2 20628 20596
2 20576 20464
2 20424 20369
2 20359 20321
2 20252 20197
2 20181 20172
2 20149 20140
2 20117 20084
2 19987 19985
2 19975 19939
2 19897 19842
2 19827 19821
2 19777 19753
2 19714 19692
2 19623 19610
2 19591 19580
2 19579 19557
2 19526 19515
2 19494 19469
2 19464 19463
2 19438 19427
2 19426 19421
2 19384 19383
2 19276 19245
2 19228 19214
2 19210 19179
2 19159 19139
2 19111 19092
2 19072 19071
2 19065 19026
2 18997 18968
2 18929 18928
2 18923 18884
2 18849 18840
2 18811 18791
2 18788 18769
2 18752 18737
2 18702 18664
2 18643 18612
2 18605 18567
2 18565 18515
2 18479 18434
2 18428 18405
2 18377 18372
2 18370 18292
2 18186 18174
2 18173 18121
2 18073 18023
2 17951 17922
2 17896 17837
2 17811 17769
2 17733 17661
2 17657 17615
2 17577 17478
2 17422 17392
2 17376 17345
2 17314 17312
2 17303 17285
2 17214 17157
2 17131 17113
2 17075 17064
2 17055 17050
2 17027 16922
2 16912 16874
2 16865 16831
2 16815 16766
2 16765 16652
2 16651 16534
2 16460 16414
2 16413 16379
2 16342 16323
2 16272 16233
2 16212 16173
2 16132 16116
2 16111 16052
2 16014 15991
2 15978 15976
2 15968 15911
2 15875 15870
2 15854 15830
2 15820 15785
2 15755 15672
2 15629 15581
2 15577 15575
2 15555 15547
2 15538 15500
2 15493 15450
2 15417 15401
2 15400 15398
2 15396 15141
2 15101 15063
2 15034 14955
2 14942 14932
2 14922 14918
2 14887 14857
2 14755 14741
2 14740 14736
2 14715 14700
2 14663 14657
2 14645 14569
2 14555 14535
2 14479 14469
2 14454 14411
2 14247 14219
2 14044 14027
2 14026 13941
2 13939 13934
2 13932 13884
2 13883 13845
2 13838 13812
2 13788 13769
2 13761 13754
2 13745 13738
2 13681 13678
2 13632 13619
2 13573 13556
2 13493 13474
2 13411 13408
2 13384 13359
2 13321 13281
2 13238 13221
2 13211 13202
2 13195 13187
2 13172 13077
2 12938 12886
2 12863 12808
2 12803 12765
2 12703 12677
2 12674 12650
2 12646 12639
2 12622 12590
2 12511 12485
2 12481 12463
2 12434 12393
2 12365 12351
2 12275 12256
2 12242 12219
2 12193 12062
2 12058 11970
2 11945 11889
2 11861 11832
2 11826 11806
2 11804 11776
2 11758 11749
2 11712 11677
2 11607 11594
2 11573 11537
2 11536 11473
2 11460 11457
2 11442 11440
2 11436 11423
2 11399 11395
2 11384 11360
2 11358 11322
2 11318 11314
2 11271 11134
2 11133 11125
2 11087 11077
2 11038 11036
2 10978 10915
2 10909 10883
2 10804 10789
2 10788 10766
2 10759 10703
2 10694 10691
2 10690 10684
2 10663 10634
2 10601 10535
2 10522 10494
2 10443 10438
2 10432 10393
2 10385 10365
2 10362 10328
2 10310 10292
2 10259 10252
2 10205 10191
2 10185 10168
2 10158 10127
2 10087 10078
2 10012 10000
2 9946 9874
2 9849 9833
2 9820 9808
2 9806 9805
2 9773 9728
2 9724 9694
2 9685 9649
2 9642 9615
2 9552 9533
2 9485 9482
2 9480 9466
2 9459 9447
2 9433 9417
2 9395 9380
2 9367 9366
2 9349 9296
2 9276 9272
2 9229 9151
2 9144 9143
2 9134 9126
2 9097 9042
2 8992 8942
2 8930 8888
2 8874 8861
2 8838 8806
2 8774 8752
2 8739 8717
2 8673 8667
2 8653 8608
2 8601 8579
2 8574 8562
2 8530 8524
2 8464 8403
2 8360 8343
2 8341 8313
2 8212 8182
2 8166 8147
2 8146 8145
2 8122 8107
2 8003 7998
2 7986 7943
2 7887 7861
2 7822 7659
2 7656 7619
2 7608 7587
2 7549 7546
2 7453 7438
2 7340 7337
2 7253 7243
2 7209 7201
2 7196 7186
2 7184 7178
2 7155 7123
2 7106 7090
2 7065 6848
2 6828 6783
2 6774 6769
2 6703 6673
2 6644 6630
2 6555 6537
2 6510 6497
2 6478 6475
2 6457 6434
2 6407 6405
2 6373 6288
2 6287 6284
2 6231 6209
2 6205 6187
2 6180 6099
2 6093 6040
2 6034 6007
2 6000 5995
2 5985 5982
2 5923 5905
2 5837 5756
2 5704 5676
2 5647 5628
2 5625 5595
2 5589 5564
2 5555 5545
2 5484 5462
2 5440 5439
2 5429 5424
2 5403 5341
2 5297 5235
2 5209 5162
2 5111 5108
2 5095 5065
2 5041 5022
2 5021 4993
2 4961 4929
2 4869 4837
2 4832 4771
2 4764 4721
2 4707 4686
2 4596 4548
2 4545 4492
2 4490 4460
2 4458 4421
2 4419 4336
2 4313 4278
2 4191 4180
2 4129 4100
2 4095 4053
2 3968 3961
2 3941 3886
2 3856 3826
2 3819 3770
2 3722 3682
2 3628 3625
2 3606 3584
2 3512 3507
2 3501 3483
2 3389 3316
2 3314 3240
2 3203 3130
2 3060 2950
2 2931 2909
2 2870 2854
2 2833 2731
2 2705 2704
2 2619 2589
2 2550 2533
2 2482 2462
2 2445 2415
2 2393 2389
2 2379 2316
2 2278 2206
2 2193 2151
2 2147 2132
2 2128 2065
2 1962 1956
2 1897 1852
2 1825 1824
2 1772 1768
2 1671 1554
2 1419 1414
2 1297 1270
2 1268 1222
2 1219 1209
2 1167 1123
2 1092 1079
2 1031 1024
2 1023 1022
2 964 895
2 828 814
2 761 750
2 741 683
2 675 645
2 631 616
2 605 601
2 560 553
2 532 471
2 460 431
2 383 372
2 351 326
2 322 251
2 239 159
2 137 126
2 28 99983
2 99952 99950
2 99945 99849
2 99825 99824
2 99800 99786
2 99756 99708
2 99707 99700
2 99565 99553
2 99550 99545
2 99525 99513
2 99511 99502
2 99491 99479
2 99458 99432
2 99366 99346
2 99288 99280
2 99234 99198
2 99184 99176
2 99152 99146
2 99120 99085
2 99083 99063
2 99028 99026
2 99015 98992
2 98959 98956
2 98949 98934
2 98874 98871
2 98866 98838
2 98834 98827
2 98818 98802
2 98785 98775
2 98764 98757
2 98742 98738
2 98724 98718
2 98697 98691
2 98639 98624
2 98579 98529
2 98487 98468
2 98450 98447
2 98431 98430
2 98388 98364
2 98350 98246
2 98232 98218
2 98175 98172
2 98132 98130
2 98060 98054
2 98011 97955
2 97951 97933
2 97915 97889
2 97880 97874
2 97847 97839
2 97830 97829
2 97794 97756
2 97747 97745
2 97716 97704
2 97696 97654
2 97616 97613
2 97583 97501
2 97500 97479
2 97470 97454
2 97423 97418
2 97286 97270
2 97261 97212
2 97168 97122
2 97120 97098
2 96985 96969
2 96903 96898
2 96885 96874
2 96867 96788
2 96755 96661
2 96642 96584
2 96583 96557
2 96554 96541
2 96508 96446
2 96433 96419
2 96407 96398
2 96391 96382
2 96282 96267
2 96265 96243
2 96233 96217
2 96214 96194
2 96188 96138
2 96126 96114
2 96107 96079
2 95970 95934
2 95932 95910
2 95870 95863
2 95860 95825
2 95823 95818
2 95795 95771
2 95755 95709
2 95609 95608
2 95568 95557
2 95517 95499
2 95487 95476
2 95450 95444
2 95370 95336
2 95315 95312
2 95281 95246
2 95224 95140
2 95132 95069
2 95029 95010
2 94991 94986
2 94980 94948
2 94915 94911
2 94904 94888
2 94885 94854
2 94843 94835
2 94829 94810
2 94767 94765
2 94756 94737
2 94732 94728
2 94709 94648
2 94586 94570
2 94557 94536
2 94490 94467
2 94419 94413
2 94396 94380
2 94360 94335
2 94309 94288
2 94280 94165
2 94131 94118
2 94114 94095
2 94044 93921
2 93843 93836
2 93834 93830
2 93825 93811
2 93799 93791
2 93772 93755
2 93712 93706
2 93688 93673
2 93655 93631
2 93614 93608
2 93607 93593
2 93578 93576
2 93552 93542
2 93470 93445
2 93436 93412
2 93397 93347
2 93323 93303
2 93294 93235
2 93228 93222
2 93207 93139
2 93137 93121
2 93118 93104
2 93024 93011
2 92983 92976
2 92956 92948
2 92941 92926
2 92924 92921
2 92907 92903
2 92884 92867
2 92853 92844
2 92833 92820
2 92791 92726
2 92700 92684
2 92646 92594
2 92570 92560
2 92538 92522
2 92514 92484
2 92480 92479
2 92455 92417
2 92408 92338
2 92312 92304
2 92286 92274
2 92218 92203
2 92202 92196
2 92168 92159
2 92125 92116
2 92105 92089
2 92087 92069
2 91971 91966
2 91954 91953
2 91944 91943
2 91916 91911
2 91903 91896
2 91888 91887
2 91809 91791
2 91769 91731
2 91721 91710
2 91683 91682
2 91666 91660
2 91653 91644
2 91603 91600
2 91556 91553
2 91541 91534
2 91504 91431
2 91421 91398
2 91390 91385
2 91300 91258
2 91251 91249
2 91241 91230
2 91162 91156
2 91142 91099
2 91098 91092
2 91065 91023
2 91020 90982
2 90963 90960
2 90953 90952
2 90902 90894
2 90877 90876
2 90858 90853
2 90840 90824
2 90809 90795
2 90784 90737
2 90723 90713
2 90678 90661
2 90579 90572
2 90563 90554
2 90545 90540
2 90509 90486
2 90439 90383
2 90371 90363
2 90360 90352
2 90307 90305
2 90256 90246
2 90232 90204
2 90201 90196
2 90194 90134
2 90066 90053
2 89994 89992
2 89981 89965
2 89953 89913
2 89839 89818
2 89789 89738
2 89706 89697
2 89685 89681
2 89668 89658
2 89634 89621
2 89588 89551
2 89533 89513
2 89494 89473
2 89462 89455
2 89432 89379
2 89375 89365
2 89344 89341
2 89276 89273
2 89262 89257
2 89191 89166
2 89155 89144
2 89134 89129
2 89102 89050
2 89021 89018
2 88983 88961
2 88935 88926
2 88917 88889
2 88877 88838
2 88824 88773
2 88770 88763
2 88757 88719
2 88718 88707
2 88666 88665
2 88663 88661
2 88652 88639
2 88607 88556
2 88553 88510
2 88400 88369
2 88367 88352
2 88271 88248
2 88212 88191
2 88132 88131
2 88123 88109
2 88036 88028
2 88017 88003
2 87973 87912
2 87903 87885
2 87883 87848
2 87833 87787
2 87779 87762
2 87752 87751
2 87729 87723
2 87720 87676
2 87643 87639
2 87632 87626
2 87614 87593
2 87590 87576
2 87567 87531
2 87525 87517
2 87500 87486
2 87474 87456
2 87372 87371
2 87360 87328
2 87327 87325
2 87270 87217
2 87179 87159
2 87150 87129
2 87126 87057
2 87055 87016
2 87010 86943
2 86896 86892
2 86882 86880
2 86852 86848
2 86816 86797
2 86790 86773
2 86768 86751
2 86681 86646
2 86637 86601
2 86596 86579
2 86567 86553
2 86548 86539
2 86536 86534
2 86528 86520
2 86462 86408
2 86318 86303
2 86290 86262
2 86258 86244
2 86239 86203
2 86182 86172
2 86171 86147
2 86094 86014
2 86003 85999
2 85996 85845
2 85843 85831
2 85770 85766
2 85740 85735
2 85677 85659
2 85653 85649
2 85648 85625
2 85620 85616
2 85607 85578
2 85523 85497
2 85279 85240
2 85183 85174
2 85173 85118
2 85114 85106
2 85101 85032
2 85030 85028
2 85002 84999
2 84995 84968
2 84958 84938
2 84834 84822
2 84806 84802
2 84753 84727
2 84691 84673
2 84644 84599
2 84543 84511
2 84462 84434
2 84433 84406
2 84397 84363
2 84310 84276
2 84252 84238
2 84232 84229
2 84201 84191
2 84190 84124
2 84123 84092
2 84084 84030
2 84024 83996
2 83930 83906
2 83883 83856
2 83848 83842
2 83832 83831
2 83827 83786
2 83776 83760
2 83734 83730
2 83710 83693
2 83689 83680
2 83664 83627
2 83556 83528
2 83474 83452
2 83437 83410
2 83409 83399
2 83382 83377
2 83347 83328
2 83322 83283
2 83275 83243
2 83217 83188
2 83168 83123
2 83111 83066
2 83048 83040
2 83036 83000
2 82940 82937
2 82932 82930
2 82898 82891
2 82882 82875
2 82861 82831
2 82797 82783
2 82762 82743
2 82739 82714
2 82681 82647
2 82622 82621
2 82605 82599
2 82594 82591
2 82589 82554
2 82538 82534
2 82527 82500
2 82457 82454
2 82440 82412
2 82403 82368
2 82362 82352
2 82293 82291
2 82282 82195
2 82188 82164
2 82123 82112
2 82106 82084
2 82072 82070
2 82063 82059
2 82018 82016
2 82015 82007
2 81997 81962
2 81929 81890
2 81885 81865
2 81863 81765
2 81684 81666
2 81623 81618
2 81608 81602
2 81584 81583
2 81578 81575
2 81550 81499
2 81476 81459
2 81456 81411
2 81376 81344
2 81327 81304
2 81300 81291
2 81266 81257
2 81248 81242
2 81227 81212
2 81211 81170
2 81165 81159
2 81146 81131
2 81128 81092
2 81091 81062
2 81013 80973
2 80926 80887
2 80859 80795
2 80783 80755
2 80754 80746
2 80730 80726
2 80720 80708
2 80705 80697
2 80681 80668
2 80611 80604
2 80601 80582
2 80561 80541
2 80504 80499
2 80483 80461
2 80390 80386
2 80352 80324
2 80287 80284
2 80241 80168
2 80146 80131
2 80108 80104
2 80089 80035
2 80021 79992
2 79971 79969
2 79968 79951
2 79947 79925
2 79910 79896
2 79890 79855
2 79809 79807
2 79798 79771
2 79738 79731
2 79701 79676
2 79673 79647
2 79639 79635
2 79633 79624
2 79615 79613
2 79603 79565
2 79529 79528
2 79525 79506
2 79444 79413
2 79373 79355
2 79340 79337
2 79323 79316
2 79252 79251
2 79248 79237
2 79228 79213
2 79169 79150
2 79126 79102
2 79074 79027
2 79000 78981
2 78957 78942
2 78871 78842
2 78820 78806
2 78780 78779
2 78760 78741
2 78694 78639
2 78619 78587
2 78586 78581
2 78554 78507
2 78455 78449
2 78447 78422
2 78406 78366
2 78322 78314
2 78277 78272
2 78268 78259
2 78236 78219
2 78126 78030
2 77985 77973
2 77959 77919
2 77880 77874
2 77864 77859
2 77836 77783
2 77764 77724
2 77718 77716
2 77677 77674
2 77645 77617
2 77598 77580
2 77513 77502
2 77472 77445
2 77416 77389
2 77369 77358
2 77336 77335
2 77294 77275
2 77271 77245
2 77198 77186
2 77138 77124
2 77094 77078
2 77075 77057
2 77051 77050
2 77024 77014
2 77013 76984
2 76981 76923
2 76890 76889
2 76881 76860
2 76823 76773
2 76738 76728
2 76726 76705
2 76646 76526
2 76484 76482
2 76432 76418
2 76389 76333
2 76330 76290
2 76224 76193
2 76157 76135
2 76099 76092
2 76080 76069
2 76066 76064
2 76030 76005
2 76003 75963
2 75940 75936
2 75925 75905
2 75903 75888
2 75865 75838
2 75826 75803
2 75720 75697
2 75634 75578
2 75554 75519
2 75450 75422
2 75393 75384
2 75380 75372
2 75368 75362
2 75349 75316
2 75307 75301
2 75239 75233
2 75217 75197
2 75184 75149
2 75131 75101
2 75068 75058
2 75028 75019
2 74915 74903
2 74901 74889
2 74832 74829
2 74826 74817
2 74768 74721
2 74707 74635
2 74623 74595
2 74550 74538
2 74537 74535
2 74531 74518
2 74439 74409
2 74363 74334
2 74288 74280
2 74233 74191
2 74184 74156
2 74134 74065
2 74038 74017
2 73968 73944
2 73913 73888
2 73878 73875
2 73836 73770
2 73718 73577
2 73576 73533
2 73477 73433
2 73373 73351
2 73340 73336
2 73332 73290
2 73273 73234
2 73223 73213
2 73197 73159
2 73158 73066
2 73028 73022
2 72998 72986
2 72985 72983
2 72875 72873
2 72860 72857
2 72856 72851
2 72850 72781
2 72774 72720
2 72709 72698
2 72680 72611
2 72589 72578
2 72523 72513
2 72504 72491
2 72480 72428
2 72386 72379
2 72366 72286
2 72263 72204
2 72199 72137
2 72091 72088
2 72086 72071
2 72061 72057
2 72037 72024
2 71977 71917
2 71857 71811
2 71788 71762
2 71731 71713
2 71676 71659
2 71643 71615
2 71578 71571
2 71562 71544
2 71537 71535
2 71534 71527
2 71522 71513
2 71508 71474
2 71453 71441
2 71396 71394
2 71386 71355
2 71333 71303
2 71266 71247
2 71234 71223
2 71217 71199
2 71197 71196
2 71190 71173
2 71169 71155
2 71085 71084
2 71038 71009
2 70994 70988
2 70957 70897
2 70881 70854
2 70844 70799
2 70767 70724
2 70682 70653
2 70635 70631
2 70608 70582
2 70536 70503
2 70500 70493
2 70480 70448
2 70447 70341
2 70334 70170
2 70168 70158
2 70153 70149
2 70146 70131
2 70092 70060
2 70056 70018
2 70006 70002
2 69992 69978
2 69972 69950
2 69913 69895
2 69887 69882
2 69838 69828
2 69786 69754
2 69716 69644
2 69610 69590
2 69587 69558
2 69554 69534
2 69531 69526
2 69487 69483
2 69479 69467
2 69451 69432
2 69405 69396
2 69379 69363
2 69342 69303
2 69270 69254
2 69252 69234
2 69233 69227
2 69205 69201
2 69163 69151
2 69134 69110
2 69066 69063
2 69053 69017
2 68911 68906
2 68905 68847
2 68846 68830
2 68799 68762
2 68738 68715
2 68712 68694
2 68687 68680
2 68677 68649
2 68617 68615
2 68607 68547
2 68546 68519
2 68510 68444
2 68391 68352
2 68349 68294
2 68280 68258
2 68252 68225
2 68223 68202
2 68199 68151
2 68137 68097
2 68096 68062
2 68059 68054
2 68053 68051
2 68030 68021
2 67999 67970
2 67967 67948
2 67933 67911
2 67879 67877
2 67846 67803
2 67751 67746
2 67724 67702
2 67700 67670
2 67630 67603
2 67582 67570
2 67532 67531
2 67506 67471
2 67453 67448
2 67423 67415
2 67412 67410
2 67382 67379
2 67342 67326
2 67311 67302
2 67279 67248
2 67246 67240
2 67206 67200
2 67192 67168
2 67155 67154
2 67148 67137
2 67112 67079
2 67071 67063
2 66995 66984
2 66975 66967
2 66961 66906
2 66868 66865
2 66855 66850
2 66825 66785
2 66757 66739
2 66701 66673
2 66657 66640
2 66605 66595
2 66556 66508
2 66506 66498
2 66480 66446
2 66440 66428
2 66419 66391
2 66353 66343
2 66335 66286
2 66173 66160
2 66139 66135
2 66128 66118
2 66105 66098
2 66095 66086
2 66034 66000
2 65996 65978
2 65966 65964
2 65919 65884
2 65858 65818
2 65799 65798
2 65790 65788
2 65780 65778
2 65775 65718
2 65711 65699
2 65692 65677
2 65650 65568
2 65546 65540
2 65494 65474
2 65473 65426
2 65401 65392
2 65321 65288
2 65278 65212
2 65158 65149
2 65146 65111
2 65104 65087
2 65063 65056
2 65029 65008
2 64956 64935
2 64911 64872
2 64857 64844
2 64827 64791
2 64718 64688
2 64687 64673
2 64645 64641
2 64591 64566
2 64557 64545
2 64534 64527
2 64525 64507
2 64487 64486
2 64431 64408
2 64401 64389
2 64374 64370
2 64363 64338
2 64331 64330
2 64278 64264
2 64262 64234
2 64119 64059
2 64030 63921
2 63906 63885
2 63869 63774
2 63771 63770
2 63753 63731
2 63693 63638
2 63633 63605
2 63585 63582
2 63580 63555
2 63533 63498
2 63487 63472
2 63464 63411
2 63404 63399
2 63394 63371
2 63326 63323
2 63313 63296
2 63278 63270
2 63199 63151
2 63084 63044
2 63029 62959
2 62949 62929
2 62906 62895
2 62881 62873
2 62811 62743
2 62733 62723
2 62675 62637
2 62587 62570
2 62569 62564
2 62538 62536
2 62447 62434
2 62428 62407
2 62395 62389
2 62369 62349
2 62328 62310
2 62255 62235
2 62221 62172
2 62158 62152
2 62126 62122
2 62047 62038
2 62037 62029
2 62026 62012
2 61949 61914
2 61902 61892
2 61883 61879
2 61859 61834
2 61796 61782
2 61780 61773
2 61769 61743
2 61742 61736
2 61733 61659
2 61647 61622
2 61545 61499
2 61494 61422
2 61401 61360
2 61326 61287
2 61271 61233
2 61199 61172
2 61165 61097
2 61063 61017
2 60983 60942
2 60916 60801
2 60792 60783
2 60765 60763
2 60762 60727
2 60724 60710
2 60679 60653
2 60620 60615
2 60605 60595
2 60559 60548
2 60542 60512
2 60500 60497
2 60495 60492
2 60445 60424
2 60397 60386
2 60373 60348
2 60326 60312
2 60273 60250
2 60236 60226
2 60126 60092
2 60083 60073
2 60043 60038
2 60031 60024
2 59994 59985
2 59951 59945
2 59904 59877
2 59832 59803
2 59760 59730
2 59729 59724
2 59713 59688
2 59686 59684
2 59674 59652
2 59600 59558
2 59530 59529
2 59501 59496
2 59478 59396
2 59388 59358
2 59338 59334
2 59311 59218
2 59174 59104
2 59100 59078
2 59065 59049
2 59038 59028
2 59007 59004
2 59003 58998
2 58996 58971
2 58960 58930
2 58917 58908
2 58875 58867
2 58821 58804
2 58799 58784
2 58690 58685
2 58679 58670
2 58669 58616
2 58614 58538
2 58517 58506
2 58488 58438
2 58426 58396
2 58392 58387
2 58364 58330
2 58315 58303
2 58190 58178
2 58170 58145
2 58130 58119
2 58111 58055
2 58046 58045
2 58031 58011
2 57986 57923
2 57909 57905
2 57897 57833
2 57818 57813
2 57807 57802
2 57781 57779
2 57758 57757
2 57756 57755
2 57734 57707
2 57695 57649
2 57638 57616
2 57595 57551
2 57547 57500
2 57499 57441
2 57416 57382
2 57342 57338
2 57274 57261
2 57255 57231
2 57205 57184
2 57181 57144
2 57137 57106
2 57090 57085
2 57080 56982
2 56977 56960
2 56949 56940
2 56906 56905
2 56904 56885
2 56840 56787
2 56747 56738
2 56718 56709
2 56699 56681
2 56678 56649
2 56644 56640
2 56617 56592
2 56588 56572
2 56453 56440
2 56439 56429
2 56383 56382
2 56379 56369
2 56317 56307
2 56299 56298
2 56292 56288
2 56250 56245
2 56223 56173
2 56148 56143
2 56110 56092
2 56078 56073
2 56057 56051
2 55985 55921
2 55915 55883
2 55872 55864
2 55779 55761
2 55734 55730
2 55713 55681
2 55660 55626
2 55625 55602
2 55579 55577
2 55575 55555
2 55541 55507
2 55498 55472
2 55430 55418
2 55376 55366
2 55318 55309
2 55280 55264
2 55263 55258
2 55249 55230
2 55209 55208
2 55184 55181
2 55152 55145
2 55143 55133
2 55111 55100
2 55097 55087
2 55077 55076
2 55061 55053
2 54951 54939
2 54924 54918
2 54892 54878
2 54874 54873
2 54863 54862
2 54850 54848
2 54779 54778
2 54753 54746
2 54713 54635
2 54623 54560
2 54492 54491
2 54488 54443
2 54423 54407
2 54367 54334
2 54333 54319
2 54313 54277
2 54261 54260
2 54207 54196
2 54148 54108
2 54088 54070
2 54069 54033
2 53996 53969
2 53936 53927
2 53901 53869
2 53863 53836
2 53831 53824
2 53808 53798
2 53779 53752
2 53731 53713
2 53712 53682
2 53646 53600
2 53589 53576
2 53538 53522
2 53495 53484
2 53419 53397
2 53395 53386
2 53378 53359
2 53265 53248
2 53236 53232
2 53215 53212
2 53170 53065
2 53057 53040
2 53038 52987
2 52894 52872
2 52849 52847
2 52826 52818
2 52814 52769
2 52715 52626
2 52594 52542
2 52526 52494
2 52483 52459
2 52434 52428
2 52416 52393
2 52390 52378
2 52355 52345
2 52318 52297
2 52242 52200
2 52197 52194
2 52181 52157
2 52155 52141
2 52126 52104
2 52084 52052
2 52043 52038
2 52003 51979
2 51967 51932
2 51898 51871
2 51816 51792
2 51770 51750
2 51748 51726
2 51699 51691
2 51678 51625
2 51618 51566
2 51564 51532
2 51502 51474
2 51462 51445
2 51395 51392
2 51384 51346
2 51314 51313
2 51307 51280
2 51214 51210
2 51182 51174
2 51170 51154
2 51102 51100
2 51018 50944
2 50917 50914
2 50883 50870
2 50851 50849
2 50840 50832
2 50797 50794
2 50733 50719
2 50703 50672
2 50663 50660
2 50637 50617
2 50592 50591
2 50518 50509
2 50494 50479
2 50419 50406
2 50372 50331
2 50327 50321
2 50312 50280
2 50279 50263
2 50257 50250
2 50240 50210
2 50184 50183
2 50182 50146
2 50128 50096
2 50071 50068
2 50019 49976
2 49973 49964
2 49950 49895
2 49865 49863
2 49828 49825
2 49824 49818
2 49803 49783
2 49780 49766
2 49765 49764
2 49709 49685
2 49674 49668
2 49665 49654
2 49652 49609
2 49606 49588
2 49580 49538
2 49481 49479
2 49436 49386
2 49371 49351
2 49332 49312
2 49298 49245
2 49230 49173
2 49162 49157
2 49154 49139
2 49138 49116
2 49112 49110
2 49081 49063
2 49062 49056
2 49048 49034
2 49028 49012
2 48972 48971
2 48959 48947
2 48895 48889
2 48852 48833
2 48814 48727
2 48701 48692
2 48675 48667
2 48644 48632
2 48585 48582
2 48516 48465
2 48461 48410
2 48386 48379
2 48372 48288
2 48279 48263
2 48252 48226
2 48186 48172
2 48163 48140
2 48123 48121
2 48112 48108
2 48103 48093
2 48088 48030
2 48022 47985
2 47968 47961
2 47943 47923
2 47898 47838
2 47831 47800
2 47778 47761
2 47755 47739
2 47656 47598
2 47587 47574
2 47565 47542
2 47496 47495
2 47484 47426
2 47357 47350
2 47337 47277
2 47255 47230
2 47218 47206
2 47191 47163
2 47129 47125
2 47112 47067
2 47053 47043
2 47020 46988
2 46953 46940
2 46936 46891
2 46888 46857
2 46851 46835
2 46739 46693
2 46643 46609
2 46608 46601
2 46597 46594
2 46574 46556
2 46540 46525
2 46465 46464
2 46453 46450
2 46437 46387
2 46350 46349
2 46309 46293
2 46292 46279
2 46230 46228
2 46222 46213
2 46211 46208
2 46201 46154
2 46096 46070
2 46050 46047
2 45994 45990
2 45984 45958
2 45912 45903
2 45764 45698
2 45697 45675
2 45645 45629
2 45628 45622
2 45618 45545
2 45479 45357
2 45329 45328
2 45278 45248
2 45239 45236
2 45213 45201
2 45179 45143
2 45142 45036
2 45009 44972
2 44947 44939
2 44929 44916
2 44910 44889
2 44882 44879
2 44861 44820
2 44813 44795
2 44776 44727
2 44691 44688
2 44672 44670
2 44658 44657
2 44637 44614
2 44585 44584
2 44580 44579
2 44572 44517
2 44473 44472
2 44464 44427
2 44404 44390
2 44377 44342
2 44337 44288
2 44280 44277
2 44274 44257
2 44256 44231
2 44226 44219
2 44218 44152
2 44127 44065
2 44064 44050
2 44039 44029
2 44027 44001
2 43941 43938
2 43935 43933
2 43931 43920
2 43872 43836
2 43781 43761
2 43747 43683
2 43666 43661
2 43642 43614
2 43579 43567
2 43529 43522
2 43436 43433
2 43422 43398
2 43378 43361
2 43360 43325
2 43295 43263
2 43256 43236
2 43233 43229
2 43227 43225
2 43205 43197
2 43195 43185
2 43175 43164
2 43100 43072
2 43047 43045
2 43012 43010
2 42979 42941
2 42922 42911
2 42884 42874
2 42847 42836
2 42835 42801
2 42766 42723
2 42721 42711
2 42669 42665
2 42632 42621
2 42609 42525
2 42508 42500
2 42477 42463
2 42434 42398
2 42376 42356
2 42341 42322
2 42282 42274
2 42241 42200
2 42174 42140
2 42103 42083
2 42071 42058
2 42040 42020
2 42016 41953
2 41854 41848
2 41824 41801
2 41755 41752
2 41732 41685
2 41676 41638
2 41615 41570
2 41567 41552
2 41531 41495
2 41432 41417
2 41404 41376
2 41361 41351
2 41339 41287
2 41264 41243
2 41234 41217
2 41186 41167
2 41126 41084
2 41083 41057
2 41049 41039
2 41025 40959
2 40926 40923
2 40864 40789
2 40757 40745
2 40694 40685
2 40682 40673
2 40665 40651
2 40650 40644
2 40624 40621
2 40617 40561
2 40560 40553
2 40551 40536
2 40489 40476
2 40444 40434
2 40422 40404
2 40392 40386
2 40385 40365
2 40358 40342
2 40324 40259
2 40195 40182
2 40163 40162
2 40092 40053
2 40034 40029
2 40014 39991
2 39989 39961
2 39926 39924
2 39917 39911
2 39868 39860
2 39825 39810
2 39791 39788
2 39784 39765
2 39738 39695
2 39691 39687
2 39661 39648
2 39639 39635
2 39603 39600
2 39555 39494
2 39481 39452
2 39440 39378
2 39333 39332
2 39329 39320
2 39273 39232
2 39225 39176
2 39174 39159
2 39130 39103
2 39100 39088
2 39086 39082
2 39073 39048
2 39035 39021
2 39004 39003
2 38965 38911
2 38902 38873
2 38862 38836
2 38805 38802
2 38801 38800
2 38780 38774
2 38762 38756
2 38749 38676
2 38658 38650
2 38599 38592
2 38568 38541
2 38512 38506
2 38449 38435
2 38430 38348
2 38340 38334
2 38325 38321
2 38259 38243
2 38242 38240
2 38233 38213
2 38204 38164
2 38152 38088
2 38066 38030
2 38007 37995
2 37987 37972
2 37968 37955
2 37933 37923
2 37908 37873
2 37858 37818
2 37816 37772
2 37703 37699
2 37684 37679
2 37631 37597
2 37579 37539
2 37532 37504
2 37467 37404
2 37317 37313
2 37311 37309
2 37259 37237
2 37221 37209
2 37199 37194
2 37176 37146
2 37143 37085
2 37056 37049
2 37003 36986
2 36959 36928
2 36915 36887
2 36833 36713
2 36693 36683
2 36671 36652
2 36616 36592
2 36581 36577
2 36549 36545
2 36514 36465
2 36444 36443
2 36437 36434
2 36414 36411
2 36408 36346
2 36329 36322
2 36289 36250
2 36244 36242
2 36202 36197
2 36099 36026
2 36002 35966
2 35926 35844
2 35832 35804
2 35795 35784
2 35742 35613
2 35600 35587
2 35568 35520
2 35480 35477
2 35366 35360
2 35206 35129
2 35105 35098
2 35061 35056
2 35033 35026
2 35025 35010
2 34999 34992
2 34965 34923
2 34915 34906
2 34860 34858
2 34845 34834
2 34832 34827
2 34811 34792
2 34791 34785
2 34772 34716
2 34713 34702
2 34680 34658
2 34648 34644
2 34627 34616
2 34597 34589
2 34581 34572
2 34557 34493
2 34478 34468
2 34452 34443
2 34435 34422
2 34401 34386
2 34379 34373
2 34337 34329
2 34320 34286
2 34241 34226
2 34207 34187
2 34174 34152
2 34127 34109
2 34103 34085
2 34084 34032
2 33981 33926
2 33925 33912
2 33902 33892
2 33876 33859
2 33802 33762
2 33759 33698
2 33677 33643
2 33641 33615
2 33592 33590
2 33582 33566
2 33551 33545
2 33542 33504
2 33465 33461
2 33442 33418
2 33412 33404
2 33401 33349
2 33278 33226
2 33189 33180
2 33162 33155
2 33123 33088
2 33048 33036
2 33031 33017
2 33003 33002
2 32996 32979
2 32950 32899
2 32896 32862
2 32855 32838
2 32824 32809
2 32806 32752
2 32745 32719
2 32702 32650
2 32647 32644
2 32623 32621
2 32600 32515
2 32512 32507
2 32474 32457
2 32439 32435
2 32421 32410
2 32382 32363
2 32317 32268
2 32236 32233
2 32222 32200
2 32198 32169
2 32141 32066
2 32052 32033
2 31999 31972
2 31950 31932
2 31900 31851
2 31845 31818
2 31807 31800
2 31796 31794
2 31758 31728
2 31705 31674
2 31632 31624
2 31610 31608
2 31569 31561
2 31535 31457
2 31448 31439
2 31436 31432
2 31405 31390
2 31345 31334
2 31330 31329
2 31298 31272
2 31269 31263
2 31243 31188
2 31187 31089
2 31058 31052
2 31046 31009
2 30990 30987
2 30946 30934
2 30921 30904
2 30885 30852
2 30849 30826
2 30765 30752
2 30713 30707
2 30702 30638
2 30629 30611
2 30572 30571
2 30568 30550
2 30542 30504
2 30459 30412
2 30384 30379
2 30365 30351
2 30318 30265
2 30196 30161
2 30157 30107
2 30068 30035
2 29973 29942
2 29940 29919
2 29889 29860
2 29840 29804
2 29796 29786
2 29783 29778
2 29769 29763
2 29729 29709
2 29671 29649
2 29622 29607
2 29596 29568
2 29541 29531
2 29523 29522
2 29504 29464
2 29429 29377
2 29353 29342
2 29310 29304
2 29288 29279
2 29243 29234
2 29215 29182
2 29154 29125
2 29100 29097
2 29096 29047
2 29017 29006
2 29001 28978
2 28971 28959
2 28950 28934
2 28930 28923
2 28920 28893
2 28891 28819
2 28780 28772
2 28768 28749
2 28732 28716
2 28706 28693
2 28634 28616
2 28609 28574
2 28516 28511
2 28438 28431
2 28421 28410
2 28407 28401
2 28392 28388
2 28387 28345
2 28295 28277
2 28254 28239
2 28229 28220
2 28218 28202
2 28196 28178
2 28173 28135
2 28121 27971
2 27968 27921
2 27873 27784
2 27781 27765
2 27704 27682
2 27614 27574
2 27572 27565
2 27528 27492
2 27475 27473
2 27472 27471
2 27467 27465
2 27461 27449
2 27428 27414
2 27337 27332
2 27293 27277
2 27268 27186
2 27182 27138
2 27094 27054
2 27051 27049
2 27037 27032
2 27020 27015
2 27002 27000
2 26992 26975
2 26971 26916
2 26910 26866
2 26855 26836
2 26830 26801
2 26737 26735
2 26698 26675
2 26570 26555
2 26504 26486
2 26425 26414
2 26342 26285
2 26224 26195
2 26174 26170
2 26147 26133
2 26119 26042
2 26002 25915
2 25886 25844
2 25842 25808
2 25780 25768
2 25746 25736
2 25719 25717
2 25692 25670
2 25666 25656
2 25632 25617
2 25616 25599
2 25569 25544
2 25527 25524
2 25498 25484
2 25472 25392
2 25386 25385
2 25324 25318
2 25312 25276
2 25266 25234
2 25186 25120
2 25064 25036
2 25033 24998
2 24994 24981
2 24973 24963
2 24949 24945
2 24886 24872
2 24834 24815
2 24782 24743
2 24734 24731
2 24679 24678
2 24662 24611
2 24581 24568
2 24545 24525
2 24503 24474
2 24469 24346
2 24336 24335
2 24315 24291
2 24261 24190
2 24168 24110
2 24099 24092
2 24091 24081
2 24067 24061
2 24010 24004
2 23978 23972
2 23968 23962
2 23927 23924
2 23923 23922
2 23917 23897
2 23893 23892
2 23883 23874
2 23857 23847
2 23754 23727
2 23707 23675
2 23600 23596
2 23580 23547
2 23545 23534
2 23522 23509
2 23475 23436
2 23411 23401
2 23376 23316
2 23260 23179
2 23104 23081
2 23036 23025
2 23017 23013
2 22979 22962
2 22954 22943
2 22941 22903
2 22897 22874
2 22858 22830
2 22829 22820
2 22819 22764
2 22748 22742
2 22733 22732
2 22711 22708
2 22673 22654
2 22636 22556
2 22555 22548
2 22532 22529
2 22509 22500
2 22496 22433
2 22430 22406
2 22388 22343
2 22327 22320
2 22284 22229
2 22219 22211
2 22205 22185
2 22136 22132
2 22121 22077
2 22047 22044
2 22036 22022
2 21994 21991
2 21989 21974
2 21952 21920
2 21845 21823
2 21815 21809
2 21799 21795
2 21788 21757
2 21677 21649
2 21634 21611
2 21600 21567
2 21545 21544
2 21537 21535
2 21475 21470
2 21457 21453
2 21427 21409
2 21398 21389
2 21380 21365
2 21345 21341
2 21318 21312
2 21305 21279
2 21229 21220
2 21205 21203
2 21201 21139
2 21013 21007
2 21004 20879
2 20863 20861
2 20835 20805
2 20784 20776
2 20770 20767
2 20758 20710
2 20698 20681
2 20680 20675
2 20661 20660
2 20623 20609
2 20590 20563
2 20531 20518
2 20408 20397
2 20395 20372
2 20337 20326
2 20303 20273
2 20250 20241
2 20201 20165
2 20102 20100
2 20099 20096
2 20038 20033
2 20013 19983
2 19958 19902
2 19866 19857
2 19853 19850
2 19826 19796
2 19786 19759
2 19754 19743
2 19737 19711
2 19641 19635
2 19596 19582
2 19536 19490
2 19451 19423
2 19332 19303
2 19298 19279
2 19229 19221
2 19218 19211
2 19195 19178
2 19155 19120
2 19102 19096
2 19090 19016
2 19002 18941
2 18938 18925
2 18909 18905
2 18896 18844
2 18779 18764
2 18704 18696
2 18661 18656
2 18645 18635
2 18634 18621
2 18608 18533
2 18519 18513
2 18508 18503
2 18490 18474
2 18463 18411
2 18408 18251
2 18247 18231
2 18230 18168
2 18117 18092
2 18080 18074
2 18046 18034
2 17953 17924
2 17920 17904
2 17899 17889
2 17884 17879
2 17860 17843
2 17838 17822
2 17812 17808
2 17768 17760
2 17718 17692
2 17690 17677
2 17663 17658
2 17612 17598
2 17514 17497
2 17353 17323
2 17263 17253
2 17219 17213
2 17166 17161
2 17143 17112
2 17047 17046
2 17045 17014
2 17006 16999
2 16991 16987
2 16969 16939
2 16898 16873
2 16871 16805
2 16755 16747
2 16721 16631
2 16557 16521
2 16450 16448
2 16433 16400
2 16391 16376
2 16357 16351
2 16332 16307
2 16283 16255
2 16227 16185
2 16152 16124
2 16108 16079
2 16074 16070
2 16029 16028
2 15995 15869
2 15861 15845
2 15839 15837
2 15811 15792
2 15791 15784
2 15782 15769
2 15729 15703
2 15685 15674
2 15673 15652
2 15647 15587
2 15582 15461
2 15418 15373
2 15367 15346
2 15337 15306
2 15211 15175
2 15162 15136
2 15131 15127
2 15082 15078
2 15057 14979
2 14966 14937
2 14927 14915
2 14896 14880
2 14848 14843
2 14839 14815
2 14809 14801
2 14718 14710
2 14651 14624
2 14622 14618
2 14590 14571
2 14548 14457
2 14439 14419
2 14412 14399
2 14375 14365
2 14361 14354
2 14328 14319
2 14291 14277
2 14259 14243
2 14241 14210
2 14202 14196
2 14123 14120
2 14082 14071
2 14037 14006
2 13986 13984
2 13971 13949
2 13922 13916
2 13876 13758
2 13704 13700
2 13698 13697
2 13688 13675
2 13673 13655
2 13644 13627
2 13618 13617
2 13608 13592
2 13588 13585
2 13584 13566
2 13557 13491
2 13432 13333
2 13309 13303
2 13299 13290
2 13268 13252
2 13200 13180
2 13178 13148
2 13142 13135
2 13097 13096
2 13093 13075
2 13050 13037
2 13010 12944
2 12939 12919
2 12884 12874
2 12856 12841
2 12810 12793
2 12752 12711
2 12700 12668
2 12648 12640
2 12625 12611
2 12582 12537
2 12530 12510
2 12489 12378
2 12376 12371
2 12367 12366
2 12328 12312
2 12299 12285
2 12273 12259
2 12241 12213
2 12206 12188
2 12186 12177
2 12173 12125
2 12107 12098
2 12079 12054
2 12017 11954
2 11940 11935
2 11909 11881
2 11867 11852
2 11833 11811
2 11773 11747
2 11702 11666
2 11644 11632
2 11625 11557
2 11533 11507
2 11503 11470
2 11461 11455
2 11400 11329
2 11284 11260
2 11210 11170
2 11101 11081
2 11018 11011
2 11001 10917
2 10862 10860
2 10840 10829
2 10805 10787
2 10777 10773
2 10702 10668
2 10661 10640
2 10619 10582
2 10579 10549
2 10536 10530
2 10513 10491
2 10474 10423
2 10394 10372
2 10357 10325
2 10309 10303
2 10290 10288
2 10276 10239
2 10237 10233
2 10231 10183
2 10166 10126
2 10104 10085
2 10081 10080
2 10066 10003
2 9991 9979
2 9969 9961
2 9959 9948
2 9943 9933
2 9926 9918
2 9916 9830
2 9807 9789
2 9766 9754
2 9725 9704
2 9687 9611
2 9606 9569
2 9560 9547
2 9514 9502
2 9468 9430
2 9355 9341
2 9260 9251
2 9247 9224
2 9212 9203
2 9190 9174
2 9163 9161
2 9137 9125
2 9106 9076
2 9066 9023
2 8991 8955
2 8950 8905
2 8893 8860
2 8841 8836
2 8816 8801
2 8787 8772
2 8751 8712
2 8688 8649
2 8639 8589
2 8571 8551
2 8547 8533
2 8520 8519
2 8490 8485
2 8482 8459
2 8445 8444
2 8425 8383
2 8370 8351
2 8337 8307
2 8274 8265
2 8259 8249
2 8206 8175
2 8154 8072
2 8055 8012
2 7997 7968
2 7938 7937
2 7925 7907
2 7888 7881
2 7836 7824
2 7803 7776
2 7770 7739
2 7737 7716
2 7710 7679
2 7671 7670
2 7664 7647
2 7561 7560
2 7498 7468
2 7455 7423
2 7410 7403
2 7394 7374
2 7358 7316
2 7310 7299
2 7288 7247
2 7226 7223
2 7207 7190
2 7187 7162
2 7111 7102
2 7076 7071
2 7070 7050
2 7028 7017
2 6986 6977
2 6918 6888
2 6882 6868
2 6821 6817
2 6816 6721
2 6707 6688
2 6667 6664
2 6648 6642
2 6566 6554
2 6517 6514
2 6494 6485
2 6484 6472
2 6458 6366
2 6361 6360
2 6339 6283
2 6239 6217
2 6166 6152
2 6143 6089
2 6078 6036
2 5993 5974
2 5969 5958
2 5934 5838
2 5815 5758
2 5741 5732
2 5656 5624
2 5620 5615
2 5601 5578
2 5577 5526
2 5513 5483
2 5470 5453
2 5394 5376
2 5326 5321
2 5315 5270
2 5247 5231
2 5143 5133
2 5132 5126
2 5102 5075
2 5018 4989
2 4974 4931
2 4922 4842
2 4806 4779
2 4734 4723
2 4673 4656
2 4576 4572
2 4560 4519
2 4479 4477
2 4408 4399
2 4377 4376
2 4365 4360
2 4357 4290
2 4265 4254
2 4229 4227
2 4199 4153
2 4147 4099
2 4047 4028
2 4027 3981
2 3919 3914
2 3900 3843
2 3842 3836
2 3833 3807
2 3790 3788
2 3771 3764
2 3761 3709
2 3661 3645
2 3642 3586
2 3503 3470
2 3428 3398
2 3375 3334
2 3293 3288
2 3281 3274
2 3257 3236
2 3220 3200
2 3179 3175
2 3150 3117
2 3115 3097
2 3078 3049
2 3047 3032
2 3015 3009
2 2964 2957
2 2955 2945
2 2901 2893
2 2886 2855
2 2805 2804
2 2798 2733
2 2728 2715
2 2700 2686
2 2678 2668
2 2646 2627
2 2615 2591
2 2563 2490
2 2434 2427
2 2420 2361
2 2331 2306
2 2294 2285
2 2275 2239
2 2238 2221
2 2214 2209
2 2185 2098
2 2096 2082
2 2032 2006
2 1976 1930
2 1919 1876
2 1828 1805
2 1802 1789
2 1703 1655
2 1609 1595
2 1587 1583
2 1552 1540
2 1510 1493
2 1489 1478
2 1472 1458
2 1392 1369
2 1361 1357
2 1356 1345
2 1343 1321
2 1290 1287
2 1264 1253
2 1251 1212
2 1163 1138
2 1124 1105
2 1084 1071
2 1063 1050
2 1048 987
2 901 896
2 894 836
2 830 827
2 784 705
2 695 664
2 614 607
2 552 551
2 547 517
2 511 484
2 475 450
2 416 330
2 311 308
2 269 246
2 237 180
2 147 143
2 123 75
2 73 58
2 49 27
2 99991 99984
2 99976 99974
2 99919 99911
2 99910 99909
2 99900 99896
2 99862 99854
2 99838 99834
2 99833 99832
2 99811 99808
2 99795 99761
2 99753 99744
2 99732 99717
2 99702 99690
2 99600 99581
2 99566 99533
2 99526 99518
2 99504 99494
2 99487 99478
2 99477 99452
2 99449 99426
2 99416 99409
2 99406 99397
2 99392 99386
2 99369 99358
2 99342 99300
2 99285 99278
2 99273 99238
2 99219 99200
2 99167 99108
2 99042 99040
2 99036 99023
2 99007 99000
2 98991 98982
2 98981 98904
2 98902 98900
2 98877 98876
2 98868 98867
2 98859 98858
2 98830 98796
2 98788 98786
2 98753 98751
2 98745 98736
2 98713 98687
2 98686 98660
2 98631 98626
2 98602 98592
2 98584 98561
2 98552 98538
2 98509 98442
2 98403 98383
2 98351 98335
2 98304 98283
2 98281 98261
2 98257 98247
2 98244 98236
2 98199 98188
2 98168 98146
2 98122 98082
2 98081 98071
2 98043 98041
2 98013 98003
2 97976 97962
2 97954 97950
2 97914 97909
2 97887 97881
2 97870 97856
2 97855 97848
2 97817 97808
2 97806 97771
2 97766 97748
2 97721 97693
2 97631 97608
2 97572 97569
2 97568 97547
2 97540 97536
2 97520 97515
2 97509 97499
2 97495 97466
2 97436 97434
2 97417 97386
2 97369 97361
2 97334 97333
2 97328 97322
2 97284 97281
2 97276 97266
2 97263 97255
2 97221 97217
2 97191 97185
2 97162 97128
2 97124 97123
2 97115 97102
2 97087 97086
2 97070 97060
2 97026 97011
2 96997 96938
2 96916 96913
2 96912 96881
2 96861 96835
2 96827 96825
2 96823 96805
2 96797 96790
2 96765 96762
2 96758 96756
2 96754 96722
2 96713 96675
2 96656 96622
2 96618 96603
2 96580 96565
2 96551 96547
2 96544 96501
2 96476 96462
2 96451 96444
2 96417 96397
2 96271 96245
2 96218 96182
2 96169 96163
2 96108 96105
2 96100 96082
2 96063 96055
2 96021 95996
2 95987 95984
2 95975 95960
2 95959 95941
2 95903 95873
2 95854 95845
2 95827 95800
2 95759 95736
2 95731 95706
2 95695 95663
2 95654 95642
2 95626 95611
2 95597 95556
2 95554 95538
2 95525 95512
2 95510 95484
2 95482 95479
2 95454 95447
2 95431 95395
2 95375 95368
2 95363 95360
2 95353 95327
2 95309 95286
2 95266 95234
2 95227 95196
2 95188 95165
2 95102 95099
2 95086 95044
2 94994 94989
2 94968 94921
2 94918 94872
2 94871 94855
2 94836 94826
2 94816 94813
2 94804 94795
2 94775 94735
2 94715 94705
2 94701 94685
2 94675 94668
2 94663 94658
2 94634 94630
2 94561 94532
2 94529 94517
2 94492 94465
2 94455 94454
2 94437 94411
2 94408 94383
2 94379 94377
2 94370 94369
2 94348 94313
2 94293 94268
2 94254 94236
2 94220 94217
2 94185 94155
2 94147 94126
2 94065 94036
2 93999 93996
2 93989 93940
2 93936 93910
2 93909 93871
2 93846 93816
2 93806 93804
2 93786 93780
2 93779 93775
2 93774 93748
2 93741 93721
2 93687 93657
2 93652 93625
2 93606 93594
2 93562 93556
2 93505 93456
2 93452 93447
2 93422 93411
2 93407 93394
2 93390 93361
2 93356 93341
2 93337 93334
2 93312 93295
2 93263 93262
2 93261 93250
2 93240 93238
2 93219 93175
2 93162 93145
2 93135 93126
2 93084 93081
2 93078 93062
2 93058 93037
2 92949 92910
2 92886 92875
2 92752 92738
2 92736 92704
2 92681 92664
2 92639 92616
2 92579 92571
2 92541 92535
2 92530 92518
2 92515 92452
2 92433 92402
2 92362 92357
2 92343 92331
2 92319 92318
2 92307 92303
2 92290 92228
2 92186 92181
2 92176 92160
2 92150 92073
2 92046 92030
2 92027 92007
2 92000 91996
2 91981 91979
2 91960 91942
2 91935 91928
2 91890 91884
2 91857 91821
2 91802 91772
2 91741 91730
2 91727 91700
2 91674 91642
2 91621 91612
2 91596 91591
2 91562 91545
2 91526 91514
2 91462 91451
2 91449 91448
2 91428 91416
2 91415 91409
2 91337 91332
2 91317 91309
2 91277 91250
2 91199 91147
2 91145 91140
2 91112 91097
2 91084 91080
2 91077 91071
2 91043 91010
2 90996 90972
2 90961 90874
2 90850 90843
2 90800 90790
2 90751 90743
2 90728 90708
2 90704 90686
2 90685 90682
2 90679 90676
2 90670 90649
2 90647 90640
2 90630 90616
2 90613 90602
2 90601 90595
2 90584 90583
2 90582 90543
2 90492 90484
2 90482 90462
2 90442 90432
2 90431 90413
2 90412 90408
2 90405 90390
2 90389 90382
2 90379 90358
2 90342 90335
2 90322 90298
2 90297 90289
2 90276 90273
2 90244 90242
2 90202 90200
2 90167 90142
2 90139 90132
2 90121 90115
2 90114 90100
2 90082 90049
2 90037 90025
2 89999 89987
2 89973 89948
2 89930 89926
2 89925 89899
2 89879 89847
2 89840 89836
2 89819 89799
2 89716 89714
2 89708 89662
2 89648 89628
2 89607 89596
2 89589 89576
2 89567 89561
2 89560 89559
2 89548 89516
2 89478 89437
2 89428 89395
2 89391 89340
2 89329 89326
2 89307 89296
2 89268 89266
2 89249 89240
2 89223 89185
2 89176 89172
2 89141 89136
2 89133 89132
2 89072 89069
2 89047 88999
2 88976 88967
2 88955 88939
2 88914 88910
2 88905 88865
2 88860 88849
2 88826 88825
2 88815 88804
2 88799 88796
2 88694 88693
2 88672 88647
2 88637 88634
2 88620 88609
2 88602 88599
2 88583 88579
2 88572 88567
2 88535 88531
2 88522 88512
2 88475 88473
2 88459 88452
2 88450 88428
2 88420 88409
2 88377 88364
2 88340 88336
2 88323 88321
2 88282 88276
2 88252 88237
2 88231 88218
2 88211 88206
2 88178 88170
2 88166 88152
2 88150 88140
2 88128 88122
2 88111 88098
2 88092 88065
2 88026 88021
2 87987 87975
2 87968 87960
2 87935 87923
2 87897 87881
2 87869 87868
2 87849 87844
2 87836 87789
2 87736 87732
2 87718 87651
2 87645 87629
2 87607 87583
2 87566 87498
2 87463 87436
2 87422 87378
2 87375 87362
2 87361 87339
2 87338 87335
2 87308 87303
2 87279 87248
2 87239 87236
2 87214 87205
2 87194 87172
2 87160 87152
2 87135 87134
2 87116 87115
2 87108 87106
2 87019 87006
2 86996 86986
2 86960 86955
2 86942 86929
2 86899 86878
2 86857 86844
2 86811 86779
2 86777 86753
2 86747 86736
2 86735 86717
2 86691 86690
2 86662 86659
2 86644 86638
2 86630 86595
2 86576 86575
2 86551 86493
2 86483 86404
2 86400 86391
2 86377 86375
2 86371 86356
2 86348 86329
2 86307 86297
2 86274 86233
2 86199 86191
2 86150 86146
2 86088 86078
2 86074 86068
2 86022 86019
2 85995 85988
2 85983 85979
2 85976 85967
2 85948 85941
2 85939 85931
2 85902 85895
2 85876 85868
2 85824 85786
2 85748 85731
2 85691 85673
2 85660 85655
2 85623 85604
2 85600 85579
2 85548 85515
2 85513 85502
2 85495 85493
2 85486 85479
2 85465 85463
2 85435 85425
2 85421 85403
2 85372 85369
2 85366 85361
2 85336 85296
2 85292 85275
2 85272 85266
2 85252 85222
2 85215 85151
2 85148 85137
2 85119 85103
2 85085 85078
2 85055 85050
2 85040 85038
2 85014 84962
2 84947 84943
2 84935 84924
2 84923 84898
2 84881 84866
2 84859 84801
2 84791 84768
2 84765 84761
2 84755 84746
2 84707 84701
2 84659 84642
2 84627 84622
2 84567 84554
2 84552 84523
2 84504 84474
2 84453 84430
2 84419 84399
2 84366 84362
2 84330 84315
2 84287 84279
2 84266 84258
2 84239 84233
2 84230 84223
2 84199 84188
2 84187 84153
2 84126 84118
2 84117 84097
2 84090 84082
2 84081 84063
2 84059 84056
2 84035 84016
2 84002 83989
2 83980 83944
2 83929 83902
2 83833 83819
2 83818 83812
2 83799 83794
2 83784 83752
2 83744 83737
2 83720 83719
2 83716 83678
2 83669 83641
2 83625 83615
2 83599 83597
2 83595 83587
2 83582 83561
2 83516 83512
2 83499 83475
2 83460 83439
2 83435 83392
2 83389 83363
2 83329 83309
2 83282 83237
2 83229 83222
2 83213 83204
2 83185 83165
2 83155 83151
2 83119 83078
2 83072 82993
2 82992 82990
2 82984 82960
2 82931 82884
2 82877 82838
2 82821 82804
2 82799 82798
2 82789 82730
2 82711 82698
2 82697 82694
2 82687 82659
2 82657 82632
2 82614 82587
2 82584 82576
2 82563 82555
2 82516 82512
2 82501 82490
2 82432 82365
2 82351 82344
2 82314 82299
2 82294 82266
2 82216 82207
2 82182 82155
2 82137 82111
2 82081 82066
2 82051 82046
2 82034 82027
2 82023 82020
2 82014 82013
2 81972 81957
2 81954 81946
2 81934 81922
2 81862 81855
2 81851 81843
2 81836 81806
2 81792 81777
2 81775 81764
2 81747 81735
2 81664 81662
2 81652 81639
2 81633 81627
2 81616 81614
2 81613 81598
2 81597 81576
2 81532 81481
2 81473 81457
2 81439 81431
2 81413 81408
2 81402 81357
2 81353 81326
2 81324 81305
2 81292 81273
2 81260 81256
2 81253 81232
2 81190 81185
2 81162 81141
2 81132 81109
2 81096 81087
2 81069 81051
2 81031 81024
2 81022 81000
2 80986 80975
2 80907 80880
2 80875 80854
2 80843 80842
2 80807 80806
2 80799 80752
2 80749 80737
2 80714 80711
2 80700 80646
2 80597 80548
2 80521 80519
2 80475 80465
2 80430 80421
2 80394 80393
2 80371 80354
2 80345 80332
2 80327 80323
2 80321 80301
2 80300 80299
2 80277 80271
2 80244 80235
2 80211 80164
2 80147 80074
2 80063 80056
2 80048 80018
2 80016 80011
2 80005 79982
2 79981 79967
2 79933 79923
2 79913 79892
2 79854 79847
2 79841 79838
2 79832 79826
2 79789 79779
2 79763 79760
2 79705 79685
2 79683 79671
2 79666 79662
2 79654 79640
2 79611 79595
2 79584 79566
2 79558 79556
2 79555 79537
2 79517 79514
2 79508 79505
2 79458 79455
2 79437 79391
2 79385 79383
2 79350 79347
2 79329 79293
2 79284 79282
2 79221 79208
2 79202 79200
2 79184 79183
2 79106 79082
2 79073 79062
2 79033 79032
2 79014 78990
2 78971 78935
2 78925 78899
2 78891 78889
2 78873 78862
2 78849 78848
2 78742 78739
2 78738 78736
2 78731 78705
2 78672 78664
2 78654 78645
2 78557 78553
2 78548 78537
2 78536 78516
2 78505 78487
2 78483 78443
2 78423 78418
2 78413 78410
2 78402 78392
2 78390 78373
2 78348 78323
2 78310 78308
2 78296 78285
2 78255 78232
2 78205 78182
2 78171 78167
2 78155 78151
2 78132 78120
2 78107 78079
2 78077 78037
2 78015 78001
2 77992 77927
2 77913 77895
2 77889 77882
2 77865 77858
2 77849 77830
2 77825 77803
2 77798 77778
2 77766 77759
2 77752 77750
2 77743 77655
2 77626 77620
2 77588 77586
2 77568 77567
2 77548 77509
2 77506 77505
2 77490 77460
2 77428 77426
2 77418 77398
2 77377 77371
2 77347 77342
2 77339 77325
2 77296 77266
2 77261 77235
2 77182 77148
2 77141 77127
2 77087 77082
2 77062 77048
2 77036 77016
2 77001 76993
2 76978 76957
2 76909 76851
2 76850 76840
2 76839 76799
2 76787 76749
2 76730 76723
2 76715 76709
2 76671 76652
2 76624 76616
2 76597 76585
2 76570 76559
2 76492 76490
2 76485 76460
2 76437 76436
2 76399 76381
2 76377 76370
2 76347 76345
2 76343 76301
2 76288 76261
2 76241 76158
2 76147 76131
2 76129 76126
2 76065 76020
2 76007 75988
2 75974 75954
2 75938 75906
2 75885 75877
2 75868 75866
2 75857 75856
2 75845 75843
2 75781 75764
2 75758 75750
2 75746 75740
2 75716 75710
2 75667 75663
2 75645 75640
2 75574 75571
2 75565 75560
2 75547 75528
2 75512 75499
2 75485 75483
2 75454 75418
2 75410 75402
2 75399 75378
2 75369 75365
2 75353 75339
2 75333 75326
2 75318 75290
2 75268 75252
2 75246 75241
2 75210 75202
2 75201 75193
2 75191 75189
2 75188 75146
2 75143 75139
2 75136 75134
2 75123 75121
2 75106 75089
2 75083 75082
2 75054 75021
2 75006 74966
2 74956 74949
2 74932 74930
2 74927 74921
2 74900 74899
2 74892 74890
2 74881 74876
2 74864 74853
2 74833 74803
2 74797 74783
2 74765 74750
2 74734 74709
2 74700 74683
2 74675 74665
2 74662 74653
2 74651 74647
2 74602 74601
2 74589 74585
2 74575 74563
2 74560 74514
2 74485 74473
2 74453 74434
2 74391 74364
2 74287 74279
2 74262 74247
2 74235 74231
2 74215 74203
2 74197 74165
2 74151 74147
2 74090 74082
2 74081 74066
2 74064 74050
2 74045 74043
2 74011 73997
2 73994 73989
2 73952 73941
2 73937 73927
2 73904 73902
2 73889 73885
2 73877 73873
2 73861 73857
2 73828 73813
2 73798 73792
2 73791 73754
2 73751 73750
2 73737 73733
2 73713 73697
2 73675 73662
2 73634 73592
2 73579 73570
2 73567 73536
2 73491 73413
2 73402 73392
2 73386 73377
2 73365 73329
2 73327 73319
2 73248 73201
2 73193 73186
2 73148 73133
2 73129 73115
2 73105 73095
2 73081 73053
2 73043 73024
2 73009 73000
2 72988 72981
2 72957 72915
2 72892 72887
2 72874 72854
2 72844 72813
2 72809 72765
2 72754 72748
2 72737 72704
2 72697 72684
2 72664 72659
2 72640 72638
2 72634 72594
2 72593 72590
2 72584 72554
2 72552 72543
2 72514 72468
2 72463 72454
2 72439 72432
2 72406 72405
2 72401 72399
2 72384 72365
2 72360 72319
2 72312 72298
2 72260 72247
2 72245 72192
2 72171 72151
2 72150 72130
2 72126 72123
2 72115 72106
2 72054 71953
2 71950 71948
2 71937 71913
2 71909 71908
2 71903 71895
2 71892 71886
2 71885 71875
2 71865 71838
2 71831 71830
2 71829 71828
2 71809 71803
2 71792 71772
2 71681 71653
2 71623 71576
2 71573 71553
2 71547 71540
2 71538 71491
2 71485 71477
2 71476 71469
2 71455 71389
2 71387 71367
2 71357 71345
2 71331 71319
2 71308 71306
2 71286 71282
2 71237 71235
2 71198 71185
2 71167 71154
2 71141 71128
2 71125 71082
2 71063 71042
2 71037 71031
2 70999 70996
2 70970 70930
2 70923 70909
2 70907 70891
2 70871 70852
2 70846 70842
2 70806 70789
2 70747 70742
2 70741 70735
2 70708 70702
2 70696 70686
2 70660 70656
2 70643 70620
2 70581 70526
2 70510 70471
2 70457 70452
2 70435 70424
2 70411 70380
2 70374 70365
2 70353 70340
2 70321 70285
2 70267 70241
2 70237 70231
2 70130 70124
2 70110 70097
2 70088 70085
2 70071 70067
2 70064 70057
2 70042 70034
2 70032 70027
2 70010 69995
2 69993 69960
2 69943 69941
2 69915 69914
2 69908 69903
2 69883 69877
2 69873 69861
2 69826 69781
2 69772 69763
2 69743 69672
2 69642 69613
2 69600 69593
2 69582 69574
2 69557 69547
2 69540 69532
2 69523 69517
2 69475 69458
2 69455 69447
2 69436 69410
2 69402 69334
2 69323 69310
2 69309 69299
2 69298 69288
2 69282 69242
2 69239 69224
2 69191 69190
2 69171 69126
2 69111 69095
2 69077 69070
2 69025 69019
2 69013 69006
2 68962 68960
2 68951 68938
2 68937 68928
2 68909 68904
2 68858 68852
2 68836 68818
2 68810 68759
2 68732 68682
2 68609 68608
2 68606 68590
2 68538 68524
2 68523 68484
2 68439 68431
2 68429 68426
2 68413 68407
2 68401 68398
2 68369 68340
2 68333 68329
2 68325 68299
2 68289 68286
2 68243 68238
2 68237 68230
2 68206 68175
2 68093 68076
2 68034 68026
2 68023 67989
2 67984 67979
2 67936 67924
2 67921 67894
2 67858 67848
2 67813 67811
2 67808 67787
2 67784 67768
2 67766 67758
2 67756 67755
2 67752 67750
2 67699 67698
2 67676 67655
2 67636 67633
2 67618 67609
2 67585 67580
2 67540 67523
2 67509 67484
2 67467 67460
2 67451 67446
2 67428 67422
2 67416 67403
2 67387 67373
2 67307 67304
2 67284 67265
2 67256 67202
2 67196 67191
2 67183 67165
2 67158 67144
2 67123 67106
2 67070 67053
2 67047 67046
2 67010 67009
2 66990 66960
2 66935 66915
2 66896 66874
2 66818 66809
2 66771 66765
2 66747 66738
2 66702 66692
2 66674 66664
2 66659 66654
2 66649 66599
2 66585 66550
2 66523 66519
2 66514 66482
2 66473 66465
2 66455 66450
2 66423 66422
2 66413 66396
2 66388 66384
2 66369 66341
2 66331 66330
2 66305 66299
2 66292 66282
2 66276 66274
2 66270 66261
2 66238 66236
2 66219 66213
2 66211 66203
2 66202 66196
2 66181 66145
2 66091 66082
2 66077 66049
2 66031 66030
2 65945 65935
2 65922 65909
2 65899 65898
2 65851 65837
2 65816 65794
2 65787 65779
2 65772 65771
2 65766 65678
2 65639 65625
2 65605 65579
2 65575 65551
2 65524 65504
2 65497 65492
2 65491 65448
2 65434 65427
2 65425 65424
2 65416 65388
2 65362 65316
2 65282 65249
2 65233 65231
2 65209 65204
2 65199 65196
2 65173 65166
2 65112 65052
2 65039 65038
2 65023 65005
2 64929 64922
2 64918 64900
2 64890 64883
2 64877 64870
2 64824 64820
2 64818 64805
2 64788 64785
2 64783 64772
2 64749 64728
2 64717 64693
2 64648 64625
2 64616 64597
2 64588 64548
2 64546 64538
2 64485 64479
2 64468 64464
2 64461 64446
2 64427 64405
2 64404 64384
2 64379 64362
2 64360 64334
2 64282 64227
2 64215 64195
2 64191 64151
2 64120 64103
2 64102 64058
2 64044 64036
2 64023 63983
2 63979 63976
2 63971 63970
2 63930 63905
2 63889 63872
2 63864 63852
2 63823 63810
2 63765 63761
2 63721 63695
2 63694 63688
2 63683 63648
2 63636 63629
2 63618 63613
2 63591 63584
2 63578 63576
2 63573 63563
2 63534 63528
2 63474 63469
2 63465 63454
2 63437 63432
2 63383 63375
2 63336 63325
2 63320 63310
2 63305 63277
2 63246 63244
2 63221 63215
2 63181 63175
2 63173 63155
2 63126 63121
2 63113 63110
2 63098 63082
2 63065 63054
2 63040 63030
2 63006 62992
2 62985 62977
2 62956 62916
2 62891 62880
2 62870 62869
2 62836 62825
2 62788 62778
2 62753 62714
2 62688 62674
2 62655 62652
2 62622 62617
2 62616 62604
2 62601 62590
2 62586 62553
2 62520 62516
2 62504 62471
2 62452 62446
2 62432 62415
2 62409 62343
2 62326 62318
2 62315 62288
2 62271 62234
2 62227 62223
2 62189 62170
2 62162 62124
2 62118 62082
2 62063 62059
2 62058 62048
2 62002 61996
2 61972 61961
2 61946 61937
2 61924 61917
2 61899 61891
2 61868 61854
2 61826 61823
2 61785 61771
2 61734 61715
2 61690 61684
2 61676 61673
2 61661 61621
2 61593 61570
2 61524 61512
2 61498 61495
2 61481 61480
2 61473 61472
2 61437 61424
2 61419 61402
2 61375 61372
2 61359 61332
2 61325 61310
2 61293 61270
2 61267 61253
2 61249 61234
2 61168 61163
2 61118 61105
2 61081 61058
2 61053 61043
2 61033 60987
2 60970 60968
2 60958 60945
2 60930 60928
2 60924 60905
2 60902 60901
2 60854 60848
2 60827 60815
2 60808 60789
2 60784 60781
2 60764 60759
2 60743 60714
2 60713 60704
2 60651 60637
2 60626 60624
2 60600 60597
2 60588 60580
2 60573 60565
2 60558 60550
2 60535 60482
2 60448 60446
2 60425 60400
2 60361 60353
2 60349 60316
2 60313 60306
2 60294 60285
2 60280 60272
2 60209 60137
2 60131 60098
2 60086 60056
2 60042 60041
2 60028 60027
2 59995 59987
2 59961 59948
2 59942 59905
2 59899 59891
2 59866 59860
2 59853 59785
2 59773 59772
2 59771 59763
2 59761 59699
2 59637 59630
2 59567 59536
2 59526 59481
2 59449 59443
2 59407 59405
2 59376 59370
2 59347 59346
2 59307 59305
2 59300 59268
2 59251 59234
2 59230 59222
2 59210 59208
2 59168 59166
2 59157 59144
2 59142 59113
2 59107 59077
2 59073 59063
2 59059 59053
2 59052 58991
2 58990 58978
2 58974 58972
2 58950 58946
2 58911 58905
2 58887 58847
2 58837 58816
2 58802 58801
2 58793 58780
2 58762 58745
2 58712 58687
2 58674 58671
2 58641 58629
2 58598 58570
2 58556 58540
2 58527 58510
2 58491 58482
2 58477 58466
2 58463 58453
2 58443 58441
2 58434 58430
2 58381 58352
2 58336 58294
2 58259 58231
2 58218 58200
2 58195 58132
2 58129 58122
2 58112 58097
2 58083 58081
2 58076 58062
2 58037 58025
2 57988 57985
2 57983 57979
2 57961 57947
2 57906 57858
2 57855 57840
2 57799 57772
2 57770 57768
2 57765 57754
2 57731 57715
2 57684 57678
2 57672 57651
2 57613 57606
2 57602 57572
2 57566 57539
2 57527 57525
2 57520 57517
2 57503 57497
2 57468 57467
2 57385 57372
2 57355 57352
2 57284 57260
2 57251 57246
2 57228 57216
2 57215 57186
2 57182 57177
2 57072 57047
2 57045 57029
2 57027 57023
2 57007 56990
2 56976 56942
2 56937 56927
2 56911 56898
2 56878 56847
2 56829 56827
2 56823 56796
2 56790 56750
2 56744 56711
2 56692 56690
2 56688 56686
2 56677 56666
2 56664 56637
2 56631 56604
2 56579 56570
2 56567 56562
2 56559 56490
2 56456 56443
2 56442 56415
2 56412 56411
2 56407 56384
2 56365 56355
2 56322 56315
2 56283 56234
2 56219 56214
2 56213 56199
2 56185 56165
2 56154 56152
2 56140 56138
2 56129 56096
2 56050 56031
2 56004 55987
2 55980 55959
2 55957 55937
2 55927 55920
2 55897 55888
2 55859 55854
2 55844 55835
2 55830 55802
2 55793 55784
2 55763 55755
2 55641 55639
2 55635 55612
2 55611 55596
2 55585 55565
2 55546 55524
2 55483 55479
2 55476 55438
2 55417 55397
2 55378 55338
2 55294 55286
2 55275 55267
2 55245 55224
2 55164 55159
2 55150 55119
2 55088 55079
2 55054 55030
2 55027 55026
2 55006 54995
2 54989 54974
2 54962 54949
2 54914 54913
2 54877 54828
2 54785 54773
2 54765 54744
2 54740 54735
2 54733 54716
2 54694 54688
2 54682 54678
2 54664 54648
2 54640 54622
2 54603 54592
2 54583 54581
2 54576 54548
2 54527 54446
2 54431 54410
2 54404 54384
2 54374 54351
2 54312 54311
2 54300 54297
2 54296 54286
2 54281 54233
2 54226 54218
2 54198 54171
2 54166 54160
2 54155 54119
2 54117 54075
2 54067 54055
2 54053 54048
2 54037 54021
2 53994 53964
2 53956 53943
2 53914 53912
2 53904 53886
2 53882 53867
2 53861 53858
2 53856 53832
2 53828 53803
2 53799 53778
2 53772 53765
2 53764 53757
2 53740 53654
2 53641 53632
2 53617 53611
2 53551 53540
2 53534 53489
2 53488 53463
2 53461 53458
2 53453 53426
2 53421 53401
2 53368 53331
2 53317 53309
2 53302 53299
2 53289 53284
2 53282 53258
2 53256 53237
2 53226 53207
2 53190 53186
2 53181 53169
2 53158 53148
2 53138 53089
2 53082 53075
2 53066 53047
2 53019 53005
2 52990 52981
2 52974 52948
2 52946 52945
2 52939 52936
2 52919 52893
2 52854 52842
2 52840 52822
2 52784 52757
2 52750 52742
2 52722 52700
2 52683 52673
2 52672 52648
2 52645 52636
2 52621 52581
2 52558 52537
2 52534 52502
2 52489 52478
2 52471 52469
2 52466 52448
2 52424 52413
2 52399 52380
2 52354 52350
2 52328 52286
2 52284 52273
2 52264 52252
2 52234 52183
2 52173 52172
2 52164 52153
2 52128 52089
2 52085 52072
2 52059 52032
2 52007 51977
2 51959 51956
2 51943 51942
2 51908 51905
2 51900 51895
2 51892 51891
2 51886 51872
2 51813 51812
2 51803 51791
2 51775 51767
2 51759 51753
2 51732 51671
2 51654 51641
2 51634 51619
2 51610 51605
2 51601 51580
2 51576 51554
2 51552 51543
2 51483 51472
2 51460 51423
2 51401 51383
2 51373 51357
2 51352 51328
2 51323 51303
2 51297 51294
2 51273 51269
2 51268 51253
2 51235 51229
2 51206 51192
2 51156 51155
2 51152 51139
2 51137 51131
2 51121 51120
2 51112 51058
2 51033 51027
2 51013 51006
2 50994 50988
2 50965 50957
2 50956 50953
2 50925 50920
2 50858 50846
2 50831 50825
2 50778 50772
2 50753 50738
2 50737 50727
2 50722 50710
2 50676 50673
2 50638 50631
2 50619 50615
2 50578 50576
2 50574 50542
2 50541 50540
2 50527 50496
2 50493 50466
2 50458 50457
2 50418 50403
2 50395 50380
2 50311 50306
2 50293 50292
2 50268 50249
2 50243 50238
2 50231 50229
2 50221 50211
2 50133 50124
2 50110 50107
2 50104 50091
2 50061 50008
2 50002 49982
2 49968 49938
2 49933 49929
2 49920 49910
2 49889 49874
2 49868 49862
2 49822 49819
2 49768 49737
2 49731 49726
2 49723 49722
2 49715 49698
2 49690 49687
2 49684 49676
2 49672 49635
2 49624 49596
2 49575 49542
2 49540 49514
2 49501 49498
2 49472 49471
2 49458 49453
2 49452 49450
2 49422 49382
2 49374 49357
2 49352 49331
2 49291 49270
2 49232 49223
2 49221 49218
2 49213 49177
2 49158 49148
2 49147 49136
2 49130 49117
2 49092 49091
2 49073 49065
2 49030 49011
2 49000 48992
2 48957 48956
2 48918 48914
2 48872 48858
2 48829 48828
2 48822 48765
2 48758 48754
2 48753 48749
2 48748 48743
2 48687 48672
2 48648 48647
2 48622 48621
2 48598 48578
2 48572 48549
2 48547 48533
2 48526 48522
2 48521 48513
2 48511 48509
2 48506 48499
2 48433 48426
2 48401 48378
2 48343 48282
2 48272 48269
2 48267 48253
2 48171 48133
2 48116 48081
2 48063 48058
2 48024 48010
2 48007 47997
2 47966 47945
2 47928 47906
2 47902 47877
2 47873 47863
2 47862 47840
2 47832 47825
2 47817 47815
2 47806 47805
2 47796 47746
2 47726 47703
2 47669 47664
2 47658 47639
2 47638 47604
2 47589 47527
2 47518 47493
2 47492 47479
2 47475 47436
2 47433 47412
2 47411 47394
2 47383 47372
2 47363 47356
2 47333 47315
2 47314 47271
2 47269 47268
2 47217 47186
2 47180 47165
2 47148 47143
2 47133 47122
2 47118 47070
2 47055 47032
2 47010 46980
2 46956 46903
2 46860 46848
2 46820 46813
2 46797 46793
2 46787 46777
2 46767 46754
2 46750 46736
2 46731 46720
2 46713 46699
2 46698 46696
2 46679 46666
2 46661 46651
2 46644 46627
2 46614 46603
2 46568 46539
2 46502 46491
2 46486 46472
2 46470 46446
2 46442 46429
2 46420 46418
2 46406 46351
2 46277 46254
2 46212 46206
2 46203 46157
2 46128 46125
2 46114 46105
2 46091 46081
2 46059 46044
2 46014 46002
2 45996 45987
2 45979 45946
2 45942 45900
2 45888 45877
2 45869 45868
2 45866 45826
2 45816 45811
2 45796 45791
2 45778 45738
2 45694 45680
2 45676 45673
2 45662 45638
2 45625 45608
2 45580 45569
2 45568 45491
2 45480 45469
2 45456 45438
2 45430 45429
2 45427 45413
2 45394 45391
2 45332 45314
2 45280 45267
2 45263 45245
2 45224 45218
2 45214 45208
2 45195 45188
2 45182 45171
2 45166 45149
2 45123 45114
2 45072 45069
2 45039 45005
2 44998 44985
2 44979 44970
2 44949 44944
2 44904 44855
2 44847 44844
2 44828 44778
2 44771 44760
2 44752 44751
2 44749 44704
2 44696 44692
2 44690 44686
2 44685 44665
2 44660 44638
2 44569 44564
2 44545 44484
2 44433 44432
2 44350 44343
2 44336 44325
2 44312 44306
2 44289 44284
2 44275 44268
2 44207 44203
2 44166 44137
2 44136 44099
2 44092 44036
2 44019 44008
2 43930 43908
2 43905 43870
2 43845 43843
2 43840 43791
2 43789 43756
2 43746 43709
2 43705 43697
2 43638 43625
2 43607 43605
2 43589 43576
2 43544 43528
2 43526 43485
2 43483 43482
2 43425 43401
2 43392 43390
2 43384 43373
2 43356 43355
2 43346 43332
2 43316 43296
2 43247 43245
2 43223 43203
2 43167 43166
2 43159 43153
2 43149 43137
2 43101 43088
2 43064 43020
2 42994 42992
2 42973 42948
2 42945 42935
2 42876 42875
2 42867 42865
2 42854 42833
2 42797 42788
2 42780 42774
2 42761 42756
2 42753 42750
2 42742 42724
2 42717 42676
2 42674 42651
2 42642 42623
2 42612 42598
2 42597 42570
2 42552 42503
2 42486 42480
2 42478 42475
2 42471 42464
2 42425 42409
2 42407 42331
2 42311 42309
2 42288 42283
2 42266 42249
2 42237 42228
2 42219 42218
2 42211 42209
2 42207 42189
2 42149 42145
2 42138 42105
2 42079 42066
2 42059 42048
2 42019 41998
2 41982 41981
2 41977 41964
2 41946 41929
2 41913 41901
2 41893 41888
2 41885 41855
2 41816 41813
2 41782 41737
2 41734 41733
2 41726 41722
2 41698 41686
2 41683 41664
2 41632 41624
2 41601 41593
2 41573 41569
2 41555 41522
2 41515 41505
2 41499 41482
2 41431 41426
2 41411 41406
2 41405 41372
2 41369 41341
2 41326 41210
2 41198 41177
2 41155 41148
2 41146 41134
2 41120 41081
2 41072 41053
2 41030 41029
2 40966 40931
2 40910 40906
2 40893 40891
2 40886 40847
2 40829 40824
2 40822 40814
2 40776 40768
2 40756 40747
2 40687 40663
2 40661 40643
2 40642 40637
2 40636 40614
2 40590 40582
2 40580 40520
2 40517 40516
2 40500 40493
2 40487 40483
2 40448 40423
2 40400 40397
2 40360 40341
2 40319 40283
2 40236 40214
2 40190 40170
2 40161 40158
2 40157 40150
2 40131 40072
2 40011 40000
2 39995 39992
2 39990 39963
2 39960 39912
2 39909 39897
2 39874 39794
2 39792 39786
2 39783 39719
2 39686 39685
2 39674 39668
2 39663 39655
2 39643 39642
2 39638 39552
2 39544 39528
2 39491 39438
2 39434 39406
2 39403 39381
2 39379 39375
2 39364 39357
2 39339 39336
2 39301 39296
2 39287 39278
2 39266 39245
2 39240 39228
2 39227 39191
2 39190 39186
2 39158 39129
2 39095 39093
2 39078 39053
2 39052 39009
2 39005 39000
2 38995 38981
2 38914 38908
2 38896 38856
2 38850 38849
2 38845 38834
2 38833 38832
2 38803 38795
2 38793 38784
2 38770 38728
2 38717 38711
2 38682 38672
2 38652 38644
2 38639 38630
2 38622 38608
2 38578 38577
2 38574 38544
2 38531 38482
2 38473 38465
2 38463 38440
2 38357 38353
2 38342 38312
2 38310 38295
2 38284 38283
2 38273 38261
2 38253 38248
2 38236 38229
2 38227 38223
2 38210 38196
2 38193 38192
2 38190 38177
2 38160 38063
2 38050 38031
2 38028 38024
2 38005 38004
2 37998 37946
2 37935 37927
2 37901 37892
2 37877 37839
2 37821 37765
2 37733 37725
2 37720 37696
2 37670 37658
2 37618 37604
2 37598 37581
2 37565 37553
2 37523 37503
2 37470 37461
2 37452 37450
2 37440 37417
2 37358 37329
2 37326 37320
2 37316 37263
2 37251 37223
2 37196 37160
2 37138 37134
2 37100 37072
2 37068 37059
2 37058 37052
2 37032 36935
2 36911 36902
2 36831 36803
2 36796 36773
2 36747 36734
2 36623 36613
2 36604 36601
2 36588 36584
2 36576 36575
2 36539 36525
2 36515 36447
2 36407 36393
2 36341 36340
2 36334 36325
2 36317 36312
2 36274 36264
2 36232 36222
2 36217 36215
2 36195 36184
2 36180 36179
2 36168 36155
2 36132 36127
2 36119 36082
2 36073 36049
2 36042 36041
2 36030 36024
2 36022 36012
2 35993 35989
2 35922 35910
2 35905 35890
2 35881 35862
2 35859 35826
2 35799 35768
2 35754 35750
2 35730 35728
2 35719 35692
2 35688 35676
2 35656 35650
2 35641 35638
2 35634 35618
2 35574 35570
2 35560 35519
2 35469 35464
2 35460 35443
2 35440 35432
2 35429 35416
2 35406 35382
2 35361 35359
2 35355 35352
2 35322 35317
2 35313 35311
2 35260 35210
2 35207 35203
2 35194 35184
2 35158 35156
2 35149 35114
2 35096 35091
2 35071 35055
2 35041 35030
2 34990 34969
2 34960 34913
2 34896 34881
2 34876 34875
2 34850 34826
2 34817 34753
2 34741 34730
2 34723 34696
2 34695 34691
2 34671 34670
2 34669 34662
2 34653 34628
2 34610 34605
2 34571 34562
2 34556 34533
2 34513 34507
2 34506 34477
2 34473 34456
2 34448 34445
2 34430 34428
2 34420 34416
2 34394 34374
2 34370 34366
2 34361 34334
2 34331 34321
2 34296 34282
2 34278 34265
2 34254 34209
2 34193 34186
2 34157 34154
2 34140 34138
2 34125 34114
2 34098 34090
2 34076 34042
2 34035 34023
2 34001 33999
2 33959 33955
2 33947 33937
2 33906 33899
2 33898 33852
2 33821 33818
2 33815 33747
2 33745 33738
2 33736 33731
2 33715 33691
2 33688 33681
2 33672 33664
2 33648 33620
2 33602 33589
2 33569 33539
2 33530 33527
2 33526 33500
2 33422 33414
2 33409 33407
2 33405 33365
2 33363 33351
2 33343 33300
2 33288 33259
2 33257 33236
2 33232 33183
2 33178 33136
2 33133 33125
2 33082 33080
2 33054 33042
2 33041 33020
2 32988 32972
2 32961 32958
2 32937 32922
2 32913 32901
2 32859 32856
2 32835 32812
2 32765 32747
2 32743 32741
2 32711 32709
2 32697 32671
2 32646 32602
2 32546 32522
2 32508 32506
2 32494 32481
2 32476 32475
2 32465 32464
2 32411 32402
2 32387 32371
2 32364 32350
2 32330 32315
2 32303 32295
2 32283 32277
2 32263 32256
2 32230 32212
2 32199 32190
2 32178 32115
2 32071 32047
2 32044 32038
2 31996 31967
2 31961 31919
2 31916 31909
2 31896 31879
2 31875 31861
2 31848 31785
2 31760 31741
2 31715 31708
2 31701 31635
2 31629 31616
2 31611 31594
2 31592 31585
2 31582 31555
2 31553 31500
2 31487 31466
2 31455 31454
2 31444 31442
2 31434 31416
2 31412 31407
2 31404 31403
2 31393 31387
2 31377 31355
2 31343 31332
2 31293 31289
2 31275 31273
2 31255 31238
2 31236 31226
2 31220 31198
2 31193 31186
2 31182 31180
2 31162 31152
2 31123 31122
2 31116 31115
2 31114 31067
2 31057 31042
2 31001 30997
2 30994 30992
2 30979 30976
2 30972 30911
2 30908 30899
2 30864 30859
2 30845 30838
2 30822 30818
2 30817 30797
2 30779 30751
2 30740 30729
2 30720 30690
2 30689 30685
2 30654 30619
2 30616 30535
2 30534 30529
2 30500 30492
2 30480 30436
2 30435 30434
2 30429 30406
2 30401 30383
2 30381 30375
2 30366 30357
2 30332 30312
2 30249 30195
2 30193 30176
2 30155 30148
2 30134 30130
2 30129 30104
2 30093 30078
2 30077 30076
2 30056 30054
2 30026 30010
2 30003 29990
2 29989 29988
2 29976 29966
2 29941 29922
2 29895 29872
2 29868 29857
2 29832 29814
2 29761 29703
2 29682 29678
2 29664 29582
2 29579 29554
2 29536 29515
2 29512 29490
2 29481 29474
2 29432 29397
2 29388 29364
2 29352 29338
2 29334 29325
2 29314 29300
2 29270 29265
2 29241 29233
2 29232 29226
2 29218 29208
2 29200 29181
2 29168 29165
2 29162 29159
2 29147 29138
2 29131 29113
2 29109 29011
2 29000 28989
2 28981 28976
2 28972 28970
2 28969 28966
2 28960 28952
2 28925 28894
2 28873 28869
2 28867 28861
2 28858 28839
2 28812 28806
2 28788 28776
2 28775 28762
2 28756 28743
2 28735 28720
2 28700 28699
2 28695 28669
2 28665 28645
2 28630 28622
2 28621 28613
2 28587 28581
2 28506 28501
2 28463 28462
2 28443 28378
2 28377 28376
2 28343 28336
2 28332 28327
2 28323 28271
2 28265 28261
2 28259 28248
2 28230 28227
2 28226 28209
2 28189 28186
2 28177 28155
2 28154 28099
2 28076 28070
2 28049 28048
2 28039 28032
2 28022 27976
2 27958 27953
2 27943 27942
2 27922 27918
2 27905 27878
2 27874 27869
2 27857 27852
2 27838 27789
2 27783 27773
2 27758 27742
2 27713 27659
2 27656 27650
2 27611 27599
2 27576 27570
2 27563 27543
2 27518 27509
2 27490 27489
2 27468 27459
2 27456 27455
2 27433 27416
2 27404 27392
2 27359 27346
2 27307 27305
2 27280 27267
2 27262 27248
2 27246 27244
2 27237 27211
2 27192 27144
2 27127 27126
2 27118 27106
2 27100 27096
2 27068 27060
2 27053 27047
2 27046 27042
2 27027 27024
2 26965 26953
2 26919 26906
2 26858 26806
2 26803 26776
2 26757 26750
2 26724 26716
2 26705 26697
2 26674 26665
2 26661 26628
2 26620 26596
2 26594 26591
2 26571 26568
2 26567 26552
2 26525 26508
2 26500 26483
2 26480 26479
2 26443 26439
2 26424 26421
2 26409 26395
2 26390 26387
2 26380 26360
2 26352 26349
2 26348 26344
2 26340 26330
2 26310 26307
2 26302 26294
2 26291 26279
2 26277 26240
2 26231 26230
2 26216 26181
2 26161 26159
2 26151 26150
2 26046 26045
2 26008 26005
2 25968 25938
2 25921 25890
2 25867 25855
2 25823 25796
2 25770 25766
2 25758 25742
2 25732 25710
2 25676 25640
2 25631 25614
2 25611 25605
2 25564 25559
2 25536 25530
2 25513 25494
2 25491 25482
2 25471 25467
2 25457 25454
2 25426 25416
2 25377 25376
2 25365 25364
2 25349 25344
2 25335 25326
2 25291 25286
2 25278 25272
2 25239 25224
2 25206 25172
2 25171 25168
2 25146 25115
2 25113 25066
2 25062 25059
2 25053 25051
2 25041 25034
2 24990 24900
2 24890 24884
2 24882 24871
2 24857 24807
2 24804 24787
2 24768 24761
2 24746 24738
2 24737 24670
2 24661 24607
2 24591 24573
2 24564 24557
2 24536 24527
2 24524 24523
2 24521 24515
2 24513 24504
2 24462 24450
2 24447 24445
2 24403 24396
2 24371 24357
2 24345 24333
2 24328 24317
2 24298 24269
2 24256 24217
2 24213 24172
2 24145 24144
2 24142 24115
2 24103 24102
2 24086 24082
2 24078 24070
2 24060 24041
2 24037 24027
2 24012 24001
2 23976 23966
2 23964 23958
2 23945 23916
2 23910 23886
2 23873 23852
2 23844 23843
2 23827 23804
2 23783 23775
2 23768 23760
2 23752 23743
2 23716 23715
2 23689 23660
2 23649 23629
2 23592 23582
2 23577 23574
2 23572 23563
2 23553 23549
2 23527 23521
2 23499 23483
2 23482 23472
2 23445 23443
2 23417 23400
2 23383 23380
2 23361 23334
2 23331 23329
2 23318 23300
2 23286 23282
2 23277 23202
2 23201 23189
2 23181 23172
2 23170 23165
2 23082 23075
2 23050 23048
2 23031 23023
2 22995 22983
2 22982 22975
2 22966 22963
2 22938 22930
2 22916 22890
2 22879 22878
2 22860 22850
2 22843 22827
2 22816 22810
2 22807 22796
2 22760 22751
2 22750 22749
2 22745 22709
2 22661 22657
2 22645 22641
2 22630 22626
2 22611 22594
2 22586 22577
2 22567 22524
2 22523 22475
2 22468 22467
2 22460 22459
2 22447 22444
2 22441 22435
2 22381 22371
2 22366 22357
2 22329 22275
2 22272 22259
2 22172 22170
2 22111 22098
2 22093 22087
2 22078 22061
2 22051 22035
2 22032 22012
2 21987 21980
2 21970 21956
2 21938 21924
2 21902 21886
2 21876 21872
2 21870 21864
2 21850 21821
2 21782 21763
2 21747 21742
2 21707 21682
2 21646 21626
2 21571 21560
2 21554 21542
2 21530 21525
2 21473 21456
2 21433 21399
2 21397 21382
2 21375 21354
2 21337 21322
2 21319 21293
2 21285 21228
2 21213 21189
2 21179 21118
2 21057 21049
2 21042 21039
2 21029 20991
2 20962 20939
2 20923 20900
2 20897 20895
2 20883 20875
2 20864 20862
2 20856 20806
2 20772 20753
2 20752 20740
2 20735 20720
2 20716 20679
2 20656 20640
2 20630 20626
2 20625 20611
2 20601 20579
2 20545 20510
2 20489 20488
2 20487 20465
2 20457 20454
2 20448 20438
2 20396 20394
2 20366 20362
2 20360 20354
2 20347 20333
2 20307 20305
2 20288 20233
2 20232 20210
2 20175 20126
2 20124 20097
2 20094 20093
2 20086 20081
2 19999 19990
2 19943 19921
2 19918 19912
2 19901 19881
2 19868 19865
2 19864 19863
2 19778 19768
2 19762 19736
2 19731 19727
2 19715 19707
2 19703 19600
2 19597 19571
2 19564 19556
2 19488 19439
2 19437 19386
2 19368 19358
2 19352 19351
2 19343 19319
2 19312 19309
2 19288 19264
2 19238 19234
2 19231 19209
2 19173 19163
2 19154 19149
2 19113 19108
2 19098 19097
2 19094 19064
2 19055 19046
2 19045 19037
2 18943 18918
2 18897 18894
2 18891 18872
2 18870 18848
2 18841 18833
2 18826 18825
2 18820 18806
2 18783 18782
2 18781 18776
2 18771 18759
2 18735 18728
2 18724 18721
2 18697 18693
2 18665 18654
2 18642 18636
2 18632 18625
2 18624 18622
2 18578 18571
2 18559 18548
2 18531 18529
2 18521 18518
2 18483 18473
2 18470 18456
2 18423 18416
2 18401 18396
2 18390 18387
2 18374 18363
2 18326 18307
2 18298 18289
2 18286 18275
2 18254 18239
2 18238 18233
2 18220 18214
2 18213 18142
2 18124 18111
2 18105 18089
2 18086 18067
2 18063 18042
2 18025 18018
2 18013 18004
2 18003 18001
2 17958 17914
2 17897 17895
2 17892 17878
2 17873 17869
2 17835 17784
2 17746 17731
2 17693 17678
2 17668 17634
2 17620 17618
2 17600 17597
2 17535 17510
2 17500 17427
2 17420 17381
2 17343 17336
2 17329 17326
2 17313 17304
2 17289 17287
2 17286 17265
2 17262 17250
2 17212 17205
2 17188 17176
2 17139 17122
2 17116 17048
2 17038 17028
2 17008 17007
2 16980 16947
2 16943 16932
2 16889 16870
2 16868 16848
2 16841 16840
2 16823 16813
2 16810 16788
2 16774 16724
2 16717 16686
2 16609 16582
2 16577 16567
2 16553 16541
2 16539 16523
2 16516 16512
2 16496 16488
2 16484 16439
2 16434 16420
2 16408 16398
2 16354 16353
2 16345 16334
2 16256 16251
2 16238 16226
2 16211 16204
2 16184 16179
2 16168 16154
2 16153 16120
2 16118 16099
2 16097 16089
2 16063 16049
2 15999 15996
2 15992 15953
2 15933 15932
2 15915 15905
2 15903 15901
2 15896 15851
2 15842 15840
2 15814 15809
2 15800 15777
2 15774 15746
2 15743 15731
2 15727 15718
2 15716 15708
2 15707 15664
2 15632 15624
2 15618 15614
2 15568 15565
2 15557 15542
2 15503 15498
2 15487 15471
2 15423 15413
2 15345 15317
2 15312 15271
2 15267 15214
2 15205 15138
2 15123 15118
2 15071 15069
2 15003 14992
2 14978 14977
2 14971 14963
2 14959 14934
2 14933 14900
2 14891 14844
2 14840 14834
2 14830 14827
2 14808 14784
2 14776 14770
2 14694 14688
2 14682 14638
2 14611 14594
2 14593 14589
2 14570 14542
2 14540 14530
2 14526 14490
2 14488 14463
2 14450 14422
2 14407 14367
2 14342 14341
2 14325 14321
2 14310 14303
2 14260 14230
2 14222 14198
2 14144 14119
2 14097 14072
2 14070 14031
2 14002 13970
2 13946 13902
2 13898 13885
2 13868 13866
2 13856 13833
2 13809 13793
2 13780 13773
2 13759 13739
2 13725 13712
2 13699 13689
2 13679 13674
2 13662 13646
2 13634 13574
2 13560 13528
2 13515 13510
2 13509 13494
2 13487 13468
2 13465 13414
2 13398 13389
2 13383 13329
2 13320 13310
2 13283 13265
2 13245 13219
2 13212 13206
2 13204 13196
2 13194 13182
2 13129 13123
2 13115 13114
2 13101 13090
2 13066 13063
2 13058 13055
2 13054 13028
2 13026 13020
2 13015 13008
2 12982 12969
2 12943 12928
2 12921 12916
2 12914 12891
2 12888 12887
2 12883 12867
2 12828 12805
2 12755 12712
2 12647 12637
2 12618 12614
2 12602 12584
2 12568 12495
2 12462 12445
2 12416 12415
2 12397 12395
2 12385 12377
2 12357 12344
2 12314 12303
2 12294 12243
2 12231 12211
2 12183 12160
2 12148 12143
2 12134 12074
2 12071 12053
2 12049 12041
2 12015 12004
2 12001 11988
2 11981 11976
2 11971 11943
2 11936 11927
2 11916 11894
2 11879 11876
2 11827 11816
2 11774 11734
2 11691 11685
2 11681 11680
2 11668 11659
2 11647 11619
2 11584 11578
2 11572 11567
2 11495 11480
2 11449 11445
2 11417 11412
2 11404 11376
2 11367 11356
2 11311 11307
2 11239 11232
2 11208 11192
2 11190 11179
2 11162 11160
2 11145 11141
2 11137 11132
2 11113 11111
2 11071 11068
2 11066 11065
2 11057 11049
2 11035 11025
2 11016 10971
2 10939 10905
2 10899 10894
2 10885 10837
2 10836 10830
2 10744 10713
2 10660 10615
2 10614 10574
2 10573 10572
2 10550 10533
2 10482 10479
2 10459 10414
2 10412 10411
2 10408 10391
2 10368 10346
2 10344 10341
2 10336 10273
2 10263 10251
2 10217 10194
2 10173 10156
2 10150 10114
2 10105 10097
2 10053 10020
2 9982 9976
2 9965 9939
2 9938 9900
2 9890 9884
2 9860 9850
2 9810 9798
2 9786 9782
2 9772 9767
2 9764 9753
2 9732 9723
2 9696 9686
2 9679 9664
2 9654 9653
2 9627 9612
2 9582 9574
2 9570 9553
2 9538 9509
2 9498 9449
2 9448 9439
2 9411 9406
2 9377 9371
2 9362 9350
2 9339 9319
2 9283 9255
2 9244 9222
2 9204 9183
2 9181 9175
2 9164 9158
2 9142 9115
2 9102 9079
2 9073 9072
2 9071 9064
2 9061 9059
2 9049 9037
2 9028 9005
2 8981 8953
2 8948 8926
2 8923 8918
2 8895 8852
2 8847 8845
2 8833 8821
2 8786 8766
2 8763 8760
2 8745 8742
2 8701 8698
2 8676 8644
2 8631 8623
2 8596 8543
2 8510 8504
2 8484 8473
2 8468 8461
2 8443 8437
2 8427 8419
2 8353 8306
2 8304 8297
2 8295 8280
2 8273 8243
2 8236 8156
2 8134 8133
2 8129 8125
2 8121 8106
2 8079 8078
2 8071 8065
2 8056 8050
2 8009 8000
2 7991 7989
2 7984 7981
2 7979 7978
2 7956 7929
2 7928 7911
2 7894 7851
2 7846 7800
2 7788 7763
2 7757 7727
2 7726 7689
2 7683 7680
2 7676 7648
2 7592 7588
2 7544 7537
2 7536 7510
2 7508 7504
2 7497 7483
2 7471 7437
2 7402 7387
2 7384 7377
2 7364 7355
2 7343 7332
2 7324 7323
2 7301 7254
2 7240 7237
2 7199 7185
2 7177 7160
2 7151 7148
2 7109 7096
2 7084 7077
2 7075 7074
2 7073 7044
2 7023 6999
2 6978 6936
2 6911 6901
2 6890 6872
2 6862 6854
2 6834 6833
2 6811 6787
2 6784 6755
2 6749 6740
2 6732 6729
2 6719 6691
2 6686 6680
2 6679 6632
2 6629 6619
2 6604 6601
2 6578 6561
2 6557 6546
2 6528 6527
2 6507 6506
2 6489 6486
2 6483 6442
2 6421 6398
2 6310 6298
2 6289 6273
2 6269 6227
2 6218 6190
2 6162 6158
2 6147 6140
2 6122 6107
2 6083 6041
2 6035 6025
2 6015 5986
2 5979 5964
2 5954 5948
2 5941 5940
2 5919 5902
2 5871 5865
2 5836 5825
2 5796 5753
2 5742 5717
2 5715 5662
2 5598 5593
2 5591 5588
2 5567 5550
2 5540 5501
2 5471 5464
2 5444 5434
2 5409 5399
2 5384 5335
2 5330 5312
2 5303 5287
2 5285 5284
2 5180 5167
2 5151 5146
2 5139 5093
2 5079 5078
2 5073 5071
2 5070 5037
2 5035 5032
2 5029 4999
2 4983 4975
2 4959 4939
2 4930 4907
2 4903 4892
2 4890 4872
2 4871 4862
2 4856 4844
2 4802 4768
2 4766 4742
2 4703 4695
2 4692 4678
2 4632 4620
2 4609 4595
2 4587 4530
2 4508 4487
2 4442 4439
2 4437 4404
2 4394 4374
2 4372 4371
2 4346 4320
2 4319 4296
2 4269 4257
2 4246 4232
2 4223 4207
2 4181 4177
2 4175 4158
2 4146 4091
2 4048 4035
2 4015 3996
2 3982 3974
2 3969 3967
2 3959 3949
2 3946 3929
2 3921 3917
2 3915 3910
2 3905 3885
2 3867 3853
2 3850 3800
2 3779 3758
2 3750 3742
2 3734 3712
2 3711 3704
2 3691 3657
2 3630 3614
2 3594 3582
2 3576 3564
2 3546 3542
2 3540 3537
2 3531 3506
2 3474 3464
2 3457 3434
2 3422 3402
2 3399 3396
2 3373 3372
2 3369 3363
2 3357 3306
2 3209 3207
2 3182 3177
2 3162 3140
2 3134 3129
2 3114 3112
2 3111 3093
2 3079 3070
2 3063 3028
2 3019 3018
2 3005 3002
2 2995 2970
2 2966 2947
2 2944 2941
2 2940 2926
2 2916 2887
2 2851 2845
2 2832 2828
2 2816 2813
2 2799 2787
2 2786 2714
2 2691 2685
2 2661 2644
2 2640 2635
2 2632 2624
2 2613 2612
2 2599 2565
2 2554 2534
2 2519 2505
2 2497 2494
2 2477 2467
2 2459 2458
2 2446 2436
2 2412 2401
2 2372 2369
2 2364 2354
2 2353 2342
2 2340 2308
2 2295 2281
2 2267 2255
2 2253 2250
2 2247 2242
2 2225 2204
2 2199 2190
2 2153 2150
2 2144 2099
2 2089 2080
2 2069 2062
2 2051 2031
2 2008 1996
2 1982 1981
2 1980 1961
2 1958 1931
2 1896 1845
2 1844 1781
2 1775 1741
2 1725 1719
2 1717 1715
2 1707 1706
2 1680 1651
2 1648 1646
2 1645 1644
2 1610 1606
2 1579 1568
2 1553 1548
2 1509 1482
2 1462 1456
2 1449 1448
2 1443 1412
2 1407 1406
2 1384 1378
2 1342 1330
2 1329 1319
2 1300 1288
2 1280 1278
2 1235 1220
2 1217 1210
2 1160 1135
2 1118 1065
2 1036 991
2 988 982
2 975 974
2 967 959
2 912 905
2 904 870
2 838 823
2 820 816
2 812 783
2 780 748
2 717 716
2 712 686
2 648 634
2 633 615
2 610 522
2 509 507
2 494 491
2 481 479
2 465 434
2 430 429
2 428 421
2 409 408
2 405 401
2 398 393
2 392 340
2 338 250
2 248 240
2 178 170
2 151 142
2 139 109
2 98 90
2 76 38
2 37 20
2 99985 99981
2 99966 99926
2 99921 99916
2 99914 99912
2 99908 99907
2 99899 99877
2 99868 99864
2 99863 99847
2 99831 99828
2 99815 99789
2 99779 99743
2 99736 99724
2 99719 99698
2 99681 99673
2 99672 99669
2 99640 99627
2 99606 99604
2 99571 99556
2 99555 99547
2 99498 99485
2 99481 99472
2 99453 99440
2 99435 99410
2 99399 99388
2 99380 99377
2 99375 99356
2 99336 99333
2 99309 99253
2 99231 99196
2 99186 99185
2 99183 99172
2 99157 99154
2 99105 99089
2 99067 99061
2 99057 99055
2 99044 99033
2 99002 98985
2 98970 98951
2 98950 98936
2 98935 98931
2 98903 98897
2 98873 98857
2 98851 98845
2 98832 98824
2 98822 98820
2 98809 98790
2 98776 98752
2 98747 98733
2 98731 98716
2 98700 98679
2 98655 98630
2 98605 98586
2 98557 98553
2 98549 98547
2 98537 98526
2 98521 98483
2 98477 98474
2 98472 98426
2 98400 98384
2 98379 98359
2 98343 98339
2 98336 98334
2 98332 98319
2 98318 98315
2 98311 98309
2 98274 98249
2 98245 98239
2 98229 98227
2 98220 98152
2 98148 98142
2 98134 98115
2 98096 98065
2 98059 98049
2 98047 98044
2 98040 98032
2 97987 97983
2 97982 97964
2 97942 97936
2 97932 97925
2 97918 97907
2 97898 97895
2 97868 97858
2 97853 97836
2 97827 97822
2 97809 97807
2 97786 97775
2 97740 97737
2 97733 97728
2 97724 97723
2 97695 97690
2 97676 97661
2 97650 97588
2 97585 97581
2 97566 97552
2 97550 97527
2 97507 97506
2 97474 97460
2 97441 97429
2 97381 97370
2 97354 97344
2 97339 97331
2 97330 97317
2 97307 97305
2 97303 97293
2 97274 97260
2 97253 97249
2 97242 97232
2 97231 97225
2 97179 97169
2 97130 97121
2 97107 97105
2 97092 97083
2 97062 97032
2 97005 96976
2 96975 96965
2 96956 96947
2 96940 96922
2 96887 96840
2 96831 96826
2 96821 96818
2 96793 96792
2 96781 96778
2 96770 96666
2 96662 96660
2 96639 96604
2 96571 96569
2 96552 96528
2 96513 96499
2 96487 96460
2 96454 96453
2 96448 96438
2 96422 96416
2 96400 96381
2 96370 96364
2 96334 96326
2 96325 96324
2 96306 96301
2 96277 96250
2 96241 96239
2 96234 96228
2 96216 96204
2 96199 96177
2 96160 96150
2 96144 96139
2 96136 96117
2 96106 96089
2 96085 96042
2 96034 96023
2 96020 96003
2 95995 95989
2 95979 95974
2 95971 95957
2 95955 95919
2 95915 95914
2 95900 95883
2 95877 95869
2 95849 95844
2 95841 95833
2 95793 95765
2 95757 95747
2 95745 95708
2 95704 95687
2 95652 95632
2 95630 95625
2 95617 95614
2 95569 95558
2 95551 95550
2 95539 95524
2 95522 95506
2 95440 95410
2 95408 95406
2 95402 95394
2 95371 95324
2 95321 95317
2 95314 95307
2 95304 95297
2 95294 95271
2 95254 95210
2 95195 95184
2 95182 95149
2 95144 95112
2 95103 95098
2 95093 95080
2 95054 95049
2 95047 95043
2 95032 94998
2 94988 94987
2 94933 94916
2 94896 94893
2 94874 94780
2 94768 94719
2 94706 94672
2 94669 94666
2 94665 94625
2 94623 94595
2 94583 94542
2 94528 94515
2 94500 94487
2 94484 94481
2 94470 94461
2 94459 94458
2 94453 94436
2 94422 94412
2 94406 94404
2 94358 94351
2 94341 94336
2 94318 94310
2 94301 94277
2 94274 94251
2 94229 94222
2 94221 94214
2 94172 94129
2 94115 94105
2 94098 94052
2 94027 94019
2 94009 94002
2 93993 93982
2 93972 93967
2 93960 93958
2 93946 93935
2 93922 93919
2 93915 93907
2 93904 93895
2 93885 93883
2 93882 93862
2 93861 93832
2 93819 93797
2 93793 93790
2 93778 93764
2 93727 93726
2 93720 93713
2 93709 93674
2 93665 93610
2 93605 93600
2 93583 93581
2 93572 93540
2 93510 93489
2 93488 93468
2 93446 93428
2 93427 93421
2 93418 93417
2 93385 93379
2 93353 93351
2 93332 93322
2 93311 93301
2 93279 93276
2 93274 93246
2 93244 93232
2 93227 93226
2 93221 93197
2 93193 93122
2 93112 93094
2 93088 93063
2 93060 93047
2 93044 93043
2 93030 93014
2 93009 92982
2 92972 92966
2 92964 92957
2 92952 92946
2 92945 92922
2 92912 92906
2 92897 92896
2 92878 92877
2 92874 92872
2 92871 92866
2 92859 92857
2 92835 92832
2 92824 92810
2 92809 92797
2 92794 92787
2 92764 92737
2 92703 92653
2 92650 92644
2 92642 92640
2 92622 92602
2 92600 92567
2 92556 92497
2 92494 92486
2 92475 92471
2 92469 92459
2 92449 92398
2 92392 92377
2 92367 92359
2 92340 92324
2 92320 92317
2 92305 92300
2 92265 92261
2 92249 92242
2 92223 92222
2 92220 92214
2 92193 92184
2 92143 92122
2 92106 92096
2 92085 92080
2 92070 92068
2 92064 92050
2 92031 91999
2 91985 91974
2 91947 91933
2 91912 91893
2 91855 91842
2 91823 91820
2 91781 91777
2 91773 91771
2 91755 91752
2 91748 91744
2 91719 91699
2 91680 91677
2 91671 91658
2 91652 91651
2 91649 91645
2 91640 91639
2 91625 91608
2 91607 91590
2 91575 91558
2 91554 91530
2 91516 91510
2 91502 91491
2 91487 91476
2 91472 91459
2 91458 91455
2 91454 91445
2 91444 91441
2 91438 91426
2 91393 91381
2 91359 91344
2 91342 91334
2 91333 91293
2 91287 91283
2 91261 91238
2 91224 91222
2 91209 91204
2 91201 91200
2 91197 91190
2 91176 91171
2 91160 91154
2 91137 91133
2 91126 91110
2 91094 91091
2 91055 91050
2 91046 91036
2 91034 91029
2 91024 91014
2 91008 91006
2 90979 90959
2 90939 90920
2 90919 90914
2 90905 90901
2 90865 90855
2 90831 90830
2 90813 90812
2 90786 90767
2 90748 90734
2 90731 90727
2 90717 90716
2 90715 90705
2 90693 90681
2 90674 90628
2 90604 90596
2 90590 90587
2 90585 90576
2 90567 90534
2 90519 90504
2 90496 90494
2 90493 90488
2 90472 90465
2 90463 90449
2 90415 90369
2 90361 90326
2 90323 90296
2 90269 90264
2 90249 90215
2 90187 90164
2 90122 90098
2 90086 90080
2 90077 90069
2 90035 90030
2 90026 90020
2 90017 90016
2 90013 90009
2 90008 89989
2 89970 89958
2 89949 89929
2 89928 89919
2 89917 89915
2 89907 89903
2 89902 89900
2 89890 89889
2 89883 89881
2 89877 89867
2 89864 89854
2 89833 89816
2 89790 89778
2 89732 89699
2 89698 89696
2 89683 89676
2 89665 89650
2 89644 89638
2 89619 89610
2 89598 89563
2 89558 89549
2 89526 89523
2 89512 89501
2 89495 89484
2 89470 89403
2 89386 89328
2 89311 89292
2 89282 89277
2 89260 89243
2 89229 89200
2 89198 89196
2 89180 89161
2 89159 89148
2 89113 89085
2 89079 89077
2 89066 89063
2 89059 89044
2 89038 89035
2 89029 89014
2 89004 89002
2 88992 88990
2 88987 88986
2 88959 88958
2 88925 88911
2 88900 88894
2 88884 88866
2 88859 88853
2 88817 88802
2 88746 88710
2 88683 88680
2 88671 88659
2 88627 88622
2 88613 88593
2 88577 88550
2 88549 88540
2 88526 88517
2 88516 88498
2 88496 88433
2 88413 88412
2 88371 88365
2 88344 88337
2 88309 88298
2 88286 88280
2 88242 88240
2 88222 88215
2 88204 88160
2 88151 88130
2 88117 88114
2 88105 88103
2 88100 88091
2 88085 88074
2 88070 88041
2 88029 88018
2 87999 87991
2 87984 87929
2 87916 87913
2 87902 87901
2 87891 87887
2 87884 87842
2 87840 87827
2 87826 87813
2 87811 87778
2 87753 87746
2 87722 87711
2 87705 87702
2 87690 87682
2 87681 87663
2 87641 87616
2 87574 87569
2 87550 87547
2 87537 87518
2 87510 87496
2 87487 87485
2 87465 87460
2 87446 87431
2 87397 87396
2 87379 87358
2 87346 87343
2 87330 87324
2 87322 87318
2 87315 87300
2 87293 87291
2 87285 87284
2 87262 87261
2 87253 87247
2 87231 87225
2 87213 87199
2 87196 87189
2 87164 87158
2 87137 87121
2 87112 87109
2 87080 87069
2 87063 87058
2 87043 87028
2 87024 87021
2 87018 87015
2 86976 86936
2 86921 86903
2 86884 86883
2 86871 86856
2 86850 86837
2 86835 86831
2 86824 86813
2 86794 86792
2 86789 86786
2 86771 86758
2 86749 86714
2 86712 86708
2 86697 86668
2 86660 86608
2 86587 86585
2 86581 86571
2 86563 86562
2 86554 86547
2 86537 86526
2 86513 86502
2 86491 86476
2 86466 86456
2 86452 86449
2 86447 86440
2 86435 86434
2 86424 86419
2 86402 86390
2 86380 86379
2 86353 86326
2 86302 86301
2 86293 86287
2 86277 86257
2 86246 86234
2 86225 86206
2 86204 86196
2 86178 86154
2 86143 86135
2 86129 86127
2 86116 86104
2 86096 86092
2 86076 86064
2 86050 86046
2 86028 86015
2 86005 86000
2 85993 85991
2 85949 85937
2 85934 85923
2 85913 85901
2 85871 85850
2 85840 85838
2 85809 85803
2 85783 85774
2 85755 85722
2 85721 85715
2 85703 85697
2 85685 85676
2 85640 85629
2 85628 85624
2 85617 85603
2 85593 85589
2 85572 85568
2 85564 85561
2 85559 85547
2 85535 85529
2 85514 85506
2 85488 85485
2 85466 85442
2 85438 85416
2 85362 85359
2 85334 85330
2 85327 85322
2 85318 85308
2 85290 85283
2 85254 85234
2 85227 85213
2 85195 85191
2 85186 85175
2 85144 85138
2 85134 85127
2 85115 85111
2 85088 85071
2 85056 85044
2 85007 85006
2 85000 84997
2 84996 84994
2 84972 84939
2 84934 84932
2 84929 84912
2 84906 84877
2 84871 84860
2 84833 84830
2 84828 84812
2 84808 84807
2 84789 84785
2 84777 84769
2 84764 84752
2 84728 84690
2 84686 84682
2 84679 84669
2 84656 84655
2 84652 84640
2 84632 84623
2 84605 84598
2 84586 84566
2 84563 84560
2 84558 84556
2 84553 84530
2 84526 84519
2 84502 84501
2 84495 84466
2 84445 84425
2 84327 84296
2 84293 84282
2 84272 84235
2 84212 84186
2 84177 84169
2 84168 84151
2 84140 84130
2 84077 84058
2 84034 84032
2 84021 84017
2 84015 84003
2 83964 83946
2 83938 83931
2 83922 83910
2 83882 83881
2 83857 83844
2 83841 83828
2 83826 83824
2 83810 83803
2 83768 83749
2 83745 83732
2 83709 83704
2 83702 83690
2 83688 83685
2 83663 83661
2 83658 83653
2 83618 83616
2 83588 83570
2 83569 83554
2 83545 83541
2 83525 83505
2 83482 83477
2 83462 83454
2 83451 83431
2 83413 83412
2 83384 83373
2 83368 83366
2 83357 83338
2 83336 83280
2 83269 83266
2 83248 83240
2 83236 83233
2 83228 83205
2 83203 83199
2 83196 83190
2 83180 83179
2 83174 83167
2 83148 83136
2 83128 83120
2 83100 83092
2 83089 83084
2 83083 83064
2 83038 83003
2 82949 82907
2 82897 82890
2 82886 82883
2 82878 82876
2 82872 82867
2 82842 82823
2 82817 82811
2 82802 82793
2 82750 82749
2 82740 82725
2 82717 82695
2 82692 82680
2 82654 82653
2 82644 82638
2 82634 82629
2 82604 82603
2 82581 82561
2 82543 82530
2 82518 82477
2 82465 82460
2 82452 82450
2 82442 82428
2 82371 82363
2 82350 82348
2 82335 82328
2 82304 82254
2 82247 82245
2 82242 82236
2 82229 82217
2 82213 82190
2 82173 82163
2 82161 82159
2 82158 82145
2 82131 82129
2 82126 82088
2 82085 82077
2 82049 82045
2 82035 82026
2 82017 81999
2 81994 81987
2 81976 81970
2 81949 81947
2 81931 81899
2 81892 81877
2 81861 81858
2 81845 81813
2 81799 81754
2 81753 81737
2 81734 81704
2 81673 81665
2 81660 81655
2 81653 81647
2 81632 81631
2 81607 81605
2 81590 81588
2 81581 81558
2 81549 81533
2 81526 81525
2 81524 81521
2 81508 81504
2 81498 81472
2 81466 81465
2 81449 81444
2 81440 81438
2 81430 81406
2 81397 81380
2 81367 81365
2 81345 81329
2 81328 81325
2 81315 81314
2 81297 81289
2 81261 81244
2 81243 81203
2 81174 81160
2 81151 81149
2 81145 81137
2 81118 81116
2 81061 81059
2 81052 81049
2 81042 81041
2 81029 81015
2 81012 81011
2 81009 80999
2 80944 80932
2 80919 80911
2 80906 80898
2 80894 80890
2 80888 80866
2 80860 80855
2 80850 80848
2 80833 80824
2 80805 80788
2 80779 80775
2 80750 80744
2 80733 80709
2 80698 80695
2 80684 80667
2 80638 80615
2 80606 80599
2 80556 80555
2 80537 80515
2 80508 80501
2 80498 80487
2 80473 80469
2 80432 80428
2 80420 80411
2 80406 80383
2 80382 80351
2 80320 80294
2 80292 80270
2 80258 80255
2 80251 80249
2 80228 80226
2 80224 80193
2 80187 80173
2 80166 80163
2 80139 80121
2 80105 80099
2 80095 80083
2 80082 80059
2 80057 80044
2 80040 80014
2 80009 80001
2 79962 79950
2 79943 79930
2 79927 79916
2 79876 79865
2 79857 79843
2 79831 79793
2 79773 79743
2 79742 79735
2 79733 79732
2 79730 79723
2 79682 79675
2 79664 79657
2 79650 79649
2 79645 79604
2 79587 79545
2 79538 79536
2 79534 79509
2 79488 79487
2 79362 79356
2 79341 79336
2 79333 79311
2 79291 79288
2 79271 79262
2 79207 79204
2 79196 79136
2 79107 79100
2 79084 79050
2 79025 78991
2 78943 78929
2 78918 78908
2 78893 78885
2 78877 78866
2 78863 78847
2 78845 78840
2 78832 78818
2 78816 78813
2 78800 78787
2 78784 78771
2 78758 78755
2 78726 78723
2 78717 78712
2 78710 78704
2 78687 78683
2 78678 78675
2 78637 78634
2 78629 78626
2 78622 78618
2 78611 78606
2 78582 78579
2 78575 78561
2 78547 78538
2 78501 78498
2 78488 78484
2 78478 78473
2 78467 78446
2 78438 78427
2 78419 78391
2 78368 78363
2 78362 78359
2 78326 78298
2 78286 78264
2 78251 78248
2 78226 78220
2 78212 78200
2 78188 78179
2 78177 78150
2 78118 78091
2 78063 78055
2 78052 78050
2 78046 78035
2 78031 78027
2 78012 77964
2 77946 77910
2 77893 77866
2 77851 77826
2 77820 77819
2 77806 77804
2 77801 77795
2 77731 77730
2 77721 77719
2 77717 77696
2 77680 77673
2 77672 77668
2 77635 77629
2 77611 77581
2 77535 77526
2 77486 77484
2 77478 77465
2 77423 77412
2 77411 77409
2 77403 77396
2 77372 77351
2 77315 77289
2 77276 77273
2 77260 77199
2 77192 77188
2 77164 77156
2 77122 77088
2 77084 77022
2 77011 77010
2 77005 76999
2 76973 76966
2 76965 76950
2 76945 76936
2 76919 76904
2 76876 76844
2 76830 76810
2 76785 76780
2 76769 76765
2 76750 76747
2 76745 76736
2 76691 76657
2 76649 76643
2 76632 76628
2 76626 76607
2 76606 76604
2 76590 76564
2 76562 76541
2 76536 76528
2 76508 76507
2 76494 76483
2 76481 76451
2 76446 76442
2 76431 76428
2 76409 76403
2 76371 76357
2 76352 76344
2 76319 76314
2 76297 76283
2 76264 76258
2 76233 76230
2 76201 76196
2 76194 76187
2 76174 76167
2 76156 76154
2 76110 76090
2 76083 76067
2 76044 76037
2 76036 76028
2 76015 75994
2 75973 75966
2 75957 75955
2 75935 75926
2 75882 75876
2 75874 75873
2 75861 75851
2 75818 75817
2 75807 75723
2 75709 75707
2 75701 75670
2 75649 75601
2 75589 75587
2 75582 75577
2 75561 75551
2 75550 75535
2 75504 75497
2 75493 75488
2 75486 75477
2 75468 75451
2 75444 75433
2 75420 75419
2 75415 75406
2 75389 75387
2 75385 75375
2 75374 75370
2 75351 75320
2 75309 75297
2 75281 75276
2 75261 75255
2 75249 75227
2 75224 75222
2 75211 75209
2 75207 75185
2 75177 75165
2 75162 75145
2 75117 75110
2 75108 75091
2 75073 75059
2 75037 75035
2 75025 75022
2 74997 74984
2 74976 74959
2 74941 74931
2 74929 74924
2 74913 74894
2 74874 74827
2 74825 74777
2 74772 74753
2 74739 74732
2 74703 74698
2 74693 74690
2 74688 74660
2 74644 74607
2 74571 74525
2 74510 74496
2 74491 74484
2 74456 74454
2 74424 74414
2 74388 74386
2 74376 74369
2 74337 74336
2 74320 74296
2 74292 74281
2 74275 74272
2 74260 74242
2 74240 74230
2 74228 74222
2 74208 74205
2 74196 74180
2 74178 74171
2 74167 74159
2 74108 74099
2 74096 74086
2 74080 74076
2 74056 74026
2 74005 73992
2 73973 73965
2 73956 73936
2 73926 73901
2 73892 73884
2 73870 73807
2 73805 73780
2 73764 73760
2 73705 73694
2 73686 73674
2 73656 73646
2 73644 73629
2 73605 73594
2 73566 73544
2 73534 73527
2 73520 73505
2 73456 73397
2 73395 73378
2 73342 73339
2 73307 73303
2 73270 73269
2 73222 73217
2 73211 73208
2 73195 73170
2 73116 73096
2 73083 73074
2 73061 73060
2 73056 73055
2 73039 72997
2 72993 72991
2 72980 72962
2 72951 72950
2 72922 72876
2 72840 72827
2 72824 72801
2 72791 72776
2 72775 72764
2 72762 72755
2 72749 72736
2 72702 72695
2 72692 72691
2 72690 72668
2 72665 72643
2 72639 72636
2 72630 72621
2 72586 72571
2 72566 72559
2 72544 72505
2 72497 72495
2 72494 72487
2 72474 72451
2 72438 72435
2 72429 72426
2 72397 72393
2 72391 72389
2 72381 72372
2 72367 72346
2 72327 72321
2 72300 72297
2 72276 72265
2 72254 72253
2 72220 72207
2 72196 72188
2 72184 72158
2 72156 72143
2 72141 72131
2 72120 72108
2 72100 72077
2 72075 72070
2 72059 71980
2 71968 71964
2 71954 71952
2 71947 71941
2 71935 71928
2 71873 71863
2 71852 71849
2 71846 71845
2 71843 71841
2 71836 71832
2 71825 71789
2 71774 71773
2 71767 71765
2 71760 71752
2 71741 71738
2 71722 71721
2 71709 71694
2 71690 71686
2 71678 71677
2 71641 71634
2 71629 71621
2 71619 71595
2 71579 71569
2 71565 71560
2 71546 71543
2 71520 71510
2 71499 71494
2 71489 71481
2 71466 71452
2 71437 71434
2 71425 71423
2 71411 71402
2 71378 71368
2 71342 71327
2 71305 71297
2 71252 71250
2 71194 71188
2 71186 71180
2 71174 71159
2 71157 71142
2 71134 71133
2 71130 71119
2 71106 71097
2 71094 71015
2 70985 70933
2 70928 70914
2 70904 70885
2 70879 70876
2 70869 70858
2 70830 70824
2 70815 70791
2 70782 70781
2 70775 70773
2 70768 70764
2 70745 70740
2 70720 70716
2 70692 70689
2 70678 70676
2 70674 70672
2 70666 70664
2 70655 70641
2 70626 70623
2 70612 70591
2 70590 70569
2 70557 70543
2 70542 70539
2 70538 70537
2 70517 70496
2 70464 70460
2 70459 70454
2 70446 70427
2 70426 70422
2 70420 70417
2 70409 70405
2 70394 70392
2 70390 70383
2 70373 70364
2 70356 70349
2 70324 70313
2 70305 70298
2 70295 70261
2 70256 70254
2 70247 70236
2 70225 70200
2 70190 70188
2 70176 70173
2 70165 70136
2 70133 70132
2 70125 70095
2 70078 70072
2 70069 70068
2 70062 70052
2 70025 70009
2 69982 69955
2 69948 69932
2 69930 69924
2 69889 69885
2 69870 69843
2 69806 69804
2 69798 69797
2 69796 69784
2 69751 69745
2 69740 69723
2 69709 69701
2 69675 69665
2 69645 69629
2 69624 69622
2 69597 69589
2 69579 69564
2 69559 69541
2 69537 69518
2 69508 69498
2 69490 69484
2 69477 69457
2 69430 69411
2 69404 69403
2 69395 69385
2 69370 69365
2 69339 69294
2 69286 69274
2 69265 69262
2 69260 69211
2 69197 69186
2 69179 69166
2 69165 69164
2 69154 69149
2 69138 69124
2 69123 69116
2 69115 69113
2 69112 69082
2 69062 69056
2 69009 68997
2 68982 68978
2 68964 68957
2 68890 68879
2 68854 68824
2 68822 68796
2 68794 68789
2 68753 68740
2 68739 68736
2 68676 68659
2 68643 68641
2 68616 68610
2 68597 68592
2 68587 68578
2 68575 68559
2 68534 68525
2 68512 68509
2 68497 68494
2 68483 68479
2 68475 68470
2 68468 68448
2 68440 68432
2 68420 68412
2 68409 68406
2 68381 68374
2 68372 68364
2 68362 68334
2 68318 68317
2 68303 68292
2 68272 68251
2 68248 68236
2 68234 68221
2 68217 68212
2 68191 68189
2 68182 68152
2 68149 68138
2 68134 68127
2 68126 68124
2 68123 68121
2 68108 68091
2 68066 68058
2 68042 68041
2 68037 68017
2 68003 67990
2 67956 67953
2 67941 67938
2 67901 67866
2 67852 67850
2 67831 67828
2 67819 67804
2 67762 67754
2 67734 67701
2 67687 67686
2 67674 67666
2 67658 67652
2 67637 67613
2 67601 67589
2 67587 67578
2 67575 67569
2 67541 67527
2 67519 67518
2 67513 67510
2 67487 67485
2 67483 67480
2 67478 67440
2 67430 67409
2 67388 67367
2 67359 67336
2 67334 67290
2 67289 67287
2 67286 67275
2 67252 67251
2 67242 67223
2 67222 67182
2 67180 67169
2 67164 67110
2 67094 67092
2 67086 67081
2 67076 67065
2 67050 67049
2 67048 67043
2 66994 66985
2 66970 66964
2 66955 66948
2 66944 66931
2 66925 66919
2 66907 66883
2 66881 66869
2 66860 66857
2 66849 66817
2 66789 66781
2 66777 66769
2 66754 66737
2 66723 66712
2 66711 66706
2 66687 66643
2 66642 66626
2 66623 66615
2 66612 66609
2 66547 66540
2 66537 66533
2 66520 66515
2 66469 66431
2 66411 66410
2 66406 66403
2 66392 66387
2 66378 66366
2 66354 66328
2 66308 66278
2 66277 66233
2 66227 66215
2 66198 66194
2 66193 66191
2 66187 66184
2 66156 66141
2 66126 66115
2 66114 66109
2 66076 66073
2 66068 66046
2 66008 65988
2 65987 65986
2 65982 65975
2 65974 65968
2 65958 65950
2 65948 65939
2 65911 65902
2 65897 65893
2 65892 65888
2 65880 65879
2 65839 65807
2 65792 65786
2 65770 65769
2 65751 65747
2 65721 65717
2 65714 65712
2 65707 65695
2 65665 65653
2 65642 65632
2 65624 65620
2 65609 65601
2 65597 65596
2 65556 65555
2 65552 65543
2 65539 65538
2 65535 65528
2 65510 65505
2 65500 65498
2 65488 65459
2 65405 65403
2 65396 65382
2 65379 65373
2 65372 65353
2 65350 65343
2 65312 65291
2 65253 65225
2 65221 65218
2 65217 65216
2 65195 65190
2 65183 65179
2 65175 65159
2 65129 65126
2 65113 65093
2 65080 65070
2 65050 65044
2 65034 65020
2 65010 65006
2 65001 65000
2 64996 64989
2 64976 64970
2 64969 64963
2 64957 64933
2 64927 64903
2 64878 64874
2 64868 64858
2 64849 64848
2 64832 64794
2 64781 64774
2 64755 64748
2 64737 64720
2 64689 64675
2 64659 64655
2 64644 64631
2 64630 64613
2 64596 64579
2 64571 64567
2 64561 64558
2 64541 64521
2 64518 64517
2 64511 64502
2 64497 64463
2 64454 64425
2 64421 64407
2 64367 64354
2 64345 64311
2 64309 64288
2 64267 64263
2 64254 64230
2 64225 64218
2 64205 64196
2 64193 64145
2 64123 64101
2 64086 64079
2 64072 64069
2 64049 64039
2 64024 64020
2 63991 63990
2 63987 63980
2 63973 63966
2 63961 63953
2 63945 63903
2 63896 63890
2 63884 63878
2 63873 63862
2 63860 63857
2 63849 63848
2 63822 63807
2 63795 63794
2 63768 63747
2 63734 63728
2 63715 63706
2 63704 63686
2 63675 63666
2 63658 63655
2 63596 63536
2 63529 63527
2 63508 63507
2 63493 63482
2 63477 63446
2 63444 63417
2 63414 63396
2 63388 63384
2 63382 63342
2 63341 63314
2 63302 63295
2 63291 63273
2 63214 63196
2 63190 63184
2 63164 63162
2 63149 63131
2 63128 63103
2 63093 63076
2 63072 63028
2 63027 63016
2 62994 62976
2 62972 62970
2 62923 62914
2 62893 62888
2 62886 62866
2 62856 62827
2 62826 62806
2 62805 62800
2 62791 62769
2 62762 62736
2 62735 62720
2 62706 62684
2 62679 62678
2 62668 62651
2 62641 62565
2 62556 62545
2 62535 62527
2 62515 62508
2 62464 62453
2 62448 62429
2 62427 62422
2 62414 62410
2 62376 62361
2 62356 62346
2 62342 62334
2 62327 62322
2 62317 62302
2 62293 62272
2 62267 62246
2 62245 62226
2 62215 62214
2 62205 62180
2 62167 62151
2 62144 62143
2 62134 62123
2 62121 62120
2 62116 62112
2 62096 62078
2 62072 62065
2 62049 62042
2 62013 62007
2 61999 61984
2 61957 61943
2 61936 61934
2 61922 61909
2 61885 61884
2 61856 61847
2 61837 61831
2 61798 61794
2 61763 61752
2 61730 61717
2 61716 61713
2 61694 61693
2 61650 61636
2 61615 61602
2 61576 61556
2 61552 61529
2 61526 61506
2 61485 61482
2 61477 61454
2 61453 61450
2 61428 61400
2 61395 61393
2 61369 61350
2 61347 61329
2 61305 61281
2 61272 61263
2 61242 61238
2 61231 61227
2 61209 61198
2 61189 61186
2 61184 61154
2 61153 61149
2 61142 61103
2 61067 61059
2 61051 61042
2 60999 60955
2 60939 60912
2 60908 60899
2 60879 60876
2 60869 60862
2 60853 60846
2 60787 60760
2 60753 60746
2 60741 60715
2 60705 60673
2 60672 60663
2 60646 60634
2 60633 60614
2 60604 60589
2 60587 60557
2 60539 60506
2 60502 60451
2 60417 60414
2 60411 60405
2 60395 60392
2 60363 60320
2 60300 60289
2 60269 60264
2 60252 60247
2 60237 60224
2 60214 60212
2 60202 60183
2 60162 60150
2 60088 60087
2 60068 60057
2 60053 60035
2 60029 60020
2 59997 59984
2 59971 59964
2 59962 59933
2 59924 59906
2 59903 59895
2 59883 59865
2 59857 59849
2 59830 59822
2 59820 59793
2 59792 59791
2 59759 59727
2 59720 59695
2 59689 59671
2 59670 59669
2 59668 59666
2 59657 59647
2 59633 59624
2 59622 59617
2 59612 59598
2 59594 59579
2 59574 59564
2 59546 59502
2 59495 59480
2 59477 59461
2 59457 59455
2 59430 59429
2 59409 59404
2 59394 59391
2 59387 59386
2 59345 59341
2 59337 59298
2 59254 59243
2 59240 59219
2 59205 59182
2 59178 59175
2 59171 59155
2 59145 59127
2 59117 59102
2 59099 59092
2 59085 59080
2 59036 59021
2 58986 58983
2 58949 58947
2 58935 58922
2 58907 58900
2 58896 58889
2 58886 58884
2 58877 58869
2 58864 58860
2 58857 58829
2 58805 58795
2 58787 58781
2 58736 58725
2 58702 58694
2 58688 58662
2 58650 58636
2 58590 58587
2 58585 58582
2 58580 58571
2 58559 58551
2 58544 58521
2 58520 58507
2 58504 58487
2 58452 58444
2 58439 58402
2 58399 58375
2 58370 58348
2 58331 58322
2 58309 58286
2 58276 58270
2 58250 58240
2 58233 58228
2 58201 58199
2 58189 58184
2 58171 58160
2 58144 58137
2 58100 58095
2 58092 58084
2 58074 58069
2 58054 58038
2 58034 58013
2 58007 58004
2 57999 57994
2 57987 57981
2 57976 57971
2 57936 57932
2 57913 57895
2 57883 57873
2 57829 57821
2 57792 57742
2 57722 57702
2 57665 57662
2 57632 57628
2 57622 57617
2 57588 57580
2 57565 57558
2 57557 57536
2 57519 57516
2 57510 57508
2 57491 57490
2 57474 57459
2 57456 57446
2 57436 57434
2 57433 57432
2 57424 57411
2 57401 57374
2 57371 57364
2 57343 57330
2 57300 57279
2 57270 57247
2 57204 57203
2 57171 57160
2 57154 57145
2 57141 57139
2 57120 57081
2 57067 57058
2 57052 57039
2 57005 56995
2 56975 56972
2 56967 56936
2 56934 56922
2 56884 56862
2 56842 56820
2 56817 56803
2 56764 56754
2 56746 56734
2 56730 56721
2 56717 56696
2 56691 56685
2 56647 56645
2 56626 56607
2 56606 56605
2 56600 56577
2 56558 56553
2 56504 56502
2 56501 56498
2 56484 56470
2 56460 56447
2 56424 56420
2 56414 56402
2 56391 56372
2 56358 56338
2 56323 56314
2 56301 56300
2 56294 56265
2 56263 56248
2 56210 56200
2 56158 56156
2 56145 56139
2 56133 56125
2 56124 56123
2 56082 56071
2 56030 55963
2 55932 55926
2 55910 55903
2 55896 55880
2 55878 55862
2 55839 55837
2 55827 55778
2 55719 55700
2 55688 55678
2 55640 55637
2 55631 55627
2 55619 55608
2 55603 55587
2 55564 55553
2 55516 55513
2 55508 55499
2 55482 55457
2 55441 55424
2 55420 55415
2 55374 55354
2 55285 55265
2 55235 55225
2 55223 55178
2 55165 55162
2 55157 55149
2 55138 55137
2 55128 55116
2 55113 55105
2 55098 55070
2 55058 55047
2 55040 55016
2 55005 54983
2 54948 54922
2 54904 54868
2 54866 54853
2 54839 54821
2 54820 54763
2 54760 54743
2 54738 54725
2 54703 54698
2 54697 54690
2 54683 54673
2 54667 54661
2 54653 54639
2 54632 54628
2 54618 54594
2 54588 54571
2 54549 54535
2 54533 54523
2 54512 54500
2 54493 54482
2 54477 54474
2 54472 54460
2 54456 54455
2 54442 54440
2 54437 54429
2 54399 54392
2 54375 54366
2 54357 54306
2 54267 54243
2 54238 54234
2 54205 54176
2 54168 54167
2 54164 54153
2 54144 54136
2 54120 54112
2 54103 54062
2 54052 54042
2 54041 54023
2 54014 54011
2 54008 53997
2 53990 53979
2 53973 53966
2 53963 53941
2 53928 53923
2 53913 53911
2 53896 53893
2 53890 53889
2 53860 53846
2 53837 53835
2 53794 53784
2 53781 53774
2 53767 53758
2 53745 53743
2 53737 53736
2 53735 53725
2 53715 53706
2 53704 53683
2 53668 53601
2 53597 53586
2 53567 53552
2 53545 53525
2 53482 53481
2 53477 53471
2 53456 53398
2 53389 53382
2 53355 53332
2 53322 53314
2 53310 53292
2 53283 53276
2 53257 53251
2 53245 53225
2 53200 53163
2 53120 53095
2 53054 53048
2 53030 53028
2 53001 52991
2 52973 52960
2 52950 52931
2 52924 52890
2 52887 52882
2 52878 52876
2 52858 52845
2 52827 52823
2 52816 52801
2 52783 52779
2 52776 52749
2 52743 52728
2 52709 52707
2 52706 52705
2 52697 52693
2 52686 52664
2 52638 52584
2 52579 52570
2 52564 52561
2 52541 52524
2 52513 52500
2 52491 52461
2 52453 52446
2 52435 52403
2 52396 52395
2 52384 52322
2 52292 52270
2 52249 52227
2 52221 52219
2 52193 52180
2 52167 52166
2 52156 52110
2 52096 52077
2 52067 52066
2 52040 52025
2 52017 51990
2 51988 51910
2 51897 51877
2 51863 51857
2 51839 51826
2 51819 51809
2 51783 51772
2 51768 51747
2 51733 51729
2 51722 51704
2 51697 51696
2 51664 51661
2 51620 51611
2 51606 51600
2 51595 51584
2 51583 51572
2 51567 51553
2 51550 51520
2 51499 51456
2 51453 51451
2 51449 51444
2 51402 51379
2 51370 51361
2 51360 51355
2 51354 51351
2 51350 51344
2 51341 51322
2 51317 51293
2 51289 51278
2 51261 51257
2 51241 51237
2 51221 51208
2 51204 51178
2 51169 51130
2 51124 51123
2 51109 51108
2 51106 51080
2 51069 51038
2 51002 50999
2 50993 50992
2 50980 50967
2 50938 50927
2 50926 50913
2 50903 50888
2 50864 50861
2 50847 50839
2 50837 50813
2 50806 50781
2 50765 50762
2 50760 50721
2 50712 50711
2 50708 50667
2 50656 50649
2 50621 50613
2 50610 50594
2 50557 50545
2 50532 50529
2 50516 50486
2 50478 50476
2 50421 50407
2 50405 50397
2 50392 50370
2 50369 50364
2 50359 50352
2 50342 50325
2 50308 50296
2 50291 50290
2 50262 50245
2 50215 50212
2 50202 50180
2 50177 50172
2 50165 50155
2 50121 50114
2 50109 50100
2 50067 50063
2 50055 50046
2 50045 50043
2 50038 50021
2 50020 50010
2 49998 49991
2 49989 49980
2 49979 49967
2 49936 49932
2 49914 49912
2 49904 49902
2 49882 49879
2 49858 49851
2 49845 49833
2 49827 49804
2 49800 49789
2 49784 49743
2 49711 49710
2 49706 49704
2 49692 49688
2 49677 49671
2 49667 49661
2 49643 49641
2 49621 49618
2 49615 49603
2 49574 49568
2 49548 49522
2 49520 49518
2 49516 49513
2 49486 49483
2 49477 49467
2 49465 49456
2 49421 49409
2 49373 49370
2 49369 49346
2 49325 49300
2 49295 49282
2 49280 49264
2 49250 49226
2 49224 49220
2 49216 49207
2 49193 49168
2 49167 49140
2 49137 49135
2 49133 49099
2 49090 49088
2 49076 49041
2 49037 49008
2 49004 48996
2 48991 48970
2 48944 48938
2 48934 48929
2 48924 48911
2 48902 48883
2 48880 48864
2 48860 48859
2 48823 48820
2 48793 48774
2 48768 48759
2 48733 48713
2 48698 48689
2 48660 48624
2 48596 48594
2 48593 48574
2 48565 48562
2 48559 48558
2 48548 48546
2 48537 48536
2 48512 48485
2 48470 48467
2 48462 48460
2 48459 48457
2 48442 48436
2 48419 48406
2 48384 48382
2 48368 48367
2 48307 48286
2 48276 48246
2 48222 48210
2 48199 48176
2 48175 48167
2 48144 48137
2 48122 48114
2 48098 48069
2 48066 48052
2 48049 48028
2 48019 48017
2 48003 47995
2 47986 47981
2 47970 47967
2 47950 47937
2 47935 47933
2 47896 47882
2 47876 47872
2 47846 47837
2 47828 47824
2 47809 47793
2 47754 47745
2 47729 47704
2 47683 47648
2 47617 47608
2 47590 47586
2 47568 47554
2 47553 47537
2 47520 47480
2 47465 47454
2 47443 47442
2 47428 47424
2 47409 47399
2 47392 47377
2 47374 47365
2 47348 47343
2 47340 47331
2 47330 47317
2 47303 47298
2 47296 47289
2 47278 47276
2 47253 47250
2 47240 47183
2 47175 47169
2 47166 47150
2 47120 47109
2 47107 47097
2 47075 47052
2 47041 47033
2 47022 47017
2 47016 47007
2 47004 47002
2 46974 46963
2 46941 46937
2 46931 46928
2 46926 46919
2 46895 46887
2 46875 46873
2 46872 46862
2 46856 46854
2 46845 46837
2 46818 46814
2 46796 46779
2 46762 46761
2 46743 46732
2 46722 46711
2 46702 46694
2 46690 46657
2 46635 46633
2 46632 46623
2 46607 46589
2 46532 46506
2 46505 46501
2 46495 46489
2 46427 46397
2 46391 46388
2 46368 46354
2 46353 46336
2 46332 46322
2 46320 46298
2 46291 46283
2 46282 46276
2 46259 46233
2 46232 46177
2 46174 46168
2 46158 46133
2 46130 46127
2 46115 46094
2 46086 46083
2 46079 46065
2 46063 46041
2 45982 45943
2 45928 45922
2 45921 45896
2 45875 45864
2 45819 45817
2 45806 45787
2 45782 45780
2 45779 45772
2 45766 45739
2 45736 45661
2 45660 45657
2 45631 45627
2 45617 45605
2 45601 45591
2 45586 45585
2 45553 45550
2 45530 45512
2 45506 45494
2 45484 45483
2 45454 45447
2 45436 45421
2 45417 45409
2 45398 45381
2 45364 45346
2 45345 45343
2 45342 45323
2 45305 45296
2 45295 45287
2 45257 45252
2 45233 45230
2 45221 45219
2 45215 45186
2 45184 45172
2 45151 45146
2 45138 45095
2 45084 45055
2 45053 45047
2 45044 45042
2 45041 45008
2 44968 44965
2 44961 44959
2 44928 44905
2 44886 44788
2 44780 44738
2 44724 44718
2 44673 44622
2 44617 44610
2 44602 44581
2 44570 44563
2 44556 44534
2 44529 44519
2 44514 44508
2 44497 44486
2 44454 44438
2 44425 44387
2 44384 44378
2 44370 44358
2 44354 44332
2 44328 44321
2 44300 44283
2 44273 44254
2 44230 44228
2 44216 44185
2 44167 44160
2 44151 44146
2 44132 44128
2 44116 44104
2 44090 44082
2 44081 44046
2 44040 44013
2 43992 43980
2 43976 43973
2 43967 43943
2 43937 43934
2 43926 43909
2 43902 43882
2 43847 43835
2 43828 43808
2 43798 43787
2 43758 43750
2 43749 43748
2 43725 43695
2 43693 43674
2 43672 43654
2 43643 43635
2 43624 43617
2 43586 43584
2 43568 43549
2 43543 43520
2 43510 43496
2 43476 43468
2 43466 43446
2 43427 43411
2 43399 43397
2 43394 43351
2 43345 43341
2 43331 43304
2 43297 43279
2 43264 43262
2 43257 43255
2 43252 43249
2 43248 43232
2 43213 43192
2 43182 43178
2 43143 43133
2 43121 43102
2 43094 43089
2 43080 43073
2 43063 43054
2 43046 43038
2 43033 43030
2 43014 43011
2 43007 42999
2 42997 42991
2 42984 42972
2 42960 42952
2 42949 42939
2 42923 42910
2 42906 42886
2 42849 42826
2 42817 42800
2 42787 42778
2 42764 42730
2 42728 42701
2 42700 42696
2 42691 42679
2 42673 42633
2 42626 42615
2 42613 42603
2 42593 42585
2 42569 42555
2 42546 42544
2 42542 42541
2 42479 42454
2 42435 42424
2 42392 42370
2 42351 42327
2 42281 42270
2 42226 42225
2 42214 42213
2 42192 42124
2 42118 42106
2 42099 42039
2 42007 42003
2 42000 41999
2 41972 41961
2 41942 41940
2 41939 41904
2 41899 41891
2 41884 41882
2 41880 41875
2 41874 41867
2 41862 41839
2 41825 41821
2 41818 41808
2 41761 41746
2 41728 41712
2 41701 41693
2 41678 41647
2 41636 41626
2 41623 41621
2 41619 41612
2 41611 41596
2 41588 41587
2 41585 41579
2 41535 41532
2 41527 41514
2 41501 41497
2 41478 41467
2 41464 41441
2 41436 41421
2 41418 41416
2 41408 41397
2 41391 41384
2 41370 41364
2 41359 41354
2 41343 41335
2 41327 41320
2 41317 41313
2 41297 41296
2 41276 41270
2 41263 41255
2 41249 41242
2 41228 41224
2 41202 41194
2 41188 41184
2 41183 41158
2 41151 41131
2 41119 41100
2 41064 41063
2 41056 41038
2 41027 41021
2 41005 40992
2 40990 40965
2 40958 40957
2 40944 40935
2 40928 40862
2 40849 40840
2 40837 40826
2 40825 40820
2 40777 40774
2 40769 40765
2 40764 40751
2 40749 40714
2 40713 40709
2 40703 40701
2 40692 40681
2 40627 40616
2 40611 40605
2 40604 40598
2 40587 40586
2 40585 40573
2 40557 40550
2 40534 40499
2 40462 40455
2 40437 40429
2 40425 40406
2 40373 40367
2 40322 40320
2 40309 40303
2 40278 40276
2 40275 40254
2 40239 40213
2 40205 40198
2 40188 40152
2 40144 40125
2 40119 40098
2 40078 40067
2 40060 40047
2 40046 40001
2 39996 39977
2 39973 39971
2 39968 39942
2 39935 39922
2 39894 39891
2 39888 39887
2 39881 39875
2 39869 39859
2 39841 39839
2 39837 39835
2 39828 39817
2 39815 39807
2 39804 39803
2 39795 39766
2 39764 39763
2 39762 39739
2 39720 39713
2 39711 39708
2 39694 39681
2 39660 39651
2 39616 39611
2 39594 39592
2 39589 39580
2 39563 39524
2 39512 39500
2 39495 39472
2 39468 39461
2 39458 39456
2 39454 39453
2 39391 39380
2 39372 39371
2 39345 39338
2 39311 39307
2 39300 39295
2 39265 39256
2 39246 39237
2 39222 39213
2 39199 39169
2 39163 39148
2 39139 39132
2 39122 39117
2 39105 39104
2 39099 39081
2 39067 39065
2 39055 39045
2 39039 39029
2 39023 39019
2 38989 38966
2 38964 38946
2 38928 38917
2 38916 38915
2 38894 38854
2 38840 38835
2 38827 38788
2 38769 38752
2 38747 38746
2 38744 38734
2 38702 38657
2 38632 38631
2 38611 38580
2 38575 38566
2 38561 38555
2 38538 38505
2 38483 38459
2 38452 38446
2 38438 38424
2 38393 38391
2 38387 38376
2 38359 38346
2 38336 38330
2 38326 38320
2 38318 38302
2 38299 38296
2 38270 38252
2 38249 38216
2 38208 38198
2 38186 38180
2 38166 38162
2 38146 38138
2 38137 38130
2 38120 38115
2 38099 38091
2 38089 38069
2 38049 38044
2 38029 38014
2 37967 37963
2 37944 37940
2 37937 37928
2 37917 37909
2 37905 37904
2 37876 37869
2 37867 37865
2 37862 37853
2 37849 37848
2 37824 37811
2 37792 37791
2 37770 37768
2 37750 37745
2 37721 37697
2 37676 37654
2 37632 37621
2 37617 37600
2 37547 37546
2 37545 37544
2 37537 37520
2 37515 37508
2 37500 37469
2 37455 37453
2 37442 37433
2 37392 37387
2 37379 37375
2 37363 37355
2 37347 37332
2 37314 37304
2 37301 37300
2 37289 37270
2 37257 37253
2 37244 37239
2 37214 37193
2 37191 37187
2 37175 37164
2 37156 37150
2 37137 37112
2 37083 37061
2 37044 37043
2 37006 36979
2 36974 36968
2 36964 36942
2 36906 36891
2 36890 36888
2 36866 36863
2 36855 36850
2 36847 36841
2 36821 36814
2 36812 36804
2 36790 36789
2 36697 36696
2 36684 36667
2 36666 36650
2 36637 36622
2 36606 36603
2 36596 36579
2 36567 36548
2 36533 36521
2 36502 36500
2 36494 36493
2 36484 36480
2 36466 36463
2 36461 36459
2 36441 36428
2 36401 36400
2 36389 36377
2 36370 36368
2 36365 36355
2 36324 36299
2 36295 36291
2 36268 36260
2 36255 36238
2 36209 36208
2 36205 36204
2 36203 36188
2 36176 36167
2 36166 36138
2 36129 36108
2 36090 36084
2 36055 36053
2 36050 36033
2 36007 36006
2 35985 35978
2 35965 35959
2 35956 35954
2 35949 35944
2 35934 35931
2 35930 35928
2 35921 35919
2 35875 35868
2 35855 35827
2 35773 35764
2 35753 35731
2 35714 35707
2 35689 35668
2 35664 35648
2 35644 35631
2 35620 35581
2 35571 35541
2 35538 35493
2 35462 35452
2 35451 35405
2 35371 35321
2 35287 35263
2 35255 35247
2 35246 35243
2 35239 35220
2 35211 35197
2 35188 35187
2 35186 35185
2 35134 35113
2 35099 35076
2 35075 35048
2 35037 35012
2 34974 34973
2 34955 34953
2 34917 34911
2 34910 34889
2 34846 34828
2 34804 34799
2 34782 34779
2 34770 34767
2 34761 34733
2 34726 34704
2 34612 34598
2 34575 34540
2 34536 34474
2 34469 34457
2 34403 34402
2 34381 34371
2 34357 34311
2 34310 34300
2 34299 34290
2 34277 34263
2 34259 34250
2 34215 34195
2 34184 34162
2 34159 34149
2 34136 34129
2 34101 34100
2 34097 34074
2 34073 34027
2 33978 33976
2 33965 33951
2 33949 33945
2 33943 33931
2 33924 33920
2 33919 33915
2 33897 33889
2 33880 33873
2 33858 33853
2 33835 33823
2 33807 33775
2 33772 33768
2 33755 33743
2 33742 33726
2 33720 33719
2 33718 33669
2 33656 33633
2 33619 33595
2 33585 33576
2 33559 33556
2 33555 33543
2 33522 33520
2 33511 33506
2 33493 33479
2 33439 33415
2 33413 33386
2 33379 33378
2 33376 33368
2 33355 33350
2 33334 33330
2 33326 33304
2 33301 33298
2 33290 33280
2 33277 33262
2 33249 33244
2 33237 33201
2 33188 33167
2 33166 33160
2 33149 33145
2 33137 33120
2 33114 33113
2 33108 33105
2 33096 33074
2 33066 33046
2 33044 33037
2 33035 33032
2 33027 33010
2 33007 32997
2 32993 32991
2 32986 32984
2 32982 32981
2 32980 32959
2 32946 32943
2 32936 32934
2 32929 32907
2 32906 32894
2 32879 32875
2 32863 32853
2 32847 32829
2 32820 32803
2 32796 32781
2 32779 32776
2 32764 32728
2 32727 32718
2 32713 32708
2 32704 32691
2 32690 32683
2 32664 32656
2 32654 32643
2 32634 32633
2 32624 32617
2 32614 32610
2 32605 32603
2 32595 32594
2 32588 32582
2 32580 32577
2 32576 32575
2 32544 32539
2 32524 32487
2 32468 32455
2 32446 32444
2 32407 32406
2 32401 32396
2 32394 32392
2 32386 32379
2 32360 32353
2 32336 32326
2 32308 32282
2 32274 32246
2 32238 32215
2 32208 32191
2 32188 32160
2 32155 32147
2 32139 32127
2 32126 32121
2 32112 32110
2 32090 32079
2 32078 32069
2 32064 32046
2 31989 31986
2 31977 31968
2 31962 31949
2 31948 31945
2 31940 31928
2 31923 31906
2 31899 31877
2 31872 31868
2 31865 31847
2 31833 31830
2 31822 31811
2 31786 31779
2 31775 31767
2 31742 31713
2 31700 31698
2 31689 31670
2 31666 31656
2 31653 31647
2 31627 31620
2 31619 31614
2 31612 31609
2 31596 31589
2 31566 31541
2 31537 31523
2 31504 31501
2 31481 31475
2 31472 31467
2 31464 31462
2 31435 31398
2 31369 31368
2 31351 31350
2 31348 31337
2 31296 31286
2 31250 31247
2 31223 31222
2 31212 31184
2 31171 31160
2 31159 31145
2 31141 31137
2 31118 31091
2 31082 31070
2 31060 31047
2 31044 31033
2 31012 31005
2 31003 30989
2 30956 30952
2 30950 30937
2 30933 30920
2 30916 30902
2 30897 30896
2 30894 30886
2 30866 30837
2 30835 30828
2 30809 30780
2 30770 30761
2 30760 30745
2 30721 30715
2 30706 30682
2 30666 30651
2 30633 30618
2 30612 30604
2 30576 30566
2 30560 30554
2 30539 30527
2 30525 30510
2 30509 30506
2 30496 30477
2 30473 30472
2 30471 30448
2 30446 30442
2 30409 30402
2 30399 30395
2 30393 30349
2 30344 30326
2 30313 30307
2 30303 30295
2 30275 30261
2 30260 30253
2 30244 30228
2 30216 30214
2 30212 30205
2 30204 30183
2 30174 30164
2 30139 30131
2 30112 30106
2 30066 30055
2 30039 30023
2 30022 30013
2 30012 29994
2 29982 29957
2 29943 29932
2 29926 29915
2 29909 29896
2 29891 29886
2 29877 29834
2 29827 29822
2 29802 29789
2 29780 29759
2 29744 29730
2 29714 29713
2 29693 29685
2 29672 29656
2 29655 29643
2 29635 29632
2 29626 29597
2 29581 29573
2 29570 29555
2 29545 29540
2 29529 29498
2 29491 29487
2 29480 29479
2 29473 29472
2 29454 29449
2 29419 29412
2 29410 29409
2 29390 29350
2 29345 29333
2 29281 29273
2 29264 29247
2 29245 29242
2 29230 29211
2 29207 29187
2 29173 29152
2 29137 29136
2 29108 29107
2 29103 29088
2 29063 29055
2 29027 29024
2 29022 29013
2 29008 29002
2 28999 28990
2 28988 28985
2 28979 28977
2 28947 28937
2 28917 28915
2 28914 28889
2 28845 28813
2 28803 28801
2 28793 28789
2 28783 28778
2 28763 28753
2 28752 28740
2 28715 28689
2 28688 28685
2 28682 28678
2 28672 28668
2 28652 28647
2 28628 28625
2 28620 28618
2 28610 28591
2 28589 28577
2 28561 28555
2 28535 28531
2 28527 28512
2 28505 28491
2 28474 28464
2 28458 28455
2 28439 28437
2 28436 28426
2 28409 28386
2 28374 28357
2 28356 28308
2 28303 28275
2 28270 28266
2 28249 28243
2 28224 28212
2 28205 28170
2 28163 28159
2 28152 28116
2 28111 28104
2 28093 28075
2 28044 28034
2 28028 28021
2 27999 27996
2 27980 27979
2 27961 27915
2 27884 27868
2 27858 27834
2 27814 27808
2 27804 27798
2 27785 27774
2 27771 27757
2 27754 27747
2 27688 27669
2 27664 27652
2 27648 27645
2 27640 27634
2 27633 27618
2 27605 27603
2 27588 27579
2 27577 27535
2 27522 27520
2 27513 27453
2 27439 27402
2 27393 27383
2 27374 27360
2 27339 27331
2 27328 27324
2 27301 27289
2 27286 27279
2 27228 27218
2 27206 27181
2 27179 27152
2 27143 27141
2 27135 27105
2 27090 27089
2 27080 27059
2 27039 27031
2 27018 27014
2 26993 26988
2 26982 26977
2 26970 26959
2 26943 26914
2 26913 26905
2 26891 26887
2 26883 26879
2 26877 26865
2 26856 26848
2 26845 26807
2 26800 26794
2 26787 26786
2 26782 26778
2 26777 26775
2 26759 26749
2 26742 26741
2 26731 26729
2 26728 26723
2 26689 26645
2 26635 26633
2 26626 26622
2 26610 26590
2 26573 26569
2 26565 26563
2 26528 26522
2 26491 26462
2 26459 26436
2 26434 26406
2 26404 26383
2 26374 26345
2 26308 26306
2 26305 26301
2 26287 26272
2 26264 26258
2 26256 26232
2 26227 26215
2 26214 26200
2 26190 26171
2 26165 26158
2 26141 26137
2 26136 26124
2 26123 26117
2 26094 26092
2 26089 26080
2 26065 26054
2 26049 26034
2 26033 26013
2 26012 25984
2 25983 25970
2 25964 25963
2 25959 25955
2 25936 25934
2 25927 25924
2 25922 25894
2 25859 25856
2 25854 25852
2 25837 25831
2 25830 25827
2 25802 25762
2 25741 25738
2 25715 25712
2 25703 25677
2 25675 25667
2 25637 25634
2 25612 25608
2 25595 25587
2 25578 25546
2 25522 25479
2 25466 25405
2 25400 25396
2 25394 25371
2 25363 25362
2 25354 25334
2 25333 25328
2 25289 25271
2 25236 25208
2 25204 25203
2 25192 25161
2 25158 25130
2 25118 25101
2 25069 25054
2 25047 25042
2 25019 25016
2 25013 24991
2 24980 24959
2 24957 24927
2 24916 24915
2 24905 24892
2 24876 24816
2 24802 24769
2 24754 24736
2 24717 24698
2 24691 24684
2 24667 24645
2 24637 24624
2 24614 24595
2 24583 24578
2 24566 24560
2 24541 24519
2 24514 24510
2 24493 24487
2 24482 24473
2 24472 24449
2 24442 24439
2 24433 24427
2 24425 24412
2 24408 24394
2 24390 24388
2 24385 24376
2 24369 24348
2 24343 24338
2 24312 24311
2 24304 24292
2 24284 24281
2 24260 24232
2 24220 24215
2 24206 24202
2 24196 24189
2 24188 24181
2 24154 24146
2 24119 24087
2 24079 24075
2 24073 24050
2 24029 24022
2 24020 24008
2 24005 24002
2 23999 23990
2 23987 23982
2 23953 23920
2 23914 23899
2 23889 23835
2 23825 23812
2 23800 23786
2 23780 23770
2 23769 23767
2 23757 23721
2 23718 23714
2 23708 23691
2 23685 23680
2 23672 23658
2 23648 23639
2 23630 23625
2 23622 23551
2 23543 23531
2 23520 23487
2 23486 23466
2 23460 23449
2 23433 23424
2 23398 23394
2 23393 23389
2 23358 23357
2 23345 23335
2 23333 23323
2 23312 23304
2 23297 23266
2 23257 23231
2 23207 23200
2 23187 23184
2 23176 23153
2 23091 23080
2 23078 23066
2 23054 23034
2 23028 23012
2 22970 22961
2 22953 22942
2 22920 22907
2 22894 22893
2 22889 22885
2 22864 22841
2 22828 22826
2 22800 22795
2 22793 22792
2 22784 22783
2 22778 22766
2 22758 22718
2 22702 22696
2 22689 22685
2 22683 22674
2 22653 22652
2 22623 22602
2 22600 22598
2 22578 22574
2 22528 22526
2 22525 22517
2 22498 22490
2 22453 22438
2 22437 22427
2 22403 22382
2 22380 22378
2 22377 22369
2 22354 22352
2 22351 22348
2 22328 22312
2 22304 22258
2 22247 22222
2 22196 22180
2 22179 22159
2 22140 22134
2 22090 22048
2 22039 22025
2 22018 22004
2 21999 21976
2 21941 21922
2 21918 21917
2 21899 21884
2 21877 21849
2 21839 21833
2 21792 21776
2 21734 21731
2 21726 21691
2 21676 21667
2 21664 21628
2 21621 21610
2 21609 21608
2 21607 21605
2 21602 21588
2 21578 21570
2 21565 21562
2 21553 21552
2 21549 21548
2 21543 21532
2 21508 21499
2 21471 21469
2 21459 21455
2 21454 21451
2 21435 21416
2 21410 21395
2 21357 21343
2 21331 21323
2 21320 21316
2 21314 21300
2 21298 21292
2 21270 21267
2 21265 21233
2 21215 21195
2 21188 21184
2 21180 21167
2 21151 21142
2 21138 21090
2 21079 21070
2 21060 21048
2 21044 21019
2 20985 20972
2 20960 20940
2 20928 20914
2 20902 20857
2 20828 20827
2 20818 20812
2 20804 20791
2 20782 20761
2 20759 20719
2 20715 20714
2 20709 20705
2 20688 20634
2 20629 20617
2 20614 20613
2 20598 20584
2 20580 20571
2 20562 20550
2 20526 20484
2 20462 20441
2 20440 20417
2 20415 20389
2 20383 20380
2 20344 20315
2 20296 20276
2 20271 20262
2 20248 20247
2 20239 20237
2 20229 20220
2 20218 20200
2 20196 20180
2 20178 20168
2 20147 20144
2 20142 20122
2 20121 20107
2 20098 20075
2 20070 20065
2 20059 20024
2 20015 20014
2 19991 19967
2 19938 19933
2 19922 19919
2 19907 19898
2 19859 19851
2 19829 19825
2 19817 19814
2 19813 19801
2 19795 19770
2 19766 19756
2 19751 19747
2 19704 19700
2 19698 19694
2 19676 19669
2 19664 19661
2 19639 19637
2 19633 19632
2 19613 19606
2 19567 19534
2 19503 19476
2 19458 19448
2 19443 19424
2 19414 19402
2 19401 19395
2 19365 19346
2 19344 19340
2 19328 19320
2 19315 19313
2 19274 19272
2 19269 19256
2 19253 19235
2 19233 19223
2 19201 19185
2 19176 19143
2 19070 19067
2 19060 19054
2 19041 19005
2 18989 18988
2 18981 18953
2 18951 18917
2 18911 18902
2 18901 18860
2 18835 18832
2 18818 18815
2 18814 18807
2 18797 18787
2 18777 18755
2 18736 18712
2 18711 18692
2 18669 18646
2 18633 18626
2 18611 18583
2 18570 18563
2 18549 18546
2 18539 18527
2 18499 18493
2 18464 18453
2 18449 18447
2 18437 18427
2 18406 18391
2 18386 18375
2 18367 18365
2 18353 18351
2 18350 18344
2 18306 18280
2 18279 18273
2 18271 18241
2 18235 18232
2 18184 18156
2 18129 18102
2 18093 18090
2 18088 18081
2 18061 18051
2 18033 18021
2 18019 18017
2 18000 17991
2 17984 17981
2 17975 17967
2 17946 17945
2 17939 17932
2 17925 17909
2 17908 17852
2 17823 17821
2 17810 17797
2 17788 17748
2 17742 17740
2 17728 17726
2 17716 17710
2 17664 17651
2 17641 17640
2 17629 17614
2 17605 17604
2 17601 17549
2 17487 17475
2 17467 17455
2 17442 17434
2 17431 17425
2 17424 17411
2 17383 17380
2 17373 17357
2 17333 17331
2 17322 17321
2 17319 17308
2 17302 17298
2 17297 17295
2 17291 17276
2 17245 17201
2 17199 17186
2 17174 17156
2 17135 17134
2 17036 17035
2 17030 17029
2 17025 17023
2 17001 17000
2 16996 16972
2 16954 16934
2 16931 16930
2 16925 16921
2 16895 16892
2 16875 16869
2 16856 16855
2 16850 16847
2 16846 16829
2 16822 16820
2 16793 16781
2 16750 16737
2 16716 16688
2 16679 16661
2 16659 16648
2 16646 16638
2 16627 16608
2 16583 16561
2 16554 16525
2 16518 16506
2 16505 16494
2 16470 16418
2 16407 16385
2 16382 16378
2 16363 16360
2 16359 16341
2 16330 16328
2 16325 16318
2 16306 16293
2 16278 16265
2 16215 16193
2 16175 16165
2 16145 16136
2 16133 16131
2 16129 16117
2 16112 16106
2 16103 16053
2 16047 16032
2 16025 16011
2 16009 16006
2 16004 16003
2 15994 15983
2 15977 15975
2 15973 15967
2 15960 15954
2 15943 15942
2 15935 15914
2 15909 15893
2 15884 15874
2 15831 15822
2 15815 15813
2 15787 15768
2 15760 15668
2 15665 15638
2 15602 15561
2 15546 15526
2 15519 15501
2 15486 15479
2 15474 15445
2 15442 15441
2 15438 15430
2 15403 15382
2 15369 15363
2 15359 15357
2 15354 15352
2 15350 15342
2 15331 15329
2 15327 15322
2 15310 15274
2 15270 15261
2 15242 15219
2 15215 15197
2 15196 15192
2 15191 15190
2 15166 15157
2 15153 15115
2 15104 15099
2 15091 15051
2 15037 15035
2 15025 15018
2 15012 15010
2 14996 14994
2 14991 14983
2 14973 14970
2 14929 14907
2 14892 14890
2 14879 14838
2 14837 14825
2 14823 14820
2 14817 14816
2 14804 14792
2 14778 14759
2 14757 14745
2 14738 14729
2 14727 14696
2 14674 14673
2 14660 14650
2 14644 14641
2 14586 14562
2 14544 14541
2 14519 14506
2 14495 14475
2 14425 14424
2 14418 14416
2 14398 14385
2 14382 14344
2 14320 14270
2 14263 14252
2 14238 14213
2 14204 14195
2 14180 14174
2 14173 14134
2 14132 14117
2 14115 14106
2 14102 14099
2 14094 14092
2 14090 14088
2 14079 14066
2 14052 14049
2 14019 14012
2 14010 14009
2 13980 13918
2 13890 13880
2 13878 13865
2 13861 13855
2 13835 13829
2 13823 13817
2 13804 13785
2 13772 13736
2 13733 13715
2 13696 13687
2 13676 13671
2 13663 13653
2 13615 13607
2 13590 13583
2 13542 13536
2 13522 13521
2 13520 13513
2 13512 13508
2 13482 13467
2 13438 13399
2 13395 13382
2 13381 13377
2 13354 13353
2 13346 13342
2 13324 13317
2 13316 13289
2 13278 13276
2 13271 13248
2 13243 13241
2 13208 13192
2 13190 13155
2 13150 13143
2 13141 13140
2 13139 13127
2 13109 13106
2 13103 13085
2 13048 13047
2 13042 13039
2 13021 13016
2 13000 12999
2 12977 12963
2 12929 12911
2 12879 12830
2 12822 12818
2 12797 12788
2 12787 12779
2 12771 12744
2 12726 12660
2 12654 12619
2 12603 12597
2 12594 12583
2 12577 12565
2 12556 12552
2 12543 12533
2 12531 12517
2 12512 12509
2 12494 12493
2 12476 12473
2 12460 12437
2 12431 12420
2 12408 12407
2 12398 12394
2 12391 12390
2 12387 12384
2 12347 12341
2 12304 12292
2 12271 12270
2 12258 12244
2 12238 12230
2 12223 12222
2 12171 12167
2 12162 12161
2 12154 12151
2 12129 12122
2 12113 12095
2 12092 12084
2 12075 12072
2 12038 12031
2 12011 11991
2 11963 11947
2 11922 11911
2 11907 11891
2 11874 11864
2 11853 11844
2 11842 11818
2 11788 11779
2 11743 11741
2 11737 11735
2 11726 11718
2 11715 11689
2 11671 11665
2 11657 11651
2 11649 11636
2 11613 11601
2 11582 11556
2 11555 11546
2 11528 11526
2 11517 11500
2 11485 11478
2 11467 11463
2 11444 11437
2 11435 11432
2 11424 11421
2 11396 11388
2 11385 11382
2 11377 11349
2 11345 11328
2 11316 11306
2 11305 11294
2 11283 11278
2 11263 11244
2 11237 11235
2 11214 11194
2 11186 11147
2 11115 11100
2 11085 11037
2 11034 11026
2 11019 11012
2 11010 10977
2 10975 10973
2 10957 10934
2 10923 10921
2 10918 10906
2 10863 10854
2 10841 10838
2 10825 10791
2 10781 10775
2 10769 10760
2 10756 10753
2 10745 10731
2 10723 10718
2 10706 10701
2 10700 10699
2 10669 10666
2 10637 10623
2 10604 10596
2 10591 10587
2 10581 10566
2 10555 10546
2 10529 10514
2 10510 10499
2 10489 10481
2 10480 10477
2 10475 10464
2 10447 10422
2 10417 10376
2 10374 10347
2 10316 10311
2 10301 10295
2 10282 10274
2 10269 10254
2 10245 10211
2 10201 10172
2 10170 10164
2 10144 10141
2 10113 10110
2 10096 10088
2 10072 10057
2 10047 10046
2 10031 10025
2 10008 10002
2 9998 9983
2 9968 9966
2 9958 9950
2 9949 9940
2 9936 9920
2 9911 9902
2 9895 9892
2 9885 9867
2 9861 9854
2 9852 9835
2 9822 9821
2 9783 9775
2 9718 9717
2 9713 9688
2 9678 9676
2 9651 9650
2 9604 9593
2 9585 9543
2 9541 9524
2 9513 9496
2 9479 9464
2 9451 9446
2 9431 9424
2 9422 9421
2 9413 9408
2 9407 9372
2 9351 9348
2 9334 9332
2 9330 9315
2 9306 9290
2 9270 9268
2 9267 9239
2 9232 9226
2 9217 9202
2 9198 9182
2 9178 9122
2 9113 9112
2 9108 9107
2 9090 9029
2 9019 8979
2 8960 8940
2 8933 8917
2 8916 8904
2 8876 8851
2 8846 8844
2 8842 8834
2 8813 8812
2 8807 8794
2 8791 8789
2 8771 8725
2 8723 8709
2 8705 8702
2 8689 8686
2 8684 8678
2 8677 8670
2 8661 8651
2 8625 8616
2 8591 8588
2 8578 8564
2 8538 8528
2 8509 8499
2 8491 8471
2 8467 8463
2 8420 8411
2 8410 8404
2 8387 8344
2 8327 8239
2 8232 8227
2 8209 8198
2 8192 8186
2 8177 8176
2 8171 8167
2 8161 8159
2 8138 8124
2 8114 8111
2 8102 8097
2 8096 8081
2 8057 8047
2 8035 8018
2 8017 8016
2 7955 7953
2 7919 7913
2 7912 7867
2 7864 7853
2 7849 7837
2 7830 7785
2 7762 7746
2 7736 7731
2 7719 7712
2 7704 7698
2 7697 7655
2 7640 7624
2 7623 7616
2 7593 7584
2 7541 7539
2 7522 7505
2 7500 7481
2 7477 7457
2 7456 7446
2 7442 7422
2 7419 7392
2 7391 7383
2 7382 7376
2 7373 7348
2 7333 7320
2 7312 7295
2 7287 7284
2 7283 7282
2 7263 7251
2 7211 7182
2 7181 7174
2 7165 7154
2 7135 7133
2 7131 7117
2 7068 7059
2 7039 7036
2 7029 7013
2 7008 6998
2 6992 6979
2 6959 6949
2 6947 6845
2 6840 6826
2 6820 6819
2 6810 6800
2 6799 6798
2 6797 6791
2 6785 6780
2 6746 6737
2 6708 6702
2 6696 6695
2 6645 6618
2 6611 6599
2 6595 6567
2 6556 6539
2 6534 6520
2 6509 6480
2 6473 6465
2 6459 6436
2 6433 6427
2 6424 6400
2 6389 6384
2 6381 6379
2 6359 6320
2 6311 6302
2 6291 6280
2 6267 6266
2 6263 6242
2 6230 6228
2 6226 6194
2 6186 6183
2 6177 6175
2 6173 6172
2 6170 6167
2 6164 6160
2 6159 6123
2 6100 6088
2 6080 6077
2 6063 6057
2 6056 6042
2 6028 6020
2 5998 5996
2 5976 5960
2 5951 5950
2 5947 5939
2 5930 5904
2 5887 5878
2 5877 5876
2 5869 5868
2 5856 5850
2 5848 5826
2 5817 5816
2 5755 5745
2 5736 5721
2 5694 5684
2 5661 5637
2 5626 5623
2 5610 5604
2 5600 5584
2 5556 5543
2 5533 5532
2 5531 5525
2 5517 5499
2 5497 5495
2 5494 5488
2 5480 5474
2 5432 5423
2 5421 5370
2 5367 5353
2 5350 5340
2 5338 5336
2 5325 5301
2 5291 5279
2 5271 5262
2 5230 5223
2 5196 5193
2 5192 5183
2 5172 5169
2 5138 5122
2 5118 5103
2 5085 5081
2 5059 5053
2 5052 5012
2 5005 4995
2 4982 4973
2 4953 4952
2 4951 4925
2 4919 4902
2 4877 4866
2 4860 4835
2 4815 4796
2 4794 4790
2 4765 4667
2 4642 4634
2 4626 4622
2 4599 4591
2 4589 4585
2 4581 4580
2 4577 4566
2 4557 4551
2 4543 4498
2 4470 4456
2 4451 4415
2 4414 4367
2 4364 4350
2 4308 4303
2 4286 4284
2 4266 4252
2 4241 4222
2 4218 4213
2 4189 4178
2 4174 4130
2 4118 4082
2 4065 4064
2 4054 4052
2 4041 4031
2 4005 4000
2 3992 3944
2 3938 3934
2 3931 3908
2 3881 3872
2 3871 3861
2 3855 3852
2 3841 3835
2 3816 3792
2 3783 3752
2 3735 3717
2 3677 3655
2 3651 3622
2 3601 3562
2 3561 3552
2 3532 3513
2 3500 3493
2 3482 3449
2 3443 3410
2 3362 3352
2 3344 3326
2 3320 3312
2 3302 3301
2 3285 3275
2 3273 3263
2 3259 3232
2 3229 3221
2 3215 3164
2 3158 3143
2 3127 3113
2 3096 3088
2 3031 3023
2 3017 3003
2 2987 2952
2 2935 2929
2 2920 2906
2 2899 2889
2 2869 2859
2 2856 2848
2 2844 2843
2 2834 2825
2 2809 2789
2 2747 2744
2 2740 2739
2 2738 2706
2 2698 2679
2 2665 2655
2 2653 2611
2 2606 2605
2 2600 2588
2 2552 2545
2 2538 2532
2 2507 2502
2 2487 2486
2 2480 2478
2 2475 2470
2 2468 2460
2 2453 2448
2 2438 2423
2 2418 2410
2 2398 2392
2 2384 2378
2 2373 2368
2 2351 2350
2 2338 2321
2 2320 2309
2 2299 2274
2 2269 2236
2 2217 2212
2 2176 2172
2 2169 2157
2 2156 2155
2 2149 2118
2 2102 2057
2 2038 2037
2 2033 2023
2 2013 2010
2 1999 1993
2 1991 1975
2 1944 1922
2 1903 1900
2 1899 1878
2 1864 1836
2 1821 1814
2 1799 1790
2 1782 1773
2 1760 1754
2 1753 1749
2 1746 1738
2 1737 1730
2 1723 1711
2 1689 1674
2 1670 1668
2 1665 1660
2 1643 1624
2 1618 1575
2 1573 1555
2 1538 1537
2 1532 1520
2 1516 1508
2 1494 1486
2 1480 1475
2 1469 1463
2 1460 1396
2 1391 1372
2 1359 1353
2 1350 1340
2 1331 1325
2 1313 1310
2 1284 1272
2 1256 1250
2 1236 1221
2 1215 1200
2 1162 1149
2 1145 1143
2 1140 1130
2 1126 1098
2 1081 1077
2 1060 1056
2 1042 1019
2 1004 979
2 976 955
2 954 940
2 935 908
2 900 869
2 860 855
2 854 805
2 772 763
2 718 714
2 704 697
2 689 680
2 654 649
2 627 618
2 592 588
2 587 579
2 567 566
2 546 537
2 530 527
2 512 472
2 468 463
2 462 438
2 437 414
2 395 370
2 363 358
2 357 288
2 245 238
2 203 199
2 185 183
2 177 174
2 165 160
2 138 128
2 124 117
2 112 96
2 86 84
2 71 45
2 35 33
2 99997 99994
2 99993 99989
2 99973 99972
2 99971 99968
2 99964 99960
2 99959 99956
2 99949 99932
2 99924 99886
2 99882 99881
2 99879 99870
2 99866 99865
2 99843 99823
2 99822 99817
2 99801 99798
2 99791 99781
2 99774 99773
2 99766 99759
2 99752 99705
2 99699 99695
2 99678 99677
2 99636 99630
2 99625 99619
2 99611 99590
2 99588 99584
2 99557 99551
2 99539 99532
2 99509 99506
2 99501 99496
2 99495 99482
2 99430 99428
2 99395 99379
2 99378 99364
2 99363 99362
2 99349 99343
2 99332 99323
2 99322 99302
2 99301 99290
2 99289 99284
2 99279 99276
2 99271 99265
2 99257 99239
2 99236 99228
2 99217 99208
2 99201 99195
2 99190 99180
2 99178 99177
2 99171 99166
2 99160 99140
2 99132 99130
2 99109 99106
2 99103 99097
2 99093 99077
2 99064 99060
2 99047 99043
2 99037 99017
2 99016 99010
2 99005 98995
2 98987 98977
2 98973 98969
2 98955 98942
2 98937 98929
2 98915 98892
2 98885 98864
2 98846 98829
2 98828 98799
2 98798 98792
2 98789 98772
2 98771 98766
2 98765 98741
2 98719 98717
2 98714 98694
2 98693 98671
2 98668 98665
2 98657 98649
2 98642 98638
2 98634 98629
2 98623 98606
2 98603 98601
2 98589 98585
2 98583 98582
2 98572 98567
2 98565 98555
2 98554 98550
2 98548 98546
2 98532 98530
2 98518 98503
2 98492 98486
2 98480 98470
2 98464 98463
2 98456 98444
2 98435 98434
2 98411 98401
2 98394 98390
2 98389 98385
2 98381 98376
2 98370 98354
2 98353 98349
2 98347 98308
2 98306 98303
2 98294 98291
2 98290 98286
2 98284 98282
2 98278 98250
2 98242 98196
2 98195 98186
2 98181 98171
2 98161 98153
2 98140 98136
2 98131 98125
2 98124 98116
2 98113 98107
2 98102 98080
2 98076 98067
2 98062 98031
2 98026 98000
2 97998 97994
2 97993 97989
2 97960 97958
2 97952 97948
2 97939 97929
2 97916 97910
2 97901 97883
2 97876 97854
2 97851 97846
2 97845 97825
2 97793 97790
2 97774 97762
2 97743 97734
2 97719 97718
2 97703 97653
2 97648 97645
2 97611 97604
2 97601 97597
2 97575 97574
2 97571 97567
2 97564 97559
2 97549 97535
2 97533 97529
2 97486 97475
2 97462 97459
2 97449 97445
2 97439 97412
2 97410 97406
2 97405 97404
2 97399 97384
2 97380 97368
2 97356 97326
2 97311 97300
2 97297 97285
2 97272 97268
2 97254 97250
2 97240 97215
2 97207 97175
2 97159 97156
2 97152 97150
2 97118 97090
2 97079 97078
2 97050 97043
2 97042 97041
2 97038 97030
2 97029 97022
2 97021 97019
2 97018 97004
2 97002 96955
2 96933 96925
2 96907 96884
2 96841 96828
2 96819 96795
2 96785 96772
2 96717 96712
2 96707 96693
2 96686 96682
2 96668 96663
2 96659 96643
2 96628 96619
2 96615 96607
2 96602 96592
2 96591 96588
2 96577 96576
2 96568 96566
2 96562 96549
2 96539 96536
2 96526 96512
2 96510 96506
2 96493 96491
2 96486 96484
2 96474 96473
2 96459 96456
2 96443 96435
2 96428 96404
2 96403 96396
2 96386 96384
2 96360 96351
2 96350 96313
2 96309 96298
2 96297 96260
2 96256 96251
2 96238 96237
2 96236 96212
2 96187 96174
2 96173 96165
2 96162 96159
2 96156 96154
2 96148 96132
2 96127 96113
2 96103 96092
2 96090 96058
2 96050 96032
2 96031 96016
2 96014 95991
2 95980 95958
2 95937 95925
2 95923 95916
2 95907 95906
2 95885 95872
2 95868 95859
2 95858 95805
2 95775 95758
2 95748 95739
2 95727 95718
2 95710 95701
2 95693 95686
2 95684 95668
2 95662 95660
2 95659 95645
2 95643 95634
2 95603 95589
2 95586 95565
2 95530 95521
2 95518 95497
2 95481 95469
2 95466 95457
2 95451 95436
2 95435 95429
2 95422 95387
2 95379 95373
2 95359 95351
2 95344 95343
2 95305 95299
2 95296 95252
2 95242 95239
2 95235 95215
2 95208 95201
2 95198 95190
2 95185 95183
2 95179 95175
2 95161 95147
2 95139 95128
2 95120 95118
2 95097 95096
2 95087 95059
2 95056 95051
2 95025 95015
2 95012 94990
2 94978 94972
2 94967 94965
2 94963 94960
2 94958 94956
2 94937 94926
2 94903 94891
2 94890 94882
2 94867 94861
2 94853 94849
2 94847 94799
2 94798 94797
2 94793 94792
2 94782 94781
2 94773 94754
2 94730 94729
2 94704 94700
2 94693 94691
2 94687 94682
2 94680 94674
2 94659 94655
2 94654 94653
2 94646 94643
2 94642 94641
2 94632 94622
2 94613 94607
2 94604 94599
2 94549 94531
2 94526 94501
2 94499 94496
2 94493 94485
2 94473 94452
2 94445 94432
2 94428 94427
2 94394 94384
2 94375 94353
2 94349 94345
2 94321 94315
2 94294 94286
2 94278 94275
2 94269 94265
2 94264 94262
2 94249 94245
2 94237 94232
2 94219 94216
2 94194 94186
2 94184 94163
2 94150 94144
2 94108 94077
2 94070 94067
2 94054 94049
2 94043 94039
2 94030 94000
2 93991 93983
2 93974 93973
2 93969 93968
2 93956 93953
2 93944 93927
2 93916 93911
2 93906 93894
2 93891 93887
2 93873 93857
2 93849 93847
2 93829 93824
2 93788 93760
2 93751 93738
2 93735 93710
2 93704 93703
2 93683 93682
2 93679 93669
2 93656 93645
2 93641 93629
2 93627 93622
2 93616 93613
2 93611 93591
2 93561 93560
2 93554 93541
2 93535 93534
2 93524 93518
2 93509 93506
2 93493 93491
2 93486 93467
2 93462 93459
2 93434 93425
2 93419 93416
2 93414 93402
2 93398 93396
2 93395 93382
2 93371 93362
2 93338 93317
2 93313 93290
2 93283 93278
2 93272 93257
2 93255 93245
2 93233 93225
2 93205 93203
2 93201 93190
2 93172 93159
2 93152 93133
2 93128 93124
2 93108 93102
2 93098 93091
2 93087 93085
2 93069 93068
2 93065 93064
2 93056 93051
2 93029 93017
2 93012 93006
2 93005 92996
2 92989 92978
2 92974 92962
2 92950 92938
2 92933 92930
2 92915 92904
2 92887 92881
2 92880 92879
2 92864 92858
2 92819 92805
2 92796 92785
2 92757 92750
2 92748 92746
2 92719 92717
2 92701 92695
2 92690 92686
2 92678 92676
2 92672 92669
2 92652 92631
2 92614 92588
2 92582 92575
2 92559 92555
2 92554 92552
2 92550 92543
2 92534 92505
2 92501 92488
2 92477 92476
2 92473 92466
2 92453 92443
2 92431 92416
2 92415 92410
2 92401 92397
2 92395 92389
2 92384 92381
2 92376 92369
2 92356 92347
2 92336 92328
2 92313 92310
2 92306 92297
2 92276 92271
2 92270 92269
2 92255 92253
2 92244 92216
2 92207 92197
2 92165 92158
2 92148 92145
2 92135 92124
2 92120 92104
2 92075 92071
2 92057 92053
2 92051 92043
2 92042 92036
2 92032 92020
2 91994 91969
2 91967 91962
2 91959 91955
2 91951 91936
2 91930 91929
2 91927 91908
2 91899 91883
2 91878 91875
2 91870 91866
2 91860 91858
2 91854 91852
2 91827 91811
2 91806 91800
2 91798 91780
2 91779 91776
2 91762 91746
2 91742 91736
2 91717 91708
2 91692 91668
2 91665 91662
2 91659 91655
2 91641 91630
2 91620 91583
2 91570 91555
2 91548 91544
2 91543 91539
2 91520 91519
2 91499 91478
2 91477 91474
2 91468 91446
2 91437 91422
2 91419 91410
2 91401 91394
2 91378 91364
2 91358 91356
2 91353 91351
2 91348 91345
2 91328 91323
2 91321 91320
2 91304 91286
2 91273 91272
2 91264 91263
2 91255 91236
2 91235 91234
2 91232 91220
2 91212 91191
2 91178 91174
2 91172 91168
2 91151 91119
2 91115 91102
2 91101 91067
2 91063 91052
2 91035 91017
2 91002 90992
2 90986 90984
2 90973 90942
2 90936 90931
2 90926 90916
2 90911 90900
2 90885 90881
2 90880 90878
2 90871 90869
2 90857 90854
2 90844 90834
2 90811 90808
2 90807 90789
2 90782 90778
2 90774 90771
2 90768 90764
2 90722 90706
2 90699 90698
2 90692 90644
2 90639 90635
2 90617 90615
2 90592 90586
2 90573 90553
2 90536 90533
2 90487 90459
2 90458 90455
2 90451 90425
2 90420 90411
2 90388 90378
2 90359 90357
2 90349 90346
2 90345 90339
2 90319 90283
2 90279 90271
2 90255 90247
2 90233 90226
2 90225 90221
2 90210 90186
2 90179 90178
2 90170 90165
2 90161 90148
2 90107 90095
2 90089 90084
2 90058 90056
2 90054 90038
2 90034 90019
2 89997 89990
2 89986 89985
2 89980 89971
2 89969 89963
2 89961 89955
2 89947 89943
2 89942 89914
2 89878 89863
2 89862 89858
2 89842 89825
2 89821 89814
2 89809 89805
2 89804 89797
2 89767 89764
2 89731 89730
2 89725 89707
2 89680 89673
2 89667 89661
2 89660 89655
2 89636 89627
2 89593 89583
2 89577 89544
2 89539 89529
2 89521 89490
2 89486 89482
2 89448 89427
2 89426 89415
2 89397 89394
2 89389 89383
2 89382 89371
2 89356 89355
2 89350 89349
2 89324 89317
2 89299 89291
2 89283 89252
2 89236 89233
2 89228 89226
2 89214 89212
2 89181 89177
2 89163 89152
2 89146 89130
2 89127 89126
2 89114 89076
2 89068 89065
2 89043 89037
2 89016 89005
2 88985 88977
2 88971 88964
2 88954 88952
2 88949 88948
2 88923 88907
2 88902 88887
2 88885 88881
2 88875 88863
2 88852 88846
2 88844 88839
2 88837 88834
2 88830 88822
2 88820 88816
2 88753 88744
2 88742 88740
2 88737 88735
2 88706 88704
2 88696 88690
2 88684 88678
2 88657 88656
2 88655 88642
2 88626 88623
2 88617 88611
2 88600 88543
2 88529 88521
2 88513 88508
2 88506 88494
2 88490 88489
2 88488 88484
2 88471 88467
2 88453 88451
2 88436 88435
2 88427 88404
2 88399 88382
2 88376 88356
2 88317 88315
2 88292 88291
2 88288 88281
2 88269 88263
2 88246 88230
2 88187 88171
2 88158 88148
2 88144 88141
2 88135 88116
2 88106 88102
2 88101 88090
2 88077 88066
2 88062 88059
2 88058 88054
2 88044 88037
2 88034 88023
2 88010 88005
2 87990 87988
2 87986 87980
2 87979 87976
2 87961 87956
2 87953 87940
2 87932 87930
2 87900 87896
2 87890 87886
2 87873 87870
2 87867 87866
2 87856 87855
2 87851 87850
2 87846 87829
2 87824 87807
2 87797 87794
2 87793 87784
2 87771 87768
2 87760 87758
2 87756 87748
2 87740 87724
2 87715 87694
2 87685 87684
2 87679 87677
2 87673 87667
2 87659 87658
2 87656 87654
2 87635 87624
2 87617 87564
2 87562 87561
2 87556 87554
2 87529 87524
2 87519 87514
2 87513 87512
2 87509 87502
2 87501 87484
2 87475 87472
2 87451 87449
2 87447 87439
2 87435 87433
2 87428 87424
2 87418 87415
2 87407 87400
2 87377 87376
2 87369 87368
2 87365 87359
2 87353 87352
2 87333 87295
2 87286 87267
2 87256 87235
2 87232 87224
2 87215 87210
2 87201 87183
2 87144 87133
2 87130 87114
2 87098 87097
2 87084 87056
2 87049 87047
2 87045 87013
2 87011 86992
2 86979 86978
2 86977 86972
2 86957 86952
2 86924 86888
2 86872 86865
2 86864 86863
2 86843 86838
2 86826 86818
2 86814 86807
2 86798 86785
2 86781 86770
2 86767 86766
2 86756 86730
2 86726 86709
2 86707 86694
2 86670 86669
2 86656 86653
2 86649 86645
2 86636 86634
2 86611 86578
2 86577 86564
2 86555 86549
2 86523 86518
2 86514 86512
2 86497 86489
2 86477 86470
2 86465 86460
2 86453 86450
2 86429 86422
2 86421 86418
2 86397 86393
2 86389 86383
2 86357 86343
2 86340 86330
2 86272 86267
2 86260 86249
2 86248 86245
2 86223 86213
2 86205 86201
2 86195 86185
2 86157 86138
2 86128 86112
2 86109 86106
2 86091 86067
2 86061 86053
2 86042 86032
2 86026 85980
2 85973 85961
2 85945 85930
2 85916 85914
2 85894 85891
2 85884 85883
2 85866 85864
2 85862 85852
2 85841 85825
2 85823 85814
2 85810 85808
2 85799 85789
2 85776 85762
2 85761 85757
2 85732 85720
2 85718 85713
2 85711 85710
2 85708 85705
2 85689 85680
2 85668 85656
2 85643 85635
2 85631 85627
2 85622 85621
2 85614 85611
2 85608 85602
2 85595 85590
2 85584 85570
2 85567 85558
2 85556 85550
2 85549 85543
2 85534 85522
2 85507 85496
2 85492 85473
2 85458 85457
2 85439 85420
2 85386 85384
2 85378 85377
2 85375 85370
2 85367 85355
2 85354 85350
2 85349 85343
2 85340 85329
2 85310 85281
2 85257 85251
2 85246 85243
2 85230 85217
2 85216 85210
2 85208 85207
2 85206 85205
2 85202 85184
2 85181 85176
2 85162 85159
2 85158 85129
2 85104 85094
2 85083 85082
2 85067 85065
2 85062 85060
2 85046 85045
2 85042 85041
2 85039 85037
2 85031 85013
2 84986 84964
2 84925 84916
2 84914 84907
2 84901 84894
2 84858 84856
2 84854 84851
2 84848 84845
2 84842 84838
2 84824 84809
2 84805 84794
2 84780 84778
2 84775 84763
2 84758 84739
2 84737 84735
2 84705 84680
2 84666 84661
2 84654 84639
2 84631 84619
2 84616 84603
2 84594 84591
2 84574 84573
2 84569 84562
2 84534 84524
2 84520 84513
2 84512 84507
2 84503 84499
2 84498 84492
2 84455 84452
2 84451 84446
2 84441 84436
2 84410 84402
2 84398 84392
2 84391 84384
2 84375 84372
2 84367 84359
2 84338 84333
2 84326 84320
2 84273 84269
2 84268 84261
2 84257 84249
2 84240 84227
2 84224 84220
2 84208 84192
2 84184 84175
2 84163 84162
2 84148 84139
2 84133 84127
2 84085 84069
2 84047 84046
2 84039 84036
2 84026 84014
2 84009 84000
2 83993 83987
2 83985 83973
2 83951 83948
2 83947 83941
2 83933 83918
2 83915 83913
2 83912 83909
2 83905 83889
2 83885 83874
2 83873 83858
2 83850 83837
2 83836 83808
2 83800 83796
2 83778 83777
2 83775 83759
2 83757 83750
2 83725 83721
2 83717 83699
2 83682 83671
2 83637 83626
2 83624 83620
2 83614 83609
2 83603 83600
2 83578 83563
2 83560 83558
2 83555 83527
2 83523 83513
2 83508 83506
2 83491 83490
2 83473 83450
2 83447 83440
2 83438 83425
2 83398 83378
2 83376 83375
2 83372 83352
2 83313 83306
2 83302 83301
2 83287 83281
2 83279 83259
2 83255 83249
2 83215 83210
2 83202 83198
2 83163 83144
2 83142 83138
2 83135 83124
2 83095 83094
2 83093 83053
2 83051 83050
2 83043 83042
2 83025 83020
2 83009 83007
2 83005 82997
2 82987 82986
2 82982 82977
2 82971 82959
2 82954 82947
2 82924 82923
2 82906 82905
2 82904 82903
2 82900 82892
2 82862 82860
2 82853 82852
2 82843 82833
2 82832 82826
2 82808 82803
2 82800 82790
2 82785 82775
2 82774 82770
2 82769 82768
2 82757 82754
2 82746 82737
2 82732 82674
2 82668 82649
2 82648 82636
2 82631 82626
2 82606 82580
2 82571 82569
2 82562 82559
2 82552 82545
2 82540 82536
2 82531 82525
2 82524 82517
2 82515 82497
2 82493 82484
2 82482 82480
2 82466 82463
2 82449 82437
2 82425 82415
2 82405 82395
2 82384 82383
2 82367 82339
2 82334 82324
2 82309 82298
2 82275 82267
2 82257 82250
2 82241 82238
2 82224 82222
2 82218 82212
2 82199 82184
2 82183 82178
2 82153 82125
2 82114 82101
2 82097 82092
2 82090 82083
2 82082 82073
2 82071 82054
2 82043 82030
2 82010 82009
2 82002 81992
2 81977 81975
2 81966 81956
2 81953 81942
2 81939 81938
2 81915 81908
2 81903 81882
2 81867 81849
2 81840 81834
2 81827 81824
2 81795 81778
2 81763 81762
2 81760 81746
2 81722 81718
2 81712 81677
2 81675 81671
2 81670 81642
2 81636 81625
2 81622 81603
2 81601 81599
2 81596 81595
2 81593 81540
2 81514 81510
2 81497 81495
2 81485 81484
2 81469 81460
2 81453 81436
2 81422 81405
2 81404 81403
2 81391 81388
2 81370 81349
2 81339 81319
2 81316 81301
2 81299 81281
2 81275 81272
2 81265 81251
2 81239 81229
2 81223 81219
2 81201 81200
2 81171 81166
2 81136 81127
2 81122 81088
2 81056 81035
2 81030 81017
2 81006 80997
2 80993 80991
2 80988 80982
2 80959 80953
2 80952 80947
2 80938 80936
2 80923 80918
2 80916 80904
2 80899 80877
2 80873 80871
2 80867 80852
2 80835 80831
2 80822 80819
2 80812 80773
2 80768 80758
2 80741 80731
2 80727 80722
2 80716 80707
2 80696 80691
2 80690 80677
2 80674 80673
2 80670 80665
2 80662 80634
2 80617 80610
2 80605 80602
2 80600 80583
2 80581 80559
2 80553 80544
2 80543 80542
2 80534 80523
2 80517 80506
2 80492 80482
2 80474 80464
2 80456 80454
2 80441 80433
2 80431 80410
2 80376 80366
2 80365 80359
2 80350 80342
2 80275 80254
2 80247 80240
2 80218 80217
2 80216 80206
2 80200 80182
2 80181 80180
2 80171 80170
2 80159 80149
2 80138 80135
2 80134 80129
2 80123 80115
2 80112 80100
2 80079 80076
2 80061 80060
2 80055 80047
2 80042 80032
2 80025 80024
2 80020 80015
2 79998 79990
2 79978 79973
2 79970 79957
2 79955 79945
2 79944 79924
2 79907 79901
2 79885 79881
2 79870 79851
2 79839 79834
2 79830 79824
2 79816 79811
2 79810 79805
2 79788 79786
2 79768 79767
2 79758 79753
2 79752 79748
2 79740 79729
2 79724 79707
2 79694 79663
2 79656 79653
2 79627 79614
2 79612 79600
2 79590 79551
2 79549 79541
2 79527 79526
2 79520 79512
2 79504 79502
2 79461 79460
2 79453 79449
2 79440 79439
2 79433 79422
2 79402 79392
2 79381 79380
2 79371 79364
2 79361 79358
2 79357 79348
2 79346 79317
2 79306 79304
2 79296 79290
2 79278 79277
2 79274 79270
2 79264 79259
2 79242 79233
2 79227 79220
2 79219 79170
2 79162 79155
2 79135 79125
2 79112 79104
2 79096 79091
2 79078 79075
2 79059 79031
2 79011 78998
2 78992 78979
2 78974 78941
2 78939 78937
2 78936 78928
2 78920 78901
2 78895 78875
2 78872 78864
2 78834 78830
2 78817 78795
2 78789 78781
2 78774 78770
2 78734 78730
2 78722 78714
2 78706 78686
2 78684 78679
2 78666 78663
2 78661 78658
2 78647 78638
2 78616 78608
2 78598 78593
2 78577 78542
2 78528 78524
2 78512 78511
2 78504 78502
2 78497 78492
2 78491 78485
2 78476 78474
2 78453 78452
2 78445 78444
2 78436 78434
2 78411 78405
2 78357 78347
2 78334 78319
2 78307 78300
2 78284 78274
2 78265 78254
2 78249 78240
2 78230 78228
2 78227 78208
2 78196 78168
2 78164 78144
2 78119 78115
2 78103 78090
2 78089 78074
2 78060 78058
2 78056 78054
2 78043 78021
2 78020 78002
2 77995 77990
2 77976 77971
2 77960 77951
2 77941 77938
2 77924 77920
2 77912 77909
2 77894 77888
2 77885 77884
2 77878 77875
2 77841 77833
2 77828 77817
2 77815 77813
2 77784 77779
2 77733 77727
2 77720 77715
2 77712 77701
2 77693 77689
2 77675 77667
2 77666 77664
2 77663 77658
2 77643 77639
2 77630 77625
2 77624 77615
2 77613 77610
2 77593 77590
2 77587 77582
2 77573 77566
2 77524 77522
2 77510 77496
2 77495 77485
2 77479 77477
2 77469 77441
2 77437 77431
2 77425 77422
2 77402 77400
2 77395 77394
2 77393 77387
2 77382 77380
2 77373 77370
2 77357 77352
2 77338 77337
2 77333 77323
2 77319 77316
2 77314 77310
2 77303 77300
2 77295 77292
2 77281 77279
2 77254 77240
2 77234 77220
2 77219 77214
2 77196 77190
2 77184 77175
2 77172 77171
2 77160 77158
2 77139 77125
2 77118 77111
2 77109 77101
2 77100 77099
2 77093 77069
2 77066 77055
2 77033 77032
2 77019 77002
2 77000 76985
2 76971 76969
2 76967 76964
2 76959 76934
2 76926 76908
2 76899 76880
2 76871 76869
2 76858 76854
2 76837 76831
2 76828 76811
2 76792 76782
2 76775 76766
2 76751 76711
2 76701 76683
2 76682 76670
2 76658 76656
2 76647 76641
2 76619 76618
2 76615 76612
2 76569 76568
2 76560 76548
2 76547 76538
2 76535 76513
2 76511 76510
2 76506 76500
2 76487 76479
2 76477 76465
2 76464 76461
2 76459 76424
2 76422 76413
2 76408 76393
2 76382 76369
2 76339 76338
2 76325 76300
2 76273 76266
2 76253 76220
2 76215 76197
2 76189 76184
2 76177 76169
2 76160 76128
2 76124 76123
2 76119 76118
2 76109 76106
2 76104 76089
2 76053 76035
2 76032 76017
2 76008 76006
2 75997 75992
2 75982 75981
2 75978 75953
2 75929 75913
2 75909 75881
2 75875 75852
2 75837 75836
2 75833 75827
2 75819 75783
2 75769 75759
2 75741 75739
2 75727 75721
2 75718 75715
2 75708 75672
2 75671 75662
2 75654 75653
2 75647 75638
2 75637 75623
2 75608 75602
2 75595 75585
2 75584 75573
2 75555 75552
2 75540 75537
2 75532 75515
2 75505 75502
2 75500 75492
2 75490 75484
2 75473 75472
2 75463 75460
2 75457 75452
2 75446 75445
2 75439 75434
2 75431 75430
2 75425 75423
2 75388 75335
2 75330 75317
2 75312 75293
2 75286 75275
2 75272 75254
2 75238 75229
2 75221 75213
2 75192 75180
2 75148 75142
2 75130 75107
2 75105 75097
2 75088 75075
2 75070 75066
2 75062 75056
2 75044 75040
2 75031 75029
2 75009 74999
2 74990 74948
2 74947 74946
2 74916 74912
2 74910 74904
2 74884 74882
2 74880 74878
2 74873 74848
2 74845 74830
2 74823 74819
2 74811 74808
2 74802 74798
2 74760 74755
2 74752 74743
2 74725 74722
2 74719 74718
2 74716 74695
2 74692 74689
2 74681 74677
2 74672 74670
2 74666 74658
2 74625 74624
2 74618 74613
2 74611 74597
2 74593 74581
2 74578 74567
2 74540 74511
2 74509 74508
2 74478 74476
2 74465 74458
2 74436 74432
2 74429 74425
2 74418 74416
2 74405 74404
2 74403 74394
2 74373 74362
2 74349 74345
2 74344 74340
2 74312 74311
2 74291 74277
2 74276 74270
2 74268 74261
2 74255 74249
2 74238 74227
2 74219 74204
2 74199 74188
2 74181 74177
2 74176 74173
2 74158 74135
2 74128 74127
2 74125 74118
2 74114 74101
2 74100 74078
2 74070 74057
2 74053 74044
2 74002 73991
2 73958 73948
2 73947 73915
2 73909 73896
2 73886 73880
2 73863 73860
2 73852 73851
2 73843 73842
2 73837 73832
2 73823 73820
2 73814 73809
2 73803 73796
2 73794 73784
2 73775 73773
2 73772 73768
2 73749 73744
2 73738 73731
2 73729 73728
2 73716 73715
2 73712 73706
2 73702 73663
2 73660 73643
2 73624 73616
2 73614 73607
2 73598 73593
2 73589 73578
2 73537 73532
2 73525 73524
2 73519 73509
2 73508 73507
2 73496 73490
2 73486 73473
2 73467 73465
2 73463 73454
2 73453 73438
2 73428 73422
2 73415 73401
2 73399 73394
2 73390 73379
2 73353 73347
2 73338 73318
2 73317 73315
2 73296 73293
2 73292 73286
2 73282 73272
2 73264 73261
2 73254 73220
2 73216 73214
2 73209 73183
2 73179 73176
2 73145 73143
2 73136 73120
2 73086 73084
2 73070 73068
2 73046 73045
2 73040 73034
2 73027 73006
2 72999 72971
2 72968 72952
2 72949 72913
2 72906 72900
2 72894 72889
2 72870 72853
2 72823 72807
2 72805 72766
2 72742 72739
2 72716 72715
2 72706 72705
2 72703 72679
2 72673 72658
2 72656 72646
2 72625 72608
2 72604 72588
2 72585 72583
2 72575 72558
2 72546 72510
2 72503 72469
2 72453 72427
2 72425 72423
2 72421 72388
2 72370 72364
2 72354 72347
2 72339 72336
2 72324 72323
2 72315 72295
2 72291 72282
2 72249 72246
2 72241 72240
2 72237 72217
2 72202 72191
2 72170 72167
2 72165 72159
2 72145 72138
2 72097 72084
2 72079 72078
2 72068 72033
2 72023 72017
2 71996 71992
2 71981 71973
2 71972 71959
2 71931 71925
2 71918 71910
2 71883 71880
2 71871 71868
2 71860 71855
2 71824 71815
2 71807 71806
2 71801 71800
2 71799 71769
2 71747 71744
2 71740 71725
2 71708 71699
2 71698 71693
2 71688 71671
2 71666 71655
2 71652 71650
2 71647 71636
2 71600 71585
2 71577 71539
2 71529 71519
2 71518 71517
2 71516 71515
2 71514 71509
2 71503 71502
2 71501 71497
2 71479 71475
2 71459 71439
2 71428 71426
2 71416 71406
2 71395 71383
2 71363 71358
2 71326 71322
2 71314 71311
2 71291 71284
2 71281 71278
2 71267 71261
2 71213 71209
2 71183 71166
2 71149 71136
2 71103 71096
2 71088 71079
2 71075 71069
2 71058 71006
2 71004 70993
2 70980 70979
2 70974 70964
2 70958 70954
2 70949 70943
2 70892 70875
2 70874 70856
2 70780 70776
2 70771 70746
2 70738 70728
2 70703 70685
2 70675 70662
2 70659 70647
2 70636 70633
2 70625 70624
2 70618 70617
2 70606 70597
2 70578 70562
2 70558 70550
2 70548 70546
2 70535 70534
2 70522 70512
2 70501 70498
2 70479 70475
2 70455 70443
2 70421 70415
2 70407 70404
2 70399 70385
2 70382 70371
2 70347 70337
2 70335 70328
2 70327 70320
2 70317 70311
2 70304 70301
2 70296 70279
2 70277 70276
2 70260 70259
2 70249 70243
2 70235 70232
2 70228 70217
2 70214 70193
2 70187 70180
2 70174 70172
2 70169 70166
2 70155 70142
2 70113 70102
2 70096 70090
2 70080 70076
2 70075 70070
2 70054 70031
2 70030 70008
2 70007 70000
2 69998 69989
2 69977 69973
2 69968 69962
2 69958 69951
2 69949 69940
2 69929 69905
2 69898 69891
2 69880 69879
2 69866 69844
2 69837 69833
2 69832 69823
2 69816 69812
2 69811 69795
2 69792 69790
2 69764 69756
2 69750 69749
2 69705 69688
2 69678 69671
2 69667 69658
2 69627 69617
2 69608 69605
2 69604 69603
2 69599 69596
2 69588 69584
2 69578 69568
2 69562 69549
2 69543 69521
2 69519 69510
2 69495 69493
2 69474 69465
2 69448 69446
2 69442 69414
2 69383 69378
2 69360 69356
2 69344 69320
2 69318 69314
2 69311 69305
2 69301 69289
2 69281 69279
2 69259 69257
2 69241 69236
2 69225 69221
2 69220 69219
2 69207 69187
2 69174 69147
2 69144 69109
2 69099 69097
2 69088 69081
2 69079 69078
2 69067 69065
2 69057 69050
2 69040 69035
2 69015 69011
2 68996 68987
2 68984 68981
2 68979 68977
2 68963 68932
2 68923 68922
2 68914 68894
2 68878 68826
2 68820 68815
2 68813 68807
2 68798 68797
2 68791 68786
2 68773 68760
2 68755 68746
2 68737 68733
2 68729 68724
2 68718 68700
2 68697 68675
2 68645 68644
2 68640 68634
2 68621 68603
2 68595 68591
2 68576 68554
2 68536 68506
2 68504 68498
2 68492 68480
2 68478 68453
2 68438 68427
2 68421 68417
2 68387 68366
2 68361 68358
2 68357 68355
2 68327 68308
2 68277 68276
2 68267 68265
2 68241 68220
2 68209 68205
2 68198 68195
2 68188 68174
2 68172 68170
2 68169 68165
2 68164 68155
2 68154 68119
2 68110 68098
2 68088 68086
2 68082 68081
2 68069 68063
2 68039 68028
2 68025 68022
2 68007 67955
2 67945 67939
2 67930 67914
2 67900 67899
2 67891 67885
2 67873 67861
2 67859 67855
2 67844 67833
2 67824 67822
2 67816 67806
2 67805 67767
2 67753 67745
2 67742 67737
2 67731 67730
2 67726 67725
2 67717 67685
2 67681 67680
2 67668 67660
2 67651 67646
2 67626 67623
2 67622 67612
2 67602 67586
2 67563 67562
2 67556 67555
2 67550 67549
2 67538 67533
2 67524 67516
2 67505 67498
2 67493 67489
2 67473 67468
2 67464 67457
2 67456 67455
2 67444 67442
2 67441 67439
2 67437 67436
2 67435 67429
2 67425 67419
2 67406 67396
2 67385 67383
2 67377 67372
2 67361 67346
2 67327 67314
2 67310 67294
2 67271 67270
2 67250 67236
2 67226 67225
2 67218 67217
2 67216 67203
2 67194 67190
2 67184 67141
2 67131 67128
2 67125 67124
2 67105 67099
2 67096 67090
2 67077 67066
2 67061 67058
2 67045 67006
2 67003 66999
2 66983 66959
2 66952 66930
2 66922 66911
2 66901 66898
2 66895 66892
2 66890 66888
2 66882 66872
2 66871 66870
2 66854 66846
2 66842 66840
2 66837 66836
2 66831 66813
2 66802 66794
2 66791 66790
2 66782 66756
2 66745 66731
2 66728 66727
2 66726 66724
2 66719 66716
2 66690 66681
2 66675 66669
2 66613 66600
2 66590 66587
2 66574 66572
2 66571 66563
2 66562 66554
2 66551 66548
2 66534 66511
2 66510 66501
2 66484 66483
2 66444 66441
2 66439 66433
2 66417 66390
2 66364 66332
2 66329 66325
2 66302 66280
2 66271 66260
2 66255 66254
2 66251 66249
2 66243 66241
2 66237 66224
2 66217 66212
2 66179 66178
2 66172 66153
2 66149 66148
2 66144 66134
2 66102 66078
2 66072 66066
2 66055 66054
2 66051 66028
2 66027 66014
2 66007 66003
2 66002 66001
2 65955 65933
2 65930 65917
2 65907 65906
2 65903 65895
2 65886 65883
2 65876 65871
2 65867 65853
2 65847 65822
2 65814 65802
2 65797 65789
2 65784 65760
2 65758 65743
2 65730 65716
2 65715 65713
2 65703 65688
2 65680 65676
2 65669 65664
2 65655 65630
2 65627 65600
2 65598 65594
2 65567 65547
2 65542 65532
2 65526 65518
2 65517 65493
2 65487 65482
2 65477 65476
2 65461 65455
2 65452 65449
2 65443 65433
2 65429 65421
2 65417 65400
2 65397 65395
2 65387 65386
2 65383 65344
2 65341 65335
2 65329 65318
2 65311 65308
2 65287 65285
2 65281 65271
2 65263 65260
2 65256 65248
2 65241 65240
2 65239 65237
2 65227 65213
2 65200 65198
2 65180 65157
2 65148 65147
2 65143 65135
2 65134 65128
2 65116 65108
2 65095 65083
2 65075 65069
2 65062 65061
2 65059 65058
2 65057 65036
2 65035 65030
2 65026 65025
2 65004 64995
2 64984 64980
2 64975 64958
2 64950 64936
2 64934 64932
2 64931 64909
2 64901 64895
2 64887 64886
2 64884 64875
2 64871 64853
2 64836 64823
2 64806 64801
2 64738 64719
2 64716 64694
2 64672 64665
2 64662 64657
2 64634 64632
2 64622 64600
2 64589 64565
2 64556 64536
2 64531 64524
2 64519 64509
2 64508 64503
2 64482 64453
2 64452 64449
2 64418 64403
2 64400 64399
2 64397 64396
2 64383 64382
2 64377 64369
2 64368 64366
2 64351 64349
2 64339 64323
2 64321 64320
2 64297 64290
2 64289 64271
2 64265 64256
2 64252 64245
2 64243 64242
2 64240 64237
2 64226 64223
2 64222 64221
2 64210 64197
2 64174 64171
2 64170 64168
2 64148 64146
2 64136 64112
2 64106 64097
2 64091 64081
2 64080 64076
2 64067 64064
2 64048 64042
2 64031 64021
2 64017 64002
2 64000 63975
2 63968 63967
2 63935 63932
2 63922 63908
2 63898 63892
2 63886 63881
2 63875 63838
2 63808 63798
2 63792 63783
2 63780 63769
2 63764 63756
2 63754 63744
2 63730 63722
2 63720 63717
2 63698 63690
2 63682 63676
2 63661 63656
2 63650 63646
2 63634 63611
2 63597 63595
2 63589 63583
2 63559 63558
2 63551 63549
2 63544 63543
2 63538 63535
2 63531 63515
2 63513 63501
2 63490 63486
2 63475 63468
2 63452 63445
2 63441 63436
2 63409 63401
2 63392 63377
2 63374 63362
2 63360 63356
2 63344 63338
2 63324 63306
2 63300 63299
2 63289 63281
2 63247 63245
2 63234 63233
2 63219 63217
2 63210 63209
2 63194 63178
2 63177 63150
2 63147 63143
2 63138 63122
2 63119 63099
2 63085 63052
2 63042 63036
2 63024 62971
2 62937 62936
2 62935 62898
2 62883 62872
2 62871 62863
2 62853 62845
2 62834 62832
2 62822 62820
2 62816 62810
2 62799 62797
2 62795 62785
2 62771 62756
2 62752 62732
2 62730 62715
2 62713 62705
2 62658 62649
2 62645 62628
2 62615 62602
2 62592 62585
2 62578 62571
2 62562 62557
2 62533 62521
2 62512 62510
2 62509 62501
2 62494 62493
2 62489 62477
2 62463 62461
2 62445 62426
2 62425 62423
2 62405 62399
2 62398 62394
2 62382 62380
2 62371 62368
2 62364 62351
2 62345 62311
2 62299 62269
2 62264 62260
2 62258 62249
2 62236 62222
2 62210 62208
2 62197 62186
2 62185 62179
2 62160 62150
2 62149 62148
2 62146 62145
2 62142 62138
2 62132 62111
2 62110 62086
2 62076 62075
2 62069 62067
2 62062 62054
2 62052 62040
2 62024 62023
2 62015 62001
2 61995 61965
2 61958 61920
2 61905 61870
2 61863 61843
2 61841 61815
2 61811 61806
2 61797 61778
2 61759 61757
2 61746 61681
2 61679 61665
2 61662 61655
2 61644 61642
2 61630 61628
2 61614 61612
2 61608 61605
2 61601 61599
2 61592 61573
2 61571 61561
2 61543 61539
2 61515 61497
2 61479 61457
2 61452 61443
2 61430 61427
2 61415 61405
2 61396 61380
2 61377 61363
2 61361 61358
2 61352 61348
2 61344 61341
2 61337 61328
2 61319 61314
2 61312 61297
2 61273 61266
2 61252 61245
2 61244 61241
2 61237 61235
2 61229 61206
2 61205 61197
2 61188 61187
2 61176 61169
2 61166 61164
2 61161 61159
2 61147 61141
2 61138 61121
2 61120 61116
2 61106 61101
2 61085 61080
2 61072 61070
2 61066 61064
2 61060 61039
2 61037 61026
2 61025 61021
2 61012 60994
2 60984 60981
2 60980 60966
2 60959 60944
2 60937 60927
2 60926 60915
2 60904 60882
2 60874 60873
2 60872 60864
2 60855 60839
2 60838 60836
2 60834 60814
2 60812 60809
2 60803 60771
2 60768 60766
2 60758 60740
2 60720 60695
2 60680 60670
2 60668 60665
2 60661 60652
2 60609 60602
2 60599 60584
2 60582 60576
2 60572 60569
2 60568 60555
2 60543 60540
2 60534 60533
2 60529 60526
2 60524 60510
2 60503 60498
2 60490 60488
2 60487 60485
2 60473 60468
2 60458 60456
2 60444 60436
2 60413 60389
2 60385 60376
2 60372 60344
2 60323 60302
2 60297 60295
2 60293 60292
2 60282 60276
2 60275 60263
2 60261 60234
2 60220 60218
2 60215 60200
2 60194 60192
2 60186 60185
2 60173 60169
2 60166 60164
2 60149 60133
2 60122 60109
2 60102 60096
2 60081 60033
2 60030 60019
2 60010 60008
2 59991 59986
2 59970 59943
2 59937 59930
2 59919 59911
2 59910 59902
2 59893 59880
2 59876 59864
2 59856 59852
2 59842 59833
2 59809 59806
2 59804 59797
2 59796 59786
2 59780 59779
2 59776 59768
2 59766 59749
2 59716 59714
2 59703 59691
2 59656 59643
2 59625 59615
2 59607 59593
2 59588 59583
2 59582 59581
2 59578 59562
2 59554 59525
2 59524 59519
2 59509 59491
2 59483 59473
2 59469 59463
2 59460 59433
2 59424 59420
2 59392 59349
2 59326 59324
2 59310 59309
2 59284 59273
2 59263 59261
2 59260 59256
2 59239 59238
2 59232 59229
2 59220 59213
2 59206 59203
2 59201 59190
2 59181 59177
2 59162 59156
2 59154 59153
2 59147 59130
2 59111 59068
2 59055 59051
2 59050 59045
2 59027 59017
2 59013 59001
2 59000 58989
2 58985 58984
2 58979 58965
2 58953 58948
2 58933 58926
2 58904 58899
2 58898 58897
2 58883 58879
2 58873 58872
2 58868 58866
2 58851 58844
2 58823 58800
2 58798 58797
2 58796 58794
2 58783 58779
2 58770 58756
2 58734 58731
2 58728 58726
2 58711 58703
2 58689 58673
2 58667 58660
2 58646 58643
2 58639 58638
2 58632 58630
2 58628 58615
2 58578 58573
2 58567 58558
2 58542 58537
2 58533 58528
2 58515 58512
2 58509 58489
2 58474 58461
2 58458 58450
2 58446 58435
2 58431 58429
2 58400 58383
2 58379 58367
2 58359 58356
2 58341 58325
2 58321 58296
2 58282 58267
2 58260 58253
2 58248 58244
2 58238 58236
2 58225 58212
2 58210 58197
2 58193 58186
2 58176 58175
2 58164 58159
2 58155 58153
2 58152 58138
2 58134 58121
2 58118 58115
2 58107 58093
2 58091 58088
2 58073 58068
2 58064 58058
2 58024 58012
2 58008 57998
2 57984 57970
2 57969 57960
2 57959 57957
2 57942 57940
2 57934 57929
2 57917 57914
2 57908 57907
2 57904 57859
2 57856 57844
2 57842 57835
2 57834 57832
2 57828 57816
2 57798 57793
2 57778 57762
2 57753 57750
2 57748 57724
2 57718 57712
2 57710 57709
2 57705 57694
2 57691 57670
2 57659 57654
2 57647 57644
2 57642 57636
2 57634 57618
2 57607 57604
2 57597 57589
2 57583 57577
2 57575 57570
2 57562 57535
2 57513 57511
2 57488 57447
2 57437 57423
2 57388 57379
2 57363 57356
2 57335 57332
2 57319 57314
2 57310 57309
2 57297 57296
2 57276 57263
2 57258 57235
2 57226 57221
2 57207 57198
2 57194 57175
2 57164 57157
2 57134 57130
2 57110 57095
2 57093 57092
2 57062 57061
2 57016 57010
2 56998 56984
2 56970 56969
2 56965 56943
2 56933 56921
2 56902 56896
2 56893 56889
2 56886 56871
2 56854 56849
2 56845 56818
2 56808 56805
2 56793 56778
2 56777 56758
2 56751 56740
2 56729 56726
2 56719 56695
2 56694 56660
2 56657 56651
2 56642 56627
2 56616 56613
2 56603 56599
2 56595 56591
2 56581 56569
2 56566 56552
2 56542 56537
2 56536 56533
2 56509 56506
2 56495 56493
2 56492 56491
2 56468 56462
2 56455 56452
2 56450 56432
2 56421 56362
2 56360 56354
2 56332 56287
2 56274 56260
2 56256 56255
2 56242 56241
2 56230 56220
2 56211 56194
2 56191 56190
2 56186 56181
2 56180 56177
2 56172 56160
2 56155 56153
2 56120 56117
2 56115 56113
2 56083 56079
2 56075 56065
2 56060 56055
2 56052 56041
2 56035 56033
2 56020 55993
2 55990 55978
2 55975 55973
2 55972 55968
2 55955 55954
2 55953 55934
2 55928 55924
2 55912 55887
2 55884 55857
2 55856 55850
2 55845 55833
2 55825 55823
2 55817 55808
2 55801 55775
2 55767 55762
2 55746 55725
2 55712 55704
2 55703 55684
2 55661 55658
2 55621 55601
2 55582 55562
2 55558 55523
2 55522 55517
2 55478 55453
2 55451 55448
2 55434 55406
2 55395 55388
2 55387 55377
2 55372 55369
2 55361 55355
2 55352 55308
2 55305 55302
2 55295 55287
2 55282 55281
2 55277 55257
2 55252 55237
2 55197 55177
2 55160 55144
2 55142 55136
2 55134 55126
2 55123 55102
2 55093 55084
2 55072 55065
2 55064 55057
2 55055 55041
2 55039 55034
2 55024 55012
2 54998 54985
2 54976 54946
2 54934 54923
2 54907 54896
2 54883 54882
2 54857 54856
2 54852 54840
2 54832 54822
2 54814 54801
2 54796 54781
2 54756 54741
2 54731 54722
2 54714 54712
2 54709 54702
2 54701 54696
2 54692 54674
2 54666 54650
2 54633 54626
2 54619 54605
2 54587 54578
2 54566 54553
2 54547 54546
2 54531 54513
2 54506 54501
2 54489 54470
2 54466 54441
2 54419 54411
2 54409 54388
2 54377 54373
2 54371 54363
2 54353 54325
2 54323 54268
2 54263 54262
2 54255 54253
2 54249 54225
2 54204 54182
2 54177 54162
2 54138 54135
2 54134 54132
2 54131 54122
2 54113 54104
2 54086 54082
2 54076 54072
2 54071 54065
2 54049 54038
2 54035 54024
2 54020 54012
2 54009 53995
2 53991 53987
2 53983 53951
2 53942 53937
2 53926 53925
2 53905 53902
2 53892 53881
2 53880 53879
2 53876 53815
2 53795 53792
2 53780 53762
2 53761 53741
2 53730 53723
2 53710 53702
2 53701 53692
2 53691 53685
2 53666 53658
2 53652 53631
2 53629 53612
2 53610 53598
2 53592 53591
2 53585 53582
2 53569 53562
2 53554 53550
2 53541 53536
2 53533 53524
2 53519 53516
2 53514 53512
2 53508 53468
2 53465 53455
2 53454 53442
2 53440 53413
2 53412 53405
2 53404 53400
2 53396 53388
2 53380 53376
2 53353 53348
2 53343 53339
2 53335 53323
2 53320 53315
2 53311 53290
2 53287 53271
2 53268 53263
2 53242 53239
2 53229 53217
2 53211 53202
2 53197 53192
2 53184 53178
2 53174 53155
2 53150 53147
2 53140 53137
2 53127 53121
2 53119 53101
2 53098 53092
2 53090 53084
2 53078 53045
2 53042 53026
2 53012 52985
2 52979 52964
2 52954 52953
2 52925 52903
2 52902 52897
2 52896 52880
2 52868 52841
2 52831 52815
2 52772 52765
2 52760 52741
2 52740 52718
2 52702 52684
2 52680 52679
2 52663 52659
2 52654 52650
2 52644 52643
2 52637 52628
2 52627 52620
2 52614 52613
2 52596 52586
2 52582 52574
2 52555 52552
2 52544 52522
2 52511 52503
2 52495 52484
2 52482 52480
2 52455 52452
2 52443 52442
2 52441 52433
2 52412 52367
2 52363 52357
2 52348 52347
2 52333 52320
2 52319 52307
2 52305 52302
2 52296 52267
2 52260 52250
2 52247 52230
2 52207 52202
2 52199 52158
2 52151 52146
2 52136 52133
2 52131 52116
2 52102 52099
2 52094 52093
2 52086 52083
2 52081 52080
2 52058 52046
2 52045 52044
2 52042 52028
2 52027 52019
2 52005 52004
2 51992 51968
2 51963 51957
2 51954 51941
2 51935 51934
2 51933 51931
2 51929 51918
2 51901 51888
2 51876 51865
2 51864 51860
2 51843 51836
2 51832 51828
2 51825 51820
2 51784 51773
2 51765 51761
2 51745 51740
2 51734 51719
2 51713 51710
2 51709 51700
2 51694 51680
2 51676 51663
2 51646 51615
2 51596 51594
2 51586 51565
2 51540 51477
2 51469 51468
2 51446 51440
2 51437 51424
2 51419 51418
2 51411 51406
2 51404 51380
2 51331 51325
2 51324 51316
2 51301 51255
2 51243 51242
2 51234 51224
2 51219 51217
2 51211 51205
2 51188 51173
2 51164 51161
2 51160 51148
2 51146 51144
2 51140 51105
2 51104 51056
2 51046 51029
2 51005 51001
2 50979 50971
2 50949 50933
2 50889 50874
2 50869 50862
2 50860 50857
2 50850 50820
2 50808 50792
2 50783 50779
2 50768 50757
2 50756 50755
2 50729 50716
2 50701 50699
2 50696 50684
2 50679 50666
2 50640 50639
2 50628 50624
2 50623 50614
2 50580 50573
2 50567 50562
2 50558 50552
2 50548 50535
2 50519 50514
2 50507 50505
2 50495 50489
2 50481 50475
2 50470 50468
2 50463 50459
2 50451 50449
2 50446 50437
2 50435 50404
2 50396 50391
2 50384 50381
2 50344 50338
2 50336 50330
2 50305 50304
2 50295 50273
2 50270 50265
2 50260 50235
2 50227 50225
2 50193 50161
2 50131 50127
2 50125 50097
2 50087 50081
2 50065 50057
2 50053 50041
2 50029 50023
2 50022 50013
2 50012 50001
2 49996 49992
2 49988 49977
2 49971 49970
2 49961 49959
2 49957 49954
2 49949 49947
2 49919 49909
2 49901 49892
2 49881 49877
2 49852 49842
2 49838 49832
2 49830 49812
2 49808 49805
2 49776 49775
2 49774 49773
2 49760 49754
2 49728 49682
2 49663 49619
2 49599 49594
2 49587 49582
2 49547 49532
2 49515 49504
2 49500 49495
2 49491 49487
2 49480 49475
2 49470 49463
2 49462 49446
2 49444 49411
2 49400 49398
2 49387 49383
2 49378 49364
2 49363 49362
2 49360 49359
2 49358 49356
2 49340 49330
2 49322 49302
2 49285 49275
2 49261 49255
2 49249 49248
2 49246 49244
2 49228 49217
2 49215 49209
2 49200 49196
2 49185 49184
2 49181 49179
2 49178 49166
2 49165 49152
2 49122 49108
2 49104 49097
2 49095 49084
2 49066 49064
2 49060 49053
2 49045 49040
2 49021 49017
2 48997 48995
2 48994 48988
2 48984 48979
2 48977 48974
2 48949 48946
2 48939 48932
2 48922 48916
2 48910 48905
2 48898 48886
2 48876 48862
2 48853 48845
2 48838 48831
2 48819 48806
2 48805 48800
2 48798 48797
2 48785 48784
2 48751 48747
2 48732 48730
2 48729 48720
2 48705 48695
2 48686 48680
2 48671 48670
2 48668 48652
2 48642 48641
2 48616 48614
2 48610 48609
2 48607 48599
2 48587 48570
2 48561 48560
2 48551 48543
2 48525 48514
2 48486 48477
2 48468 48456
2 48452 48445
2 48439 48435
2 48425 48415
2 48394 48391
2 48376 48365
2 48362 48357
2 48352 48339
2 48333 48326
2 48308 48303
2 48301 48289
2 48283 48271
2 48268 48257
2 48240 48239
2 48238 48229
2 48224 48220
2 48207 48205
2 48198 48192
2 48191 48190
2 48189 48180
2 48161 48148
2 48117 48109
2 48077 48074
2 48054 48048
2 48035 48025
2 48016 48011
2 48006 48005
2 47988 47974
2 47948 47940
2 47934 47921
2 47916 47912
2 47908 47895
2 47888 47885
2 47881 47859
2 47857 47851
2 47847 47841
2 47834 47833
2 47829 47816
2 47813 47804
2 47802 47753
2 47744 47731
2 47715 47705
2 47699 47694
2 47686 47682
2 47670 47663
2 47655 47647
2 47633 47620
2 47614 47599
2 47581 47575
2 47566 47562
2 47559 47556
2 47551 47524
2 47522 47519
2 47513 47510
2 47483 47482
2 47476 47470
2 47462 47461
2 47459 47452
2 47449 47448
2 47419 47418
2 47417 47408
2 47407 47398
2 47370 47368
2 47366 47360
2 47355 47334
2 47327 47323
2 47308 47307
2 47290 47284
2 47262 47259
2 47258 47237
2 47233 47205
2 47201 47200
2 47199 47184
2 47173 47172
2 47161 47157
2 47153 47145
2 47111 47106
2 47103 47092
2 47091 47086
2 47078 47069
2 47066 47044
2 47040 47038
2 47035 47031
2 47030 47026
2 47019 47018
2 47013 47005
2 46998 46995
2 46990 46983
2 46971 46970
2 46967 46966
2 46962 46942
2 46933 46930
2 46921 46920
2 46918 46911
2 46900 46893
2 46883 46859
2 46852 46834
2 46831 46815
2 46795 46785
2 46773 46760
2 46752 46745
2 46740 46716
2 46709 46706
2 46685 46681
2 46680 46669
2 46650 46648
2 46616 46606
2 46604 46598
2 46584 46579
2 46577 46565
2 46541 46513
2 46494 46488
2 46480 46476
2 46471 46468
2 46467 46443
2 46441 46428
2 46423 46407
2 46404 46402
2 46401 46392
2 46382 46380
2 46379 46357
2 46352 46318
2 46313 46308
2 46300 46297
2 46294 46289
2 46281 46280
2 46270 46265
2 46264 46248
2 46243 46237
2 46235 46224
2 46221 46209
2 46200 46192
2 46190 46173
2 46153 46150
2 46146 46132
2 46131 46129
2 46110 46100
2 46093 46082
2 46080 46076
2 46075 46055
2 46039 46035
2 46022 46020
2 46000 45986
2 45980 45976
2 45974 45955
2 45941 45938
2 45936 45932
2 45929 45925
2 45910 45889
2 45883 45882
2 45879 45873
2 45872 45855
2 45853 45842
2 45838 45836
2 45830 45814
2 45774 45763
2 45759 45742
2 45740 45731
2 45726 45723
2 45710 45709
2 45705 45683
2 45678 45668
2 45641 45639
2 45637 45616
2 45611 45607
2 45595 45588
2 45587 45581
2 45579 45575
2 45567 45552
2 45549 45531
2 45526 45525
2 45500 45496
2 45488 45471
2 45465 45457
2 45441 45412
2 45400 45396
2 45384 45374
2 45367 45363
2 45340 45322
2 45308 45297
2 45294 45292
2 45291 45289
2 45285 45282
2 45256 45237
2 45212 45211
2 45207 45205
2 45177 45165
2 45163 45162
2 45156 45154
2 45153 45130
2 45129 45126
2 45111 45098
2 45093 45083
2 45070 45035
2 45027 45023
2 45017 45002
2 44994 44989
2 44988 44973
2 44966 44964
2 44955 44953
2 44913 44909
2 44871 44869
2 44842 44808
2 44785 44781
2 44761 44757
2 44754 44740
2 44734 44705
2 44701 44689
2 44671 44655
2 44652 44647
2 44639 44636
2 44633 44627
2 44607 44600
2 44597 44588
2 44557 44553
2 44549 44542
2 44531 44528
2 44512 44506
2 44495 44485
2 44476 44474
2 44461 44457
2 44429 44421
2 44410 44385
2 44375 44373
2 44348 44344
2 44318 44314
2 44305 44282
2 44281 44272
2 44266 44235
2 44215 44213
2 44210 44195
2 44192 44190
2 44187 44178
2 44177 44176
2 44175 44172
2 44148 44126
2 44120 44112
2 44111 44105
2 44097 44095
2 44060 44056
2 44055 44049
2 44048 44025
2 44023 44021
2 44009 43993
2 43977 43972
2 43952 43949
2 43948 43939
2 43936 43921
2 43893 43890
2 43885 43869
2 43866 43855
2 43841 43833
2 43821 43817
2 43809 43794
2 43788 43785
2 43784 43779
2 43760 43729
2 43722 43720
2 43717 43711
2 43708 43701
2 43669 43659
2 43657 43656
2 43646 43619
2 43613 43597
2 43595 43588
2 43570 43561
2 43558 43556
2 43553 43550
2 43547 43545
2 43537 43533
2 43531 43519
2 43471 43459
2 43454 43444
2 43443 43439
2 43430 43424
2 43421 43404
2 43403 43391
2 43383 43359
2 43350 43314
2 43307 43293
2 43290 43276
2 43269 43237
2 43234 43215
2 43171 43168
2 43165 43155
2 43145 43138
2 43136 43108
2 43081 43056
2 43032 43019
2 43017 43015
2 43008 43002
2 42995 42978
2 42975 42965
2 42946 42942
2 42907 42905
2 42894 42843
2 42825 42816
2 42777 42773
2 42770 42757
2 42751 42745
2 42744 42736
2 42732 42727
2 42713 42707
2 42699 42687
2 42681 42677
2 42664 42644
2 42639 42635
2 42620 42602
2 42595 42592
2 42584 42582
2 42580 42579
2 42572 42561
2 42557 42556
2 42553 42537
2 42534 42526
2 42521 42520
2 42512 42511
2 42507 42490
2 42488 42469
2 42467 42466
2 42458 42456
2 42455 42450
2 42436 42433
2 42422 42411
2 42406 42405
2 42388 42377
2 42363 42359
2 42336 42328
2 42319 42312
2 42310 42298
2 42291 42289
2 42273 42272
2 42271 42250
2 42246 42244
2 42233 42220
2 42206 42183
2 42182 42180
2 42177 42172
2 42163 42154
2 42147 42144
2 42143 42132
2 42129 42126
2 42125 42096
2 42076 42068
2 42046 42045
2 42038 42036
2 42032 42028
2 42023 42018
2 42008 41993
2 41971 41966
2 41962 41960
2 41949 41948
2 41945 41933
2 41925 41921
2 41911 41890
2 41887 41886
2 41883 41873
2 41870 41869
2 41858 41847
2 41840 41837
2 41835 41828
2 41819 41791
2 41773 41769
2 41768 41763
2 41759 41729
2 41713 41709
2 41694 41679
2 41677 41668
2 41653 41643
2 41640 41635
2 41629 41622
2 41620 41616
2 41594 41586
2 41571 41554
2 41548 41544
2 41530 41526
2 41509 41508
2 41503 41494
2 41474 41471
2 41453 41452
2 41449 41445
2 41444 41434
2 41430 41428
2 41414 41396
2 41394 41386
2 41383 41374
2 41362 41336
2 41334 41309
2 41262 41251
2 41248 41247
2 41246 41223
2 41214 41176
2 41159 41145
2 41129 41127
2 41122 41117
2 41114 41110
2 41109 41093
2 41091 41086
2 41062 41054
2 41048 41034
2 41015 41014
2 41011 41008
2 41006 40997
2 40991 40968
2 40961 40956
2 40955 40954
2 40953 40936
2 40918 40904
2 40869 40868
2 40863 40858
2 40856 40850
2 40848 40838
2 40804 40788
2 40754 40743
2 40741 40738
2 40734 40729
2 40723 40717
2 40712 40691
2 40686 40679
2 40667 40662
2 40660 40646
2 40630 40628
2 40608 40600
2 40595 40588
2 40554 40544
2 40543 40526
2 40505 40495
2 40472 40461
2 40452 40446
2 40431 40430
2 40418 40416
2 40415 40411
2 40405 40399
2 40389 40383
2 40377 40371
2 40366 40353
2 40352 40338
2 40330 40318
2 40317 40316
2 40311 40310
2 40307 40295
2 40293 40274
2 40258 40257
2 40256 40252
2 40232 40225
2 40222 40193
2 40189 40186
2 40184 40176
2 40155 40143
2 40118 40110
2 40105 40094
2 40090 40068
2 40066 40061
2 40055 40040
2 40023 40020
2 40019 40013
2 40004 39997
2 39969 39950
2 39947 39919
2 39914 39913
2 39910 39893
2 39892 39863
2 39858 39854
2 39834 39818
2 39812 39790
2 39782 39780
2 39778 39774
2 39773 39769
2 39759 39753
2 39752 39750
2 39737 39733
2 39718 39712
2 39706 39701
2 39690 39677
2 39675 39649
2 39644 39632
2 39629 39624
2 39620 39619
2 39617 39609
2 39597 39586
2 39584 39569
2 39558 39554
2 39538 39534
2 39529 39520
2 39519 39514
2 39510 39496
2 39487 39469
2 39463 39460
2 39457 39450
2 39448 39447
2 39429 39415
2 39414 39413
2 39401 39394
2 39388 39387
2 39386 39384
2 39343 39342
2 39334 39308
2 39303 39302
2 39299 39283
2 39275 39271
2 39258 39252
2 39250 39243
2 39241 39235
2 39229 39211
2 39207 39205
2 39202 39200
2 39188 39187
2 39178 39167
2 39164 39161
2 39149 39143
2 39111 39101
2 39098 39097
2 39085 39071
2 39069 39062
2 39059 39050
2 39044 39041
2 39030 39025
2 39014 39001
2 38999 38998
2 38987 38982
2 38957 38953
2 38944 38933
2 38926 38925
2 38895 38890
2 38881 38844
2 38838 38824
2 38806 38799
2 38798 38786
2 38785 38782
2 38781 38771
2 38740 38739
2 38737 38730
2 38727 38715
2 38710 38705
2 38690 38670
2 38653 38646
2 38642 38627
2 38624 38615
2 38614 38606
2 38604 38601
2 38598 38596
2 38591 38590
2 38585 38552
2 38540 38521
2 38519 38513
2 38510 38509
2 38493 38478
2 38469 38461
2 38458 38442
2 38421 38415
2 38406 38405
2 38399 38380
2 38370 38362
2 38345 38316
2 38291 38290
2 38279 38278
2 38265 38225
2 38224 38215
2 38191 38179
2 38173 38167
2 38158 38136
2 38135 38131
2 38122 38094
2 38083 38077
2 38074 38067
2 38059 38058
2 38051 38047
2 38039 38035
2 38019 38008
2 37999 37984
2 37962 37949
2 37945 37934
2 37921 37914
2 37907 37897
2 37889 37872
2 37870 37864
2 37857 37850
2 37843 37837
2 37832 37829
2 37820 37817
2 37813 37810
2 37802 37784
2 37763 37759
2 37758 37757
2 37743 37742
2 37738 37729
2 37728 37698
2 37685 37665
2 37663 37647
2 37639 37638
2 37624 37620
2 37610 37580
2 37577 37570
2 37567 37563
2 37562 37561
2 37557 37528
2 37513 37512
2 37506 37488
2 37480 37479
2 37454 37439
2 37435 37422
2 37394 37390
2 37384 37376
2 37370 37365
2 37361 37344
2 37336 37333
2 37322 37310
2 37295 37293
2 37282 37249
2 37231 37216
2 37211 37204
2 37198 37186
2 37168 37154
2 37149 37148
2 37135 37132
2 37121 37101
2 37095 37091
2 37081 37076
2 37073 37048
2 37047 37034
2 37030 37028
2 37027 37015
2 37012 37011
2 37005 37001
2 36999 36995
2 36983 36970
2 36967 36958
2 36953 36941
2 36940 36937
2 36933 36927
2 36926 36924
2 36920 36905
2 36904 36901
2 36898 36884
2 36881 36867
2 36862 36857
2 36851 36832
2 36823 36808
2 36801 36797
2 36786 36783
2 36780 36772
2 36764 36746
2 36741 36737
2 36733 36725
2 36721 36717
2 36712 36670
2 36665 36658
2 36642 36628
2 36617 36614
2 36589 36578
2 36574 36561
2 36536 36535
2 36530 36522
2 36520 36519
2 36516 36504
2 36501 36496
2 36487 36482
2 36464 36462
2 36460 36455
2 36453 36451
2 36432 36427
2 36423 36415
2 36403 36388
2 36387 36384
2 36375 36373
2 36358 36357
2 36354 36352
2 36326 36286
2 36284 36283
2 36281 36271
2 36270 36253
2 36241 36237
2 36235 36226
2 36221 36218
2 36216 36214
2 36191 36190
2 36185 36173
2 36171 36164
2 36142 36120
2 36106 36100
2 36098 36097
2 36081 36074
2 36045 36023
2 36017 36011
2 36001 36000
2 35997 35992
2 35976 35969
2 35964 35960
2 35945 35935
2 35909 35895
2 35889 35888
2 35885 35883
2 35872 35865
2 35858 35849
2 35841 35807
2 35803 35801
2 35796 35793
2 35792 35788
2 35786 35776
2 35759 35755
2 35752 35747
2 35734 35733
2 35710 35709
2 35706 35703
2 35701 35696
2 35690 35680
2 35675 35662
2 35661 35633
2 35624 35617
2 35607 35605
2 35589 35580
2 35562 35553
2 35552 35537
2 35527 35522
2 35521 35502
2 35496 35489
2 35483 35473
2 35472 35461
2 35453 35449
2 35447 35442
2 35438 35437
2 35436 35424
2 35422 35418
2 35413 35407
2 35400 35397
2 35381 35375
2 35362 35341
2 35340 35335
2 35331 35307
2 35300 35288
2 35286 35285
2 35279 35276
2 35267 35236
2 35214 35195
2 35164 35136
2 35130 35127
2 35121 35118
2 35101 35100
2 35089 35087
2 35086 35060
2 35042 35036
2 35035 35031
2 35024 35011
2 34996 34993
2 34988 34972
2 34947 34945
2 34936 34904
2 34901 34885
2 34880 34870
2 34855 34852
2 34849 34835
2 34765 34759
2 34758 34754
2 34740 34732
2 34728 34697
2 34687 34672
2 34631 34622
2 34619 34618
2 34614 34607
2 34600 34595
2 34590 34583
2 34568 34563
2 34550 34547
2 34531 34526
2 34518 34517
2 34495 34491
2 34483 34476
2 34462 34455
2 34433 34414
2 34413 34408
2 34406 34400
2 34398 34395
2 34392 34384
2 34382 34375
2 34365 34360
2 34355 34354
2 34352 34341
2 34338 34312
2 34303 34293
2 34283 34268
2 34260 34257
2 34246 34224
2 34221 34216
2 34208 34202
2 34167 34161
2 34153 34151
2 34139 34126
2 34113 34111
2 34091 34089
2 34088 34079
2 34070 34060
2 34056 34055
2 34040 34020
2 34008 33957
2 33956 33950
2 33946 33941
2 33913 33904
2 33900 33884
2 33877 33866
2 33841 33836
2 33831 33814
2 33813 33801
2 33800 33797
2 33793 33783
2 33782 33781
2 33771 33766
2 33740 33709
2 33704 33694
2 33679 33675
2 33668 33666
2 33659 33651
2 33632 33611
2 33610 33609
2 33603 33598
2 33587 33584
2 33583 33577
2 33565 33557
2 33537 33524
2 33518 33503
2 33486 33472
2 33471 33464
2 33456 33428
2 33427 33425
2 33420 33419
2 33417 33402
2 33398 33370
2 33369 33367
2 33348 33345
2 33332 33328
2 33321 33318
2 33313 33306
2 33297 33275
2 33274 33273
2 33242 33228
2 33224 33218
2 33215 33211
2 33208 33205
2 33198 33190
2 33176 33169
2 33165 33156
2 33095 33085
2 33081 33071
2 33067 33063
2 33040 33028
2 33024 33012
2 33004 33001
2 32992 32985
2 32973 32969
2 32963 32941
2 32935 32926
2 32919 32918
2 32912 32900
2 32895 32885
2 32884 32881
2 32857 32852
2 32846 32844
2 32817 32795
2 32793 32777
2 32774 32767
2 32759 32725
2 32717 32707
2 32688 32672
2 32660 32658
2 32645 32632
2 32606 32568
2 32563 32558
2 32553 32552
2 32548 32526
2 32525 32523
2 32517 32513
2 32492 32484
2 32483 32462
2 32454 32449
2 32448 32427
2 32425 32420
2 32416 32403
2 32400 32399
2 32397 32385
2 32384 32374
2 32357 32349
2 32341 32314
2 32307 32305
2 32299 32298
2 32266 32259
2 32252 32248
2 32229 32221
2 32219 32204
2 32172 32146
2 32144 32132
2 32130 32122
2 32113 32105
2 32102 32099
2 32094 32086
2 32068 32065
2 32059 32058
2 32041 32040
2 32016 32007
2 32006 32003
2 31997 31992
2 31983 31969
2 31954 31946
2 31944 31942
2 31914 31904
2 31895 31842
2 31825 31814
2 31808 31802
2 31780 31747
2 31737 31723
2 31693 31650
2 31642 31640
2 31637 31634
2 31622 31621
2 31604 31603
2 31586 31584
2 31559 31547
2 31534 31516
2 31514 31490
2 31478 31477
2 31453 31438
2 31437 31424
2 31418 31415
2 31396 31392
2 31384 31379
2 31378 31375
2 31364 31353
2 31333 31326
2 31315 31279
2 31264 31261
2 31242 31241
2 31231 31224
2 31194 31175
2 31139 31131
2 31127 31120
2 31101 31093
2 31086 31076
2 31050 31049
2 31030 31021
2 30971 30948
2 30938 30935
2 30918 30914
2 30901 30895
2 30878 30871
2 30844 30843
2 30831 30829
2 30821 30815
2 30781 30768
2 30759 30746
2 30724 30712
2 30701 30687
2 30674 30672
2 30661 30657
2 30655 30649
2 30647 30636
2 30627 30582
2 30540 30498
2 30491 30479
2 30474 30458
2 30455 30452
2 30444 30443
2 30428 30423
2 30422 30414
2 30410 30407
2 30368 30345
2 30336 30296
2 30288 30279
2 30270 30269
2 30256 30255
2 30241 30234
2 30230 30226
2 30225 30215
2 30210 30207
2 30206 30203
2 30199 30192
2 30189 30185
2 30159 30141
2 30135 30115
2 30110 30109
2 30097 30085
2 30045 30042
2 30030 30016
2 30015 30014
2 30008 29998
2 29995 29992
2 29970 29969
2 29963 29962
2 29959 29953
2 29934 29929
2 29921 29908
2 29907 29905
2 29890 29887
2 29880 29865
2 29844 29825
2 29823 29817
2 29808 29797
2 29791 29790
2 29777 29775
2 29752 29750
2 29749 29719
2 29707 29706
2 29683 29681
2 29668 29667
2 29644 29623
2 29621 29616
2 29614 29613
2 29606 29603
2 29598 29575
2 29566 29562
2 29528 29524
2 29516 29514
2 29511 29507
2 29493 29492
2 29476 29469
2 29443 29442
2 29441 29435
2 29430 29428
2 29416 29414
2 29413 29400
2 29385 29376
2 29373 29371
2 29368 29366
2 29362 29357
2 29347 29344
2 29335 29328
2 29327 29307
2 29276 29272
2 29263 29259
2 29252 29221
2 29216 29213
2 29203 29199
2 29160 29158
2 29157 29156
2 29150 29130
2 29111 29089
2 29072 29066
2 29059 29049
2 29041 29034
2 29033 29030
2 29018 29007
2 28998 28994
2 28993 28991
2 28967 28965
2 28954 28943
2 28933 28913
2 28910 28884
2 28877 28865
2 28857 28852
2 28850 28848
2 28840 28833
2 28826 28822
2 28807 28790
2 28779 28766
2 28757 28728
2 28727 28705
2 28702 28690
2 28661 28658
2 28653 28651
2 28644 28639
2 28626 28617
2 28606 28601
2 28590 28584
2 28572 28566
2 28557 28556
2 28550 28543
2 28524 28514
2 28502 28500
2 28487 28486
2 28466 28445
2 28430 28417
2 28415 28384
2 28382 28380
2 28375 28353
2 28342 28337
2 28335 28320
2 28305 28284
2 28282 28281
2 28280 28278
2 28258 28252
2 28222 28216
2 28203 28190
2 28181 28172
2 28160 28137
2 28115 28109
2 28094 28081
2 28068 28067
2 28059 28054
2 28047 28041
2 28036 28030
2 28029 28003
2 27997 27994
2 27978 27949
2 27938 27928
2 27914 27907
2 27904 27871
2 27866 27863
2 27860 27832
2 27811 27806
2 27803 27801
2 27796 27792
2 27791 27790
2 27788 27762
2 27761 27759
2 27750 27739
2 27737 27736
2 27735 27726
2 27717 27709
2 27671 27661
2 27660 27642
2 27641 27629
2 27628 27623
2 27622 27615
2 27584 27569
2 27567 27555
2 27553 27546
2 27541 27538
2 27519 27516
2 27485 27458
2 27442 27440
2 27437 27430
2 27426 27401
2 27390 27381
2 27369 27358
2 27355 27344
2 27343 27334
2 27330 27329
2 27311 27308
2 27298 27291
2 27288 27284
2 27261 27255
2 27251 27225
2 27210 27201
2 27200 27190
2 27185 27136
2 27130 27113
2 27099 27072
2 27050 27048
2 27044 27043
2 27036 27004
2 26984 26976
2 26940 26930
2 26926 26918
2 26912 26911
2 26904 26888
2 26885 26882
2 26871 26860
2 26853 26847
2 26842 26832
2 26828 26821
2 26820 26819
2 26818 26817
2 26812 26811
2 26797 26784
2 26783 26779
2 26762 26745
2 26744 26719
2 26702 26682
2 26676 26670
2 26650 26632
2 26625 26617
2 26613 26607
2 26604 26602
2 26601 26597
2 26592 26587
2 26585 26576
2 26575 26562
2 26560 26559
2 26556 26545
2 26529 26524
2 26513 26493
2 26474 26473
2 26466 26457
2 26447 26423
2 26419 26403
2 26396 26370
2 26368 26366
2 26339 26338
2 26335 26334
2 26319 26318
2 26300 26298
2 26284 26267
2 26266 26265
2 26259 26245
2 26233 26226
2 26204 26202
2 26198 26163
2 26144 26139
2 26135 26120
2 26118 26116
2 26113 26102
2 26099 26079
2 26078 26070
2 26061 26057
2 26043 26039
2 26038 26021
2 26018 26017
2 26007 26006
2 25996 25987
2 25978 25967
2 25960 25947
2 25943 25941
2 25939 25935
2 25914 25913
2 25902 25892
2 25887 25882
2 25877 25876
2 25848 25846
2 25833 25820
2 25814 25811
2 25807 25798
2 25790 25788
2 25775 25772
2 25771 25763
2 25761 25753
2 25752 25750
2 25743 25735
2 25731 25730
2 25729 25718
2 25716 25693
2 25685 25673
2 25672 25671
2 25660 25646
2 25636 25628
2 25624 25622
2 25602 25592
2 25591 25590
2 25583 25582
2 25576 25568
2 25557 25541
2 25528 25509
2 25505 25502
2 25481 25465
2 25459 25447
2 25439 25427
2 25411 25410
2 25408 25388
2 25384 25370
2 25361 25347
2 25339 25332
2 25306 25298
2 25254 25245
2 25242 25216
2 25209 25200
2 25195 25184
2 25178 25163
2 25151 25149
2 25142 25135
2 25129 25126
2 25112 25108
2 25107 25093
2 25078 25063
2 25060 25037
2 25028 25014
2 25008 24997
2 24993 24986
2 24982 24969
2 24965 24962
2 24961 24950
2 24947 24934
2 24925 24924
2 24922 24902
2 24899 24880
2 24877 24833
2 24826 24823
2 24822 24808
2 24799 24778
2 24777 24774
2 24771 24766
2 24753 24751
2 24710 24706
2 24697 24687
2 24685 24676
2 24673 24648
2 24635 24623
2 24618 24600
2 24589 24585
2 24582 24559
2 24543 24542
2 24537 24500
2 24494 24491
2 24479 24454
2 24448 24444
2 24422 24417
2 24404 24398
2 24386 24382
2 24364 24326
2 24325 24322
2 24316 24314
2 24308 24293
2 24289 24274
2 24266 24247
2 24234 24230
2 24223 24214
2 24209 24191
2 24178 24167
2 24143 24125
2 24122 24116
2 24109 24108
2 24090 24089
2 24052 24049
2 24042 24038
2 24028 24025
2 24013 24011
2 24006 23997
2 23992 23981
2 23975 23971
2 23961 23959
2 23944 23937
2 23934 23918
2 23915 23906
2 23902 23887
2 23875 23872
2 23865 23863
2 23861 23860
2 23858 23845
2 23828 23823
2 23814 23810
2 23795 23771
2 23765 23755
2 23732 23712
2 23703 23695
2 23667 23666
2 23657 23646
2 23632 23628
2 23626 23623
2 23605 23562
2 23560 23550
2 23544 23541
2 23538 23533
2 23525 23505
2 23497 23495
2 23481 23478
2 23476 23451
2 23437 23403
2 23388 23371
2 23368 23360
2 23354 23348
2 23347 23346
2 23341 23336
2 23314 23311
2 23307 23299
2 23284 23276
2 23269 23261
2 23258 23256
2 23251 23249
2 23248 23237
2 23229 23220
2 23206 23197
2 23192 23167
2 23163 23161
2 23155 23125
2 23122 23120
2 23107 23101
2 23057 23039
2 23030 23021
2 23020 22990
2 22971 22952
2 22935 22933
2 22927 22921
2 22918 22867
2 22865 22862
2 22861 22846
2 22844 22832
2 22808 22804
2 22788 22774
2 22756 22752
2 22719 22715
2 22698 22693
2 22686 22672
2 22670 22663
2 22662 22660
2 22650 22646
2 22644 22624
2 22621 22615
2 22613 22609
2 22608 22592
2 22576 22573
2 22572 22563
2 22558 22550
2 22533 22520
2 22507 22493
2 22488 22461
2 22451 22448
2 22432 22411
2 22409 22401
2 22397 22389
2 22379 22363
2 22361 22347
2 22342 22337
2 22325 22319
2 22310 22294
2 22289 22265
2 22264 22253
2 22252 22244
2 22233 22232
2 22225 22213
2 22212 22207
2 22204 22199
2 22175 22165
2 22157 22153
2 22149 22148
2 22142 22128
2 22124 22116
2 22110 22094
2 22075 22060
2 22058 22056
2 22052 22050
2 22049 22033
2 22024 22021
2 22019 22014
2 22013 21996
2 21990 21982
2 21960 21958
2 21955 21944
2 21930 21913
2 21907 21904
2 21891 21890
2 21887 21873
2 21867 21859
2 21857 21853
2 21852 21846
2 21842 21838
2 21832 21825
2 21806 21801
2 21797 21793
2 21790 21779
2 21778 21762
2 21754 21751
2 21720 21718
2 21713 21712
2 21706 21703
2 21694 21690
2 21686 21680
2 21657 21650
2 21637 21632
2 21631 21625
2 21620 21618
2 21617 21597
2 21583 21576
2 21573 21568
2 21557 21555
2 21547 21541
2 21527 21513
2 21511 21509
2 21495 21492
2 21488 21486
2 21481 21465
2 21452 21450
2 21445 21432
2 21423 21417
2 21400 21396
2 21388 21372
2 21350 21339
2 21335 21327
2 21308 21299
2 21275 21273
2 21271 21268
2 21266 21263
2 21260 21255
2 21248 21240
2 21238 21226
2 21214 21209
2 21207 21181
2 21175 21174
2 21173 21156
2 21145 21133
2 21122 21114
2 21111 21106
2 21102 21098
2 21072 21071
2 21064 21062
2 21061 21033
2 21032 21024
2 21011 20997
2 20995 20965
2 20955 20954
2 20953 20938
2 20929 20919
2 20903 20886
2 20873 20871
2 20854 20853
2 20825 20811
2 20810 20807
2 20799 20797
2 20795 20793
2 20788 20787
2 20785 20780
2 20779 20777
2 20768 20766
2 20764 20756
2 20744 20727
2 20706 20683
2 20664 20655
2 20653 20649
2 20646 20641
2 20627 20612
2 20577 20574
2 20561 20559
2 20547 20543
2 20536 20532
2 20520 20505
2 20493 20486
2 20480 20473
2 20470 20468
2 20458 20452
2 20435 20433
2 20423 20413
2 20403 20402
2 20392 20387
2 20382 20377
2 20355 20352
2 20350 20342
2 20340 20318
2 20299 20284
2 20264 20261
2 20256 20242
2 20240 20238
2 20224 20221
2 20208 20198
2 20191 20189
2 20173 20167
2 20166 20160
2 20159 20148
2 20128 20120
2 20118 20114
2 20089 20068
2 20063 20049
2 20036 20031
2 20019 20007
2 20001 19994
2 19973 19953
2 19944 19942
2 19934 19929
2 19927 19915
2 19903 19884
2 19882 19849
2 19839 19837
2 19816 19815
2 19800 19790
2 19780 19774
2 19764 19752
2 19723 19721
2 19720 19713
2 19697 19696
2 19695 19687
2 19671 19663
2 19662 19653
2 19652 19649
2 19642 19627
2 19622 19615
2 19608 19607
2 19604 19601
2 19590 19583
2 19578 19562
2 19558 19554
2 19509 19491
2 19475 19466
2 19452 19435
2 19425 19420
2 19418 19413
2 19403 19393
2 19392 19391
2 19381 19378
2 19374 19373
2 19356 19354
2 19335 19322
2 19310 19306
2 19296 19289
2 19286 19270
2 19267 19249
2 19232 19224
2 19219 19191
2 19184 19158
2 19157 19142
2 19141 19133
2 19127 19121
2 19117 19109
2 19086 19085
2 19059 19033
2 19032 19028
2 19022 19015
2 18998 18994
2 18980 18975
2 18972 18963
2 18959 18955
2 18940 18930
2 18926 18907
2 18895 18892
2 18890 18887
2 18886 18858
2 18853 18837
2 18836 18827
2 18817 18813
2 18794 18761
2 18747 18746
2 18745 18741
2 18740 18733
2 18716 18701
2 18695 18694
2 18667 18617
2 18602 18599
2 18594 18588
2 18585 18582
2 18569 18555
2 18540 18536
2 18512 18497
2 18492 18489
2 18487 18485
2 18484 18421
2 18409 18399
2 18379 18373
2 18332 18328
2 18316 18311
2 18305 18300
2 18268 18266
2 18265 18264
2 18260 18252
2 18243 18240
2 18234 18227
2 18226 18221
2 18211 18210
2 18207 18199
2 18197 18190
2 18185 18170
2 18166 18162
2 18158 18144
2 18138 18137
2 18125 18120
2 18119 18098
2 18085 18084
2 18077 18072
2 18060 18053
2 18038 18037
2 18032 18030
2 18028 18012
2 18010 18007
2 18002 17999
2 17996 17995
2 17994 17976
2 17950 17949
2 17936 17931
2 17905 17887
2 17883 17877
2 17866 17855
2 17820 17813
2 17805 17789
2 17778 17774
2 17770 17758
2 17755 17745
2 17729 17695
2 17688 17681
2 17679 17676
2 17653 17648
2 17645 17632
2 17622 17619
2 17606 17580
2 17574 17568
2 17559 17556
2 17543 17540
2 17534 17533
2 17527 17526
2 17525 17523
2 17521 17512
2 17509 17490
2 17481 17477
2 17476 17468
2 17458 17448
2 17445 17440
2 17430 17401
2 17398 17384
2 17374 17369
2 17364 17363
2 17361 17355
2 17354 17334
2 17318 17310
2 17300 17279
2 17268 17257
2 17233 17226
2 17220 17216
2 17200 17193
2 17185 17180
2 17171 17170
2 17169 17155
2 17148 17145
2 17141 17121
2 17114 17101
2 17098 17096
2 17094 17087
2 17083 17081
2 17079 17072
2 17054 17051
2 17022 17019
2 17012 16973
2 16961 16958
2 16955 16952
2 16949 16941
2 16937 16935
2 16933 16919
2 16893 16888
2 16886 16878
2 16860 16852
2 16819 16812
2 16808 16807
2 16787 16779
2 16756 16745
2 16730 16705
2 16703 16700
2 16687 16680
2 16669 16658
2 16657 16655
2 16632 16628
2 16616 16601
2 16595 16593
2 16586 16585
2 16584 16565
2 16563 16546
2 16543 16530
2 16528 16519
2 16517 16481
2 16468 16461
2 16453 16451
2 16435 16422
2 16419 16417
2 16411 16406
2 16390 16377
2 16370 16364
2 16362 16350
2 16335 16321
2 16320 16319
2 16313 16310
2 16305 16304
2 16303 16299
2 16295 16277
2 16267 16263
2 16259 16246
2 16245 16230
2 16209 16202
2 16199 16189
2 16178 16151
2 16148 16138
2 16122 16110
2 16090 16078
2 16072 16069
2 16068 16022
2 16021 16018
2 16015 15990
2 15981 15980
2 15964 15956
2 15955 15936
2 15930 15925
2 15919 15910
2 15904 15900
2 15897 15894
2 15890 15887
2 15864 15859
2 15847 15846
2 15836 15817
2 15816 15796
2 15795 15794
2 15776 15775
2 15773 15762
2 15738 15733
2 15724 15721
2 15702 15657
2 15650 15633
2 15627 15622
2 15611 15608
2 15607 15605
2 15601 15556
2 15554 15549
2 15544 15541
2 15530 15522
2 15520 15497
2 15489 15483
2 15477 15475
2 15446 15437
2 15414 15412
2 15405 15393
2 15389 15386
2 15362 15356
2 15323 15321
2 15320 15309
2 15295 15279
2 15275 15269
2 15250 15232
2 15212 15210
2 15206 15200
2 15199 15198
2 15194 15182
2 15176 15167
2 15165 15149
2 15147 15146
2 15143 15124
2 15109 15094
2 15083 15070
2 15068 15060
2 15058 15054
2 15050 15047
2 15046 15038
2 15032 15031
2 15026 15024
2 15022 15021
2 15015 15013
2 15011 15004
2 15000 14995
2 14988 14980
2 14965 14960
2 14948 14945
2 14944 14931
2 14924 14920
2 14903 14899
2 14888 14886
2 14885 14871
2 14867 14863
2 14860 14858
2 14852 14842
2 14832 14806
2 14805 14785
2 14780 14771
2 14768 14731
2 14726 14712
2 14697 14693
2 14692 14683
2 14665 14649
2 14646 14634
2 14616 14602
2 14592 14581
2 14580 14574
2 14572 14563
2 14558 14550
2 14549 14547
2 14545 14532
2 14515 14497
2 14493 14487
2 14485 14462
2 14458 14447
2 14437 14430
2 14403 14390
2 14372 14366
2 14359 14355
2 14348 14347
2 14346 14338
2 14317 14315
2 14292 14287
2 14284 14257
2 14253 14250
2 14246 14233
2 14218 14190
2 14172 14162
2 14161 14160
2 14159 14158
2 14155 14153
2 14133 14128
2 14126 14121
2 14118 14110
2 14105 14085
2 14075 14067
2 14063 14062
2 14043 14041
2 14032 14029
2 14017 14014
2 14011 14001
2 13979 13973
2 13965 13960
2 13955 13942
2 13937 13926
2 13920 13911
2 13909 13895
2 13892 13887
2 13874 13860
2 13837 13832
2 13830 13826
2 13819 13818
2 13813 13810
2 13801 13798
2 13797 13786
2 13781 13770
2 13762 13755
2 13752 13748
2 13731 13727
2 13723 13721
2 13718 13717
2 13713 13702
2 13684 13670
2 13667 13656
2 13652 13638
2 13631 13625
2 13623 13613
2 13580 13563
2 13537 13535
2 13524 13505
2 13502 13500
2 13492 13480
2 13478 13477
2 13476 13462
2 13444 13428
2 13427 13423
2 13421 13415
2 13409 13406
2 13405 13402
2 13400 13393
2 13387 13374
2 13372 13365
2 13357 13301
2 13298 13297
2 13287 13267
2 13254 13246
2 13234 13231
2 13226 13222
2 13205 13197
2 13174 13158
2 13157 13137
2 13130 13128
2 13089 13071
2 13067 13053
2 13038 13033
2 13027 13014
2 12998 12991
2 12983 12968
2 12950 12948
2 12946 12926
2 12889 12877
2 12871 12870
2 12857 12851
2 12850 12847
2 12844 12833
2 12831 12826
2 12823 12812
2 12804 12768
2 12758 12746
2 12742 12732
2 12730 12728
2 12719 12716
2 12709 12687
2 12684 12681
2 12679 12675
2 12673 12670
2 12669 12664
2 12651 12644
2 12627 12620
2 12606 12592
2 12579 12572
2 12557 12553
2 12549 12538
2 12527 12523
2 12499 12491
2 12487 12469
2 12450 12403
2 12402 12392
2 12386 12373
2 12372 12350
2 12349 12342
2 12330 12329
2 12317 12315
2 12310 12297
2 12287 12269
2 12262 12260
2 12251 12218
2 12209 12199
2 12197 12168
2 12155 12137
2 12133 12126
2 12120 12114
2 12112 12110
2 12093 12091
2 12050 12048
2 12047 12045
2 12024 12016
2 11994 11989
2 11987 11983
2 11978 11977
2 11974 11962
2 11956 11925
2 11923 11919
2 11917 11913
2 11912 11905
2 11899 11892
2 11870 11859
2 11857 11856
2 11836 11828
2 11822 11795
2 11710 11706
2 11693 11678
2 11655 11645
2 11635 11621
2 11603 11595
2 11580 11577
2 11575 11547
2 11545 11535
2 11534 11530
2 11524 11521
2 11519 11512
2 11493 11479
2 11472 11471
2 11459 11439
2 11422 11415
2 11401 11394
2 11368 11365
2 11357 11348
2 11342 11338
2 11332 11326
2 11323 11312
2 11285 11261
2 11253 11252
2 11249 11248
2 11246 11238
2 11223 11218
2 11189 11184
2 11181 11156
2 11138 11136
2 11135 11126
2 11112 11106
2 11104 11097
2 11096 11089
2 11053 11048
2 11047 11022
2 11014 10966
2 10959 10956
2 10955 10940
2 10937 10913
2 10907 10901
2 10890 10889
2 10878 10872
2 10853 10812
2 10799 10786
2 10785 10782
2 10771 10770
2 10765 10750
2 10740 10734
2 10732 10725
2 10716 10709
2 10697 10688
2 10683 10673
2 10659 10651
2 10647 10643
2 10631 10624
2 10616 10608
2 10594 10575
2 10563 10559
2 10547 10541
2 10539 10515
2 10504 10473
2 10465 10456
2 10454 10453
2 10419 10402
2 10395 10389
2 10370 10349
2 10337 10323
2 10318 10312
2 10307 10297
2 10285 10277
2 10267 10250
2 10243 10242
2 10241 10235
2 10230 10216
2 10213 10202
2 10200 10198
2 10197 10178
2 10177 10143
2 10121 10116
2 10111 10109
2 10102 10098
2 10094 10092
2 10084 10075
2 10049 10048
2 10032 10027
2 10005 10004
2 9999 9996
2 9990 9977
2 9975 9960
2 9944 9930
2 9904 9875
2 9855 9851
2 9832 9827
2 9823 9799
2 9795 9769
2 9746 9737
2 9735 9706
2 9691 9681
2 9670 9668
2 9658 9656
2 9646 9637
2 9629 9620
2 9616 9608
2 9607 9602
2 9600 9594
2 9589 9565
2 9564 9563
2 9558 9532
2 9517 9504
2 9500 9489
2 9484 9478
2 9476 9471
2 9467 9460
2 9458 9445
2 9426 9418
2 9412 9404
2 9400 9396
2 9390 9382
2 9370 9353
2 9352 9345
2 9335 9333
2 9321 9317
2 9309 9299
2 9293 9288
2 9275 9273
2 9259 9249
2 9231 9223
2 9206 9199
2 9193 9165
2 9157 9150
2 9149 9148
2 9139 9136
2 9135 9131
2 9121 9094
2 9075 9068
2 9052 9047
2 9041 9039
2 9021 9020
2 9018 9015
2 9010 9003
2 9001 9000
2 8988 8986
2 8978 8968
2 8959 8952
2 8935 8922
2 8908 8906
2 8901 8886
2 8881 8871
2 8870 8859
2 8858 8857
2 8848 8832
2 8829 8828
2 8819 8810
2 8796 8782
2 8778 8765
2 8757 8749
2 8748 8733
2 8731 8722
2 8721 8716
2 8713 8706
2 8682 8681
2 8663 8652
2 8637 8632
2 8610 8605
2 8598 8595
2 8584 8580
2 8573 8565
2 8559 8552
2 8546 8539
2 8527 8523
2 8522 8521
2 8508 8505
2 8502 8496
2 8495 8481
2 8450 8438
2 8434 8423
2 8418 8412
2 8388 8386
2 8384 8381
2 8365 8363
2 8361 8352
2 8340 8332
2 8289 8285
2 8278 8268
2 8267 8260
2 8256 8245
2 8238 8231
2 8215 8214
2 8211 8204
2 8199 8196
2 8181 8170
2 8169 8157
2 8143 8117
2 8115 8092
2 8075 8073
2 8064 8063
2 8059 8049
2 8046 8031
2 8030 8028
2 7994 7952
2 7941 7939
2 7927 7926
2 7909 7898
2 7885 7882
2 7869 7865
2 7841 7835
2 7827 7813
2 7812 7802
2 7796 7779
2 7771 7766
2 7755 7745
2 7741 7720
2 7701 7688
2 7674 7673
2 7653 7649
2 7630 7627
2 7625 7621
2 7620 7618
2 7606 7601
2 7600 7580
2 7578 7577
2 7576 7570
2 7565 7559
2 7524 7506
2 7491 7484
2 7482 7476
2 7473 7462
2 7439 7429
2 7407 7401
2 7386 7380
2 7370 7359
2 7352 7345
2 7341 7336
2 7331 7329
2 7322 7317
2 7313 7311
2 7292 7280
2 7270 7233
2 7192 7159
2 7153 7146
2 7143 7137
2 7130 7093
2 7088 7057
2 7048 7035
2 7015 7009
2 6995 6989
2 6983 6963
2 6960 6958
2 6942 6941
2 6940 6939
2 6927 6925
2 6924 6920
2 6917 6908
2 6907 6880
2 6879 6875
2 6867 6860
2 6851 6829
2 6812 6804
2 6802 6794
2 6792 6775
2 6773 6771
2 6765 6757
2 6747 6734
2 6731 6728
2 6725 6710
2 6705 6699
2 6684 6657
2 6649 6612
2 6603 6584
2 6570 6559
2 6548 6533
2 6531 6512
2 6498 6488
2 6466 6462
2 6449 6443
2 6438 6437
2 6429 6420
2 6416 6409
2 6401 6388
2 6375 6367
2 6358 6330
2 6327 6324
2 6305 6304
2 6301 6295
2 6285 6275
2 6268 6265
2 6252 6246
2 6240 6229
2 6222 6215
2 6197 6171
2 6169 6156
2 6146 6145
2 6136 6085
2 6070 6058
2 6055 6052
2 6049 6037
2 6023 6008
2 6005 5988
2 5987 5980
2 5978 5963
2 5955 5942
2 5937 5932
2 5926 5912
2 5907 5896
2 5872 5864
2 5847 5833
2 5820 5819
2 5803 5797
2 5789 5780
2 5769 5737
2 5719 5711
2 5697 5675
2 5674 5635
2 5633 5630
2 5622 5618
2 5599 5586
2 5583 5582
2 5544 5523
2 5518 5515
2 5496 5490
2 5485 5469
2 5450 5449
2 5446 5433
2 5427 5418
2 5408 5397
2 5393 5369
2 5360 5292
2 5281 5258
2 5248 5232
2 5217 5212
2 5195 5166
2 5158 5153
2 5135 5134
2 5128 5125
2 5106 5098
2 5077 5076
2 5057 5056
2 5047 5015
2 5004 5003
2 4988 4981
2 4962 4955
2 4946 4936
2 4934 4926
2 4921 4916
2 4912 4911
2 4901 4889
2 4884 4883
2 4873 4870
2 4838 4836
2 4824 4818
2 4816 4814
2 4810 4800
2 4793 4780
2 4769 4747
2 4740 4733
2 4727 4711
2 4701 4693
2 4691 4684
2 4672 4663
2 4661 4628
2 4606 4603
2 4602 4586
2 4564 4561
2 4540 4535
2 4534 4533
2 4532 4510
2 4499 4496
2 4493 4484
2 4464 4448
2 4423 4410
2 4409 4395
2 4393 4389
2 4373 4359
2 4358 4352
2 4341 4326
2 4300 4299
2 4288 4271
2 4260 4259
2 4258 4256
2 4255 4253
2 4243 4235
2 4233 4225
2 4216 4193
2 4187 4182
2 4171 4157
2 4149 4139
2 4136 4135
2 4113 4111
2 4109 4096
2 4079 4077
2 4075 4071
2 4038 4020
2 4012 3987
2 3983 3976
2 3956 3952
2 3951 3933
2 3925 3899
2 3892 3884
2 3882 3870
2 3860 3846
2 3840 3834
2 3824 3823
2 3817 3813
2 3812 3796
2 3780 3756
2 3736 3732
2 3730 3724
2 3723 3710
2 3699 3675
2 3670 3664
2 3648 3644
2 3624 3609
2 3604 3587
2 3583 3579
2 3567 3566
2 3556 3544
2 3536 3525
2 3521 3517
2 3499 3495
2 3480 3459
2 3438 3418
2 3405 3391
2 3385 3383
2 3338 3332
2 3305 3289
2 3279 3277
2 3252 3241
2 3230 3204
2 3193 3191
2 3148 3121
2 3116 3106
2 3085 3068
2 3053 3046
2 3044 3029
2 3025 3014
2 3006 3000
2 2996 2990
2 2986 2975
2 2972 2971
2 2968 2965
2 2937 2932
2 2928 2921
2 2915 2905
2 2903 2892
2 2874 2850
2 2847 2815
2 2795 2794
2 2785 2779
2 2755 2754
2 2735 2727
2 2725 2720
2 2712 2693
2 2689 2670
2 2614 2602
2 2595 2580
2 2577 2572
2 2569 2560
2 2541 2535
2 2518 2492
2 2469 2464
2 2452 2432
2 2411 2386
2 2371 2358
2 2355 2330
2 2325 2317
2 2303 2300
2 2298 2293
2 2288 2277
2 2265 2264
2 2258 2256
2 2241 2195
2 2194 2192
2 2179 2170
2 2142 2141
2 2121 2115
2 2114 2107
2 2105 2085
2 2081 2079
2 2060 2043
2 2039 2020
2 1992 1978
2 1977 1974
2 1973 1969
2 1967 1955
2 1947 1945
2 1942 1935
2 1927 1925
2 1920 1913
2 1912 1908
2 1884 1871
2 1856 1848
2 1826 1820
2 1809 1807
2 1803 1794
2 1791 1779
2 1764 1763
2 1762 1758
2 1756 1728
2 1726 1724
2 1712 1702
2 1699 1696
2 1687 1678
2 1662 1642
2 1641 1625
2 1615 1604
2 1593 1590
2 1585 1577
2 1563 1561
2 1558 1536
2 1534 1527
2 1525 1507
2 1503 1485
2 1474 1467
2 1464 1453
2 1417 1401
2 1400 1399
2 1398 1381
2 1376 1375
2 1374 1364
2 1341 1339
2 1338 1303
2 1294 1283
2 1261 1246
2 1233 1199
2 1168 1155
2 1146 1142
2 1133 1132
2 1112 1106
2 1102 1080
2 1075 1070
2 1068 1055
2 1040 1038
2 1034 1028
2 1027 1010
2 1005 1002
2 995 990
2 983 977
2 965 927
2 915 914
2 906 899
2 885 880
2 874 873
2 868 867
2 866 863
2 859 858
2 853 851
2 850 811
2 804 795
2 794 781
2 774 771
2 757 751
2 749 745
2 728 724
2 720 687
2 682 678
2 677 667
2 660 659
2 653 650
2 624 600
2 583 577
2 570 565
2 504 488
2 469 443
2 422 417
2 412 411
2 402 400
2 399 394
2 391 388
2 377 353
2 345 341
2 329 328
2 310 303
2 301 298
2 291 286
2 278 266
2 264 213
2 163 148
2 135 113
2 103 95
2 92 74
2 66 62
2 60 59
2 56 55
2 48 41
2 36 32
2 25 22
2 7 32085
2 82967 70098
2 24622 75534
2 61298 41003
2 33739 54956
2 32533 1679
2 69258 61157
2 56433 14779
2 97319 95902
2 83924 54094
2 42969 42033
2 6272 92513
2 74687 10644
2 35983 32771
2 28440 22821
2 99978 99965
2 99963 99957
2 99953 99948
2 99944 99943
2 99940 99938
2 99937 99920
2 99903 99890
2 99887 99880
2 99867 99857
2 99848 99845
2 99839 99836
2 99810 99809
2 99805 99794
2 99793 99792
2 99778 99775
2 99772 99771
2 99765 99748
2 99746 99737
2 99733 99722
2 99718 99715
2 99704 99694
2 99683 99666
2 99665 99657
2 99652 99645
2 99644 99642
2 99629 99626
2 99621 99618
2 99615 99610
2 99607 99605
2 99596 99589
2 99586 99580
2 99579 99578
2 99575 99567
2 99558 99549
2 99542 99540
2 99529 99524
2 99523 99517
2 99500 99492
2 99484 99480
2 99476 99463
2 99459 99457
2 99456 99446
2 99445 99441
2 99438 99437
2 99436 99433
2 99425 99422
2 99420 99414
2 99408 99403
2 99402 99396
2 99394 99393
2 99387 99384
2 99367 99347
2 99345 99331
2 99326 99321
2 99317 99316
2 99311 99303
2 99296 99293
2 99292 99291
2 99270 99267
2 99256 99254
2 99252 99248
2 99240 99235
2 99227 99207
2 99206 99203
2 99179 99174
2 99173 99153
2 99141 99137
2 99134 99128
2 99124 99121
2 99117 99115
2 99114 99102
2 99096 99087
2 99078 99075
2 99070 99069
2 99062 99059
2 99058 99056
2 99052 99049
2 99041 99035
2 99013 99009
2 99006 98993
2 98989 98979
2 98967 98962
2 98954 98944
2 98940 98919
2 98912 98906
2 98898 98882
2 98881 98870
2 98869 98861
2 98848 98842
2 98836 98831
2 98825 98819
2 98815 98814
2 98813 98803
2 98795 98784
2 98779 98774
2 98749 98744
2 98734 98727
2 98722 98709
2 98699 98690
2 98682 98681
2 98667 98654
2 98653 98651
2 98647 98643
2 98640 98633
2 98625 98610
2 98596 98595
2 98590 98575
2 98574 98571
2 98569 98551
2 98545 98534
2 98531 98519
2 98517 98515
2 98510 98508
2 98500 98495
2 98491 98484
2 98476 98469
2 98467 98458
2 98448 98446
2 98445 98439
2 98427 98415
2 98412 98387
2 98378 98374
2 98371 98363
2 98341 98328
2 98325 98312
2 98307 98305
2 98296 98289
2 98280 98272
2 98271 98263
2 98248 98241
2 98240 98238
2 98230 98208
2 98204 98202
2 98189 98182
2 98177 98167
2 98157 98154
2 98147 98143
2 98139 98138
2 98123 98121
2 98112 98091
2 98088 98083
2 98073 98066
2 98064 98056
2 98050 98039
2 98033 98029
2 98022 98014
2 98012 98008
2 98004 97985
2 97970 97969
2 97947 97941
2 97940 97934
2 97926 97922
2 97913 97906
2 97905 97904
2 97899 97877
2 97865 97850
2 97843 97838
2 97837 97835
2 97826 97810
2 97801 97785
2 97782 97770
2 97763 97761
2 97752 97749
2 97735 97732
2 97717 97706
2 97691 97684
2 97681 97672
2 97671 97669
2 97665 97656
2 97642 97638
2 97634 97632
2 97622 97619
2 97605 97595
2 97586 97563
2 97562 97557
2 97556 97555
2 97548 97543
2 97542 97539
2 97537 97524
2 97519 97512
2 97505 97498
2 97497 97496
2 97485 97483
2 97471 97465
2 97455 97443
2 97437 97409
2 97407 97396
2 97390 97389
2 97385 97379
2 97372 97364
2 97363 97360
2 97355 97351
2 97343 97337
2 97314 97313
2 97287 97275
2 97271 97259
2 97251 97243
2 97230 97223
2 97220 97184
2 97181 97166
2 97164 97145
2 97142 97136
2 97125 97076
2 97075 97064
2 97051 97049
2 97044 97037
2 97036 97023
2 97015 97008
2 96989 96988
2 96983 96980
2 96961 96959
2 96950 96946
2 96941 96924
2 96911 96910
2 96905 96902
2 96900 96890
2 96889 96886
2 96883 96879
2 96878 96877
2 96868 96866
2 96865 96843
2 96842 96839
2 96838 96817
2 96812 96810
2 96802 96801
2 96798 96794
2 96777 96773
2 96769 96761
2 96757 96743
2 96732 96729
2 96726 96725
2 96720 96718
2 96715 96704
2 96692 96691
2 96688 96685
2 96683 96679
2 96677 96674
2 96658 96657
2 96653 96651
2 96647 96640
2 96637 96633
2 96626 96614
2 96606 96600
2 96599 96594
2 96586 96575
2 96574 96564
2 96553 96532
2 96529 96524
2 96509 96490
2 96472 96465
2 96450 96447
2 96445 96439
2 96436 96434
2 96427 96394
2 96389 96383
2 96380 96377
2 96368 96355
2 96348 96347
2 96340 96339
2 96337 96331
2 96323 96322
2 96321 96316
2 96314 96312
2 96302 96299
2 96294 96292
2 96291 96289
2 96280 96279
2 96276 96270
2 96266 96263
2 96262 96248
2 96230 96229
2 96226 96220
2 96210 96186
2 96181 96176
2 96166 96152
2 96143 96140
2 96137 96135
2 96125 96124
2 96122 96120
2 96118 96112
2 96110 96109
2 96101 96083
2 96076 96072
2 96062 96052
2 96049 96046
2 96043 96041
2 96033 96026
2 96024 96005
2 96004 96002
2 96001 96000
2 95997 95966
2 95963 95936
2 95933 95931
2 95920 95909
2 95908 95904
2 95895 95887
2 95882 95881
2 95880 95876
2 95867 95856
2 95843 95839
2 95831 95820
2 95817 95814
2 95794 95791
2 95784 95782
2 95778 95770
2 95762 95750
2 95744 95735
2 95732 95724
2 95722 95721
2 95702 95691
2 95683 95678
2 95675 95672
2 95665 95638
2 95633 95622
2 95619 95602
2 95600 95592
2 95591 95588
2 95584 95582
2 95581 95579
2 95577 95574
2 95566 95563
2 95561 95553
2 95552 95548
2 95540 95537
2 95532 95511
2 95492 95485
2 95480 95475
2 95463 95458
2 95452 95441
2 95438 95437
2 95432 95430
2 95427 95425
2 95421 95405
2 95401 95378
2 95377 95376
2 95372 95369
2 95355 95350
2 95347 95345
2 95333 95332
2 95331 95329
2 95316 95311
2 95303 95288
2 95284 95279
2 95273 95268
2 95212 95200
2 95197 95191
2 95170 95167
2 95160 95143
2 95141 95121
2 95117 95106
2 95105 95089
2 95088 95078
2 95075 95070
2 95065 95063
2 95062 95060
2 95050 95041
2 95036 95034
2 95031 95022
2 95020 95019
2 95004 95002
2 95001 94996
2 94995 94982
2 94966 94957
2 94955 94951
2 94949 94947
2 94939 94934
2 94931 94929
2 94919 94914
2 94902 94897
2 94883 94870
2 94860 94842
2 94840 94838
2 94825 94817
2 94815 94812
2 94809 94808
2 94807 94806
2 94758 94740
2 94739 94718
2 94716 94712
2 94684 94657
2 94652 94651
2 94649 94645
2 94633 94629
2 94627 94621
2 94620 94594
2 94591 94590
2 94589 94587
2 94585 94581
2 94568 94555
2 94554 94543
2 94534 94527
2 94519 94509
2 94504 94495
2 94491 94483
2 94472 94451
2 94447 94438
2 94435 94426
2 94409 94399
2 94395 94378
2 94376 94368
2 94366 94365
2 94357 94342
2 94330 94317
2 94300 94298
2 94297 94291
2 94282 94266
2 94261 94256
2 94239 94233
2 94231 94230
2 94228 94225
2 94205 94202
2 94199 94193
2 94189 94182
2 94181 94178
2 94164 94154
2 94148 94133
2 94132 94127
2 94117 94104
2 94102 94090
2 94088 94086
2 94083 94079
2 94060 94038
2 94037 94034
2 94028 94024
2 94023 94022
2 94021 94018
2 94013 94007
2 94004 94003
2 93990 93984
2 93979 93977
2 93966 93965
2 93963 93962
2 93951 93950
2 93931 93920
2 93905 93902
2 93899 93892
2 93858 93855
2 93853 93842
2 93817 93813
2 93810 93805
2 93771 93770
2 93766 93761
2 93754 93750
2 93747 93742
2 93725 93719
2 93718 93715
2 93707 93705
2 93698 93675
2 93668 93667
2 93666 93654
2 93644 93643
2 93635 93633
2 93573 93568
2 93566 93563
2 93559 93555
2 93544 93543
2 93538 93531
2 93525 93522
2 93517 93492
2 93483 93473
2 93469 93464
2 93455 93451
2 93441 93440
2 93426 93420
2 93415 93409
2 93408 93405
2 93403 93401
2 93400 93399
2 93393 93380
2 93377 93375
2 93360 93354
2 93344 93336
2 93330 93325
2 93321 93309
2 93291 93284
2 93277 93271
2 93267 93266
2 93264 93254
2 93249 93248
2 93224 93223
2 93220 93214
2 93212 93202
2 93199 93196
2 93189 93184
2 93181 93176
2 93158 93153
2 93148 93119
2 93116 93107
2 93095 93093
2 93083 93077
2 93076 93052
2 93040 93025
2 93004 92993
2 92992 92988
2 92987 92984
2 92971 92947
2 92944 92936
2 92935 92927
2 92923 92919
2 92908 92900
2 92889 92885
2 92882 92876
2 92860 92852
2 92840 92829
2 92828 92826
2 92807 92801
2 92789 92779
2 92778 92772
2 92768 92767
2 92760 92742
2 92734 92722
2 92715 92705
2 92702 92688
2 92677 92675
2 92671 92651
2 92648 92634
2 92632 92628
2 92623 92608
2 92603 92591
2 92590 92587
2 92578 92565
2 92564 92563
2 92545 92524
2 92520 92512
2 92509 92504
2 92503 92495
2 92492 92490
2 92487 92485
2 92482 92474
2 92470 92464
2 92462 92442
2 92424 92390
2 92386 92375
2 92365 92358
2 92353 92345
2 92342 92341
2 92322 92315
2 92299 92293
2 92289 92277
2 92272 92268
2 92263 92259
2 92256 92254
2 92241 92226
2 92225 92211
2 92194 92192
2 92182 92156
2 92154 92152
2 92137 92132
2 92115 92113
2 92112 92101
2 92094 92091
2 92090 92074
2 92062 92056
2 92052 92044
2 92037 92023
2 92016 92011
2 92004 91991
2 91988 91986
2 91984 91982
2 91977 91964
2 91958 91946
2 91938 91931
2 91919 91917
2 91914 91909
2 91905 91901
2 91898 91892
2 91889 91880
2 91879 91869
2 91864 91850
2 91846 91841
2 91833 91829
2 91825 91818
2 91816 91814
2 91804 91794
2 91787 91783
2 91763 91758
2 91754 91753
2 91750 91737
2 91734 91724
2 91722 91720
2 91718 91713
2 91698 91673
2 91670 91631
2 91629 91623
2 91619 91616
2 91615 91609
2 91605 91602
2 91601 91599
2 91587 91582
2 91573 91560
2 91550 91549
2 91540 91531
2 91528 91521
2 91515 91512
2 91509 91505
2 91495 91490
2 91471 91465
2 91464 91463
2 91436 91427
2 91420 91397
2 91387 91383
2 91380 91375
2 91374 91370
2 91361 91360
2 91350 91319
2 91311 91308
2 91297 91296
2 91294 91288
2 91285 91281
2 91279 91270
2 91260 91253
2 91248 91242
2 91223 91218
2 91217 91189
2 91183 91180
2 91150 91143
2 91134 91132
2 91131 91116
2 91111 91106
2 91105 91104
2 91090 91069
2 91054 91053
2 91042 91037
2 91032 91028
2 91022 91021
2 91018 91016
2 91013 90998
2 90994 90988
2 90980 90974
2 90967 90966
2 90958 90940
2 90908 90897
2 90895 90890
2 90888 90879
2 90872 90861
2 90845 90842
2 90832 90828
2 90827 90825
2 90822 90815
2 90810 90801
2 90793 90787
2 90783 90776
2 90765 90755
2 90745 90744
2 90738 90730
2 90724 90719
2 90714 90709
2 90700 90697
2 90673 90671
2 90667 90664
2 90655 90652
2 90651 90638
2 90637 90619
2 90614 90611
2 90608 90605
2 90599 90594
2 90581 90580
2 90561 90549
2 90547 90542
2 90532 90523
2 90511 90503
2 90501 90500
2 90483 90471
2 90468 90457
2 90445 90443
2 90441 90422
2 90419 90403
2 90396 90392
2 90386 90376
2 90356 90354
2 90333 90330
2 90315 90314
2 90302 90293
2 90280 90275
2 90270 90263
2 90260 90241
2 90240 90234
2 90230 90203
2 90183 90180
2 90175 90155
2 90147 90143
2 90128 90116
2 90090 90088
2 90079 90075
2 90073 90064
2 90061 90039
2 90027 90024
2 90022 90007
2 90000 89996
2 89983 89978
2 89960 89956
2 89952 89936
2 89923 89922
2 89918 89912
2 89911 89909
2 89901 89887
2 89885 89871
2 89866 89865
2 89856 89851
2 89846 89843
2 89841 89830
2 89829 89822
2 89806 89802
2 89800 89796
2 89793 89787
2 89785 89784
2 89783 89782
2 89779 89763
2 89761 89757
2 89755 89754
2 89753 89751
2 89742 89736
2 89735 89728
2 89727 89720
2 89710 89704
2 89701 89700
2 89694 89687
2 89678 89674
2 89656 89654
2 89645 89641
2 89631 89623
2 89613 89601
2 89570 89568
2 89562 89546
2 89541 89535
2 89530 89522
2 89519 89518
2 89517 89515
2 89511 89508
2 89505 89503
2 89498 89493
2 89491 89489
2 89477 89476
2 89472 89464
2 89460 89442
2 89436 89433
2 89423 89419
2 89418 89414
2 89412 89409
2 89407 89404
2 89400 89398
2 89393 89390
2 89385 89373
2 89372 89342
2 89338 89337
2 89335 89332
2 89331 89327
2 89322 89313
2 89298 89297
2 89286 89271
2 89270 89261
2 89258 89235
2 89234 89230
2 89218 89216
2 89215 89205
2 89203 89197
2 89193 89192
2 89188 89168
2 89164 89160
2 89156 89150
2 89142 89139
2 89125 89118
2 89116 89109
2 89108 89087
2 89058 89056
2 89052 89046
2 89036 89034
2 89032 89030
2 89026 89024
2 89020 89006
2 89003 89001
2 88984 88979
2 88978 88975
2 88970 88969
2 88965 88953
2 88942 88937
2 88936 88930
2 88919 88909
2 88906 88904
2 88901 88890
2 88888 88879
2 88868 88867
2 88864 88856
2 88850 88843
2 88829 88812
2 88805 88801
2 88791 88789
2 88783 88780
2 88774 88771
2 88761 88751
2 88745 88739
2 88728 88725
2 88722 88721
2 88715 88712
2 88703 88697
2 88688 88685
2 88676 88632
2 88630 88628
2 88616 88610
2 88608 88606
2 88605 88582
2 88581 88564
2 88561 88559
2 88546 88544
2 88537 88528
2 88524 88518
2 88502 88501
2 88492 88485
2 88479 88477
2 88470 88460
2 88458 88457
2 88456 88440
2 88434 88418
2 88414 88402
2 88395 88391
2 88374 88368
2 88353 88334
2 88333 88332
2 88326 88324
2 88322 88318
2 88316 88303
2 88302 88301
2 88294 88273
2 88262 88229
2 88223 88220
2 88213 88202
2 88196 88189
2 88188 88186
2 88181 88173
2 88168 88163
2 88159 88155
2 88149 88143
2 88133 88126
2 88124 88119
2 88118 88108
2 88107 88104
2 88095 88089
2 88087 88080
2 88076 88075
2 88073 88053
2 88046 88043
2 88032 88014
2 88006 88002
2 87993 87981
2 87974 87967
2 87966 87964
2 87959 87955
2 87948 87945
2 87933 87925
2 87924 87921
2 87893 87889
2 87882 87862
2 87861 87860
2 87838 87822
2 87816 87803
2 87795 87774
2 87772 87769
2 87765 87750
2 87749 87745
2 87737 87734
2 87717 87713
2 87710 87708
2 87706 87704
2 87701 87696
2 87686 87678
2 87672 87661
2 87648 87640
2 87625 87618
2 87615 87612
2 87606 87602
2 87601 87596
2 87595 87594
2 87582 87571
2 87558 87546
2 87532 87526
2 87520 87507
2 87503 87499
2 87476 87466
2 87462 87452
2 87444 87441
2 87440 87437
2 87429 87427
2 87426 87423
2 87408 87406
2 87403 87394
2 87382 87374
2 87373 87356
2 87355 87351
2 87347 87320
2 87319 87314
2 87302 87289
2 87283 87281
2 87277 87263
2 87259 87241
2 87240 87228
2 87222 87219
2 87218 87208
2 87206 87204
2 87203 87202
2 87176 87174
2 87173 87166
2 87149 87141
2 87138 87132
2 87089 87088
2 87082 87076
2 87073 87066
2 87064 87060
2 87031 87029
2 87025 87012
2 87007 87004
2 86994 86993
2 86984 86975
2 86973 86970
2 86966 86959
2 86956 86946
2 86933 86932
2 86927 86925
2 86905 86893
2 86891 86875
2 86873 86823
2 86821 86806
2 86783 86782
2 86775 86762
2 86759 86757
2 86755 86754
2 86743 86739
2 86721 86720
2 86718 86700
2 86698 86692
2 86683 86680
2 86674 86673
2 86655 86633
2 86621 86618
2 86613 86610
2 86598 86591
2 86582 86574
2 86573 86569
2 86560 86543
2 86535 86525
2 86524 86510
2 86507 86506
2 86501 86494
2 86479 86455
2 86436 86420
2 86415 86410
2 86407 86369
2 86354 86350
2 86341 86336
2 86333 86312
2 86310 86304
2 86300 86298
2 86292 86289
2 86285 86283
2 86276 86268
2 86265 86263
2 86252 86247
2 86243 86231
2 86221 86207
2 86200 86193
2 86190 86188
2 86186 86177
2 86173 86168
2 86131 86123
2 86118 86115
2 86108 86101
2 86100 86093
2 86073 86051
2 86044 86036
2 86034 86025
2 85998 85997
2 85986 85985
2 85978 85977
2 85974 85970
2 85959 85953
2 85950 85919
2 85918 85917
2 85915 85912
2 85910 85908
2 85907 85906
2 85892 85889
2 85886 85865
2 85860 85858
2 85855 85842
2 85837 85836
2 85797 85790
2 85787 85775
2 85759 85747
2 85729 85725
2 85712 85702
2 85688 85681
2 85672 85667
2 85665 85662
2 85657 85652
2 85632 85610
2 85606 85605
2 85599 85588
2 85566 85565
2 85551 85540
2 85539 85537
2 85533 85509
2 85487 85483
2 85480 85478
2 85462 85461
2 85450 85443
2 85429 85427
2 85426 85424
2 85423 85404
2 85400 85394
2 85392 85390
2 85387 85381
2 85380 85348
2 85345 85335
2 85320 85304
2 85301 85294
2 85293 85287
2 85282 85280
2 85273 85239
2 85235 85231
2 85229 85226
2 85219 85218
2 85212 85199
2 85197 85194
2 85190 85187
2 85185 85172
2 85166 85152
2 85126 85120
2 85117 85109
2 85107 85099
2 85095 85089
2 85084 85075
2 85059 85057
2 85047 85034
2 85017 85016
2 85011 85005
2 85001 84987
2 84983 84982
2 84981 84980
2 84976 84974
2 84973 84963
2 84960 84955
2 84937 84902
2 84896 84880
2 84875 84864
2 84862 84850
2 84829 84813
2 84804 84787
2 84782 84781
2 84771 84762
2 84744 84742
2 84740 84738
2 84732 84731
2 84723 84711
2 84685 84677
2 84664 84649
2 84643 84626
2 84615 84612
2 84606 84604
2 84593 84588
2 84583 84581
2 84580 84576
2 84565 84557
2 84555 84538
2 84536 84532
2 84518 84514
2 84490 84486
2 84485 84482
2 84472 84471
2 84461 84449
2 84443 84429
2 84427 84426
2 84400 84395
2 84389 84387
2 84386 84382
2 84377 84361
2 84353 84350
2 84341 84335
2 84324 84323
2 84321 84319
2 84311 84307
2 84305 84300
2 84299 84297
2 84291 84285
2 84283 84277
2 84263 84256
2 84222 84218
2 84209 84200
2 84198 84181
2 84174 84172
2 84141 84122
2 84106 84101
2 84093 84091
2 84074 84052
2 84031 83997
2 83986 83975
2 83969 83965
2 83949 83940
2 83936 83927
2 83916 83911
2 83900 83897
2 83879 83878
2 83877 83866
2 83855 83852
2 83838 83835
2 83830 83825
2 83821 83815
2 83814 83811
2 83807 83805
2 83793 83792
2 83788 83770
2 83748 83738
2 83726 83723
2 83705 83695
2 83686 83675
2 83672 83667
2 83665 83660
2 83654 83650
2 83643 83635
2 83632 83628
2 83622 83610
2 83608 83602
2 83601 83593
2 83591 83583
2 83559 83538
2 83531 83530
2 83521 83519
2 83515 83507
2 83503 83498
2 83495 83492
2 83489 83487
2 83481 83466
2 83461 83458
2 83453 83449
2 83443 83441
2 83432 83430
2 83426 83421
2 83419 83418
2 83416 83415
2 83402 83401
2 83397 83383
2 83364 83362
2 83348 83344
2 83335 83334
2 83333 83308
2 83299 83297
2 83289 83284
2 83277 83274
2 83268 83267
2 83261 83260
2 83258 83256
2 83252 83231
2 83226 83225
2 83224 83223
2 83221 83195
2 83175 83173
2 83169 83161
2 83150 83102
2 83099 83091
2 83085 83059
2 83049 83047
2 83044 83034
2 83033 83023
2 83019 83018
2 83010 82999
2 82998 82994
2 82985 82983
2 82981 82973
2 82969 82965
2 82957 82951
2 82950 82942
2 82939 82929
2 82927 82920
2 82908 82881
2 82871 82864
2 82863 82859
2 82851 82848
2 82845 82836
2 82835 82830
2 82819 82816
2 82809 82796
2 82780 82773
2 82771 82763
2 82761 82759
2 82747 82741
2 82729 82726
2 82724 82720
2 82715 82707
2 82705 82700
2 82675 82673
2 82670 82667
2 82663 82655
2 82637 82628
2 82620 82617
2 82601 82597
2 82590 82579
2 82560 82549
2 82537 82533
2 82526 82523
2 82521 82520
2 82507 82502
2 82495 82494
2 82474 82469
2 82464 82453
2 82451 82433
2 82426 82423
2 82421 82416
2 82414 82409
2 82400 82394
2 82393 82375
2 82359 82356
2 82354 82331
2 82322 82319
2 82313 82311
2 82307 82301
2 82281 82279
2 82278 82262
2 82253 82249
2 82248 82243
2 82237 82234
2 82228 82226
2 82225 82223
2 82221 82215
2 82206 82205
2 82200 82197
2 82191 82175
2 82169 82152
2 82149 82147
2 82141 82139
2 82135 82132
2 82122 82121
2 82118 82113
2 82105 82098
2 82093 82080
2 82079 82065
2 82055 82047
2 82044 82038
2 82029 82021
2 82005 82000
2 81991 81985
2 81971 81958
2 81944 81940
2 81937 81935
2 81926 81921
2 81920 81917
2 81916 81913
2 81909 81902
2 81901 81900
2 81895 81889
2 81887 81881
2 81874 81870
2 81868 81853
2 81837 81833
2 81832 81829
2 81823 81818
2 81816 81811
2 81807 81798
2 81789 81784
2 81781 81768
2 81750 81733
2 81728 81717
2 81711 81710
2 81709 81692
2 81691 81680
2 81669 81668
2 81663 81658
2 81657 81654
2 81648 81645
2 81644 81641
2 81640 81630
2 81629 81620
2 81582 81570
2 81567 81566
2 81564 81560
2 81559 81553
2 81552 81547
2 81542 81530
2 81523 81518
2 81507 81502
2 81493 81490
2 81487 81464
2 81461 81454
2 81437 81435
2 81434 81433
2 81425 81423
2 81419 81416
2 81412 81401
2 81382 81378
2 81373 81369
2 81366 81364
2 81362 81352
2 81346 81343
2 81341 81340
2 81336 81335
2 81330 81323
2 81322 81311
2 81294 81293
2 81290 81283
2 81278 81274
2 81271 81270
2 81269 81268
2 81264 81255
2 81246 81238
2 81222 81217
2 81215 81206
2 81184 81172
2 81168 81163
2 81161 81155
2 81152 81150
2 81138 81125
2 81121 81113
2 81105 81098
2 81094 81085
2 81084 81078
2 81076 81054
2 81038 81026
2 81005 81003
2 80992 80979
2 80976 80970
2 80965 80946
2 80939 80931
2 80922 80902
2 80896 80895
2 80882 80837
2 80830 80829
2 80826 80820
2 80816 80809
2 80803 80786
2 80785 80781
2 80772 80766
2 80745 80743
2 80734 80732
2 80724 80717
2 80712 80710
2 80703 80702
2 80689 80686
2 80678 80669
2 80666 80657
2 80655 80654
2 80636 80629
2 80616 80607
2 80595 80593
2 80592 80591
2 80580 80575
2 80571 80562
2 80552 80538
2 80535 80531
2 80530 80526
2 80524 80505
2 80496 80493
2 80488 80485
2 80476 80460
2 80457 80455
2 80449 80447
2 80445 80426
2 80416 80408
2 80407 80405
2 80403 80381
2 80378 80377
2 80344 80338
2 80330 80326
2 80322 80315
2 80293 80286
2 80274 80266
2 80246 80239
2 80219 80209
2 80207 80202
2 80196 80192
2 80176 80169
2 80157 80152
2 80145 80140
2 80137 80136
2 80127 80116
2 80111 80110
2 80107 80106
2 80103 80098
2 80054 80036
2 80026 80023
2 80022 80008
2 80004 79996
2 79995 79993
2 79991 79986
2 79984 79983
2 79977 79976
2 79959 79935
2 79928 79919
2 79915 79909
2 79904 79898
2 79882 79879
2 79874 79869
2 79866 79859
2 79849 79844
2 79842 79837
2 79836 79822
2 79819 79814
2 79812 79806
2 79801 79794
2 79787 79764
2 79749 79747
2 79745 79744
2 79741 79736
2 79728 79721
2 79720 79717
2 79710 79703
2 79702 79698
2 79695 79693
2 79678 79674
2 79669 79655
2 79634 79629
2 79621 79617
2 79605 79591
2 79582 79569
2 79567 79552
2 79548 79547
2 79540 79531
2 79516 79515
2 79486 79474
2 79471 79470
2 79469 79456
2 79448 79446
2 79431 79428
2 79407 79404
2 79403 79397
2 79374 79365
2 79363 79353
2 79338 79335
2 79331 79321
2 79318 79315
2 79310 79298
2 79295 79283
2 79238 79235
2 79226 79211
2 79203 79201
2 79197 79192
2 79172 79163
2 79153 79151
2 79145 79139
2 79134 79128
2 79121 79119
2 79118 79116
2 79099 79097
2 79066 79056
2 79046 79044
2 79041 79034
2 79030 79028
2 79021 79016
2 79013 79005
2 78997 78987
2 78986 78985
2 78969 78964
2 78950 78948
2 78944 78940
2 78931 78930
2 78919 78912
2 78910 78905
2 78897 78888
2 78882 78876
2 78867 78860
2 78857 78829
2 78826 78823
2 78810 78793
2 78791 78788
2 78772 78769
2 78764 78762
2 78759 78753
2 78751 78747
2 78746 78740
2 78735 78728
2 78719 78718
2 78707 78703
2 78702 78673
2 78660 78659
2 78653 78651
2 78650 78644
2 78642 78641
2 78635 78621
2 78615 78605
2 78600 78594
2 78590 78588
2 78572 78565
2 78563 78555
2 78549 78545
2 78544 78541
2 78533 78532
2 78527 78523
2 78515 78513
2 78510 78509
2 78506 78500
2 78496 78494
2 78490 78486
2 78465 78431
2 78426 78417
2 78403 78400
2 78395 78393
2 78386 78385
2 78379 78378
2 78376 78371
2 78369 78360
2 78358 78355
2 78352 78343
2 78337 78325
2 78321 78311
2 78306 78301
2 78291 78290
2 78287 78282
2 78279 78278
2 78275 78261
2 78250 78247
2 78246 78245
2 78241 78239
2 78238 78237
2 78235 78233
2 78224 78222
2 78213 78207
2 78192 78191
2 78173 78172
2 78159 78158
2 78154 78134
2 78128 78113
2 78112 78104
2 78092 78081
2 78078 78064
2 78040 78033
2 78026 78019
2 78018 78006
2 78003 77999
2 77993 77984
2 77968 77965
2 77958 77957
2 77955 77948
2 77935 77928
2 77926 77914
2 77906 77900
2 77899 77887
2 77872 77857
2 77854 77847
2 77843 77832
2 77829 77827
2 77818 77812
2 77809 77800
2 77796 77788
2 77786 77776
2 77763 77761
2 77734 77723
2 77711 77710
2 77705 77699
2 77679 77659
2 77647 77623
2 77618 77604
2 77601 77600
2 77595 77584
2 77576 77565
2 77563 77561
2 77556 77553
2 77540 77536
2 77527 77525
2 77517 77500
2 77498 77488
2 77481 77476
2 77475 77473
2 77459 77458
2 77440 77439
2 77435 77420
2 77413 77407
2 77404 77401
2 77392 77391
2 77366 77365
2 77363 77345
2 77334 77331
2 77320 77313
2 77311 77298
2 77297 77290
2 77287 77284
2 77277 77272
2 77270 77262
2 77257 77250
2 77226 77218
2 77217 77213
2 77210 77209
2 77204 77197
2 77195 77191
2 77187 77185
2 77165 77151
2 77142 77140
2 77137 77134
2 77133 77131
2 77130 77114
2 77107 77104
2 77098 77080
2 77067 77063
2 77059 77049
2 77047 77045
2 77040 77008
2 77007 77006
2 76997 76991
2 76990 76989
2 76979 76975
2 76974 76962
2 76961 76953
2 76949 76944
2 76925 76894
2 76892 76887
2 76884 76877
2 76866 76865
2 76856 76843
2 76842 76835
2 76834 76833
2 76821 76815
2 76812 76809
2 76801 76800
2 76797 76789
2 76784 76778
2 76776 76762
2 76761 76753
2 76739 76734
2 76724 76721
2 76718 76712
2 76706 76699
2 76697 76694
2 76689 76679
2 76672 76663
2 76655 76654
2 76651 76636
2 76635 76630
2 76621 76605
2 76599 76591
2 76576 76575
2 76573 76567
2 76565 76563
2 76561 76553
2 76545 76534
2 76533 76532
2 76530 76529
2 76527 76524
2 76523 76522
2 76521 76517
2 76489 76472
2 76470 76466
2 76453 76444
2 76440 76434
2 76433 76410
2 76398 76397
2 76391 76387
2 76374 76364
2 76362 76351
2 76349 76348
2 76320 76309
2 76305 76304
2 76282 76246
2 76223 76219
2 76216 76213
2 76209 76203
2 76190 76183
2 76182 76163
2 76155 76153
2 76150 76146
2 76145 76143
2 76138 76137
2 76130 76121
2 76113 76108
2 76101 76098
2 76087 76077
2 76054 76046
2 76045 76043
2 76041 76025
2 76024 76023
2 76013 76011
2 75999 75979
2 75975 75967
2 75959 75949
2 75947 75927
2 75915 75914
2 75908 75891
2 75864 75844
2 75834 75828
2 75821 75800
2 75799 75784
2 75779 75762
2 75755 75754
2 75751 75745
2 75736 75735
2 75733 75722
2 75713 75700
2 75698 75695
2 75692 75691
2 75685 75682
2 75676 75675
2 75673 75664
2 75655 75650
2 75646 75632
2 75621 75614
2 75612 75605
2 75599 75594
2 75593 75530
2 75522 75487
2 75476 75469
2 75467 75466
2 75465 75449
2 75448 75442
2 75435 75426
2 75408 75400
2 75395 75379
2 75377 75373
2 75367 75363
2 75350 75342
2 75328 75325
2 75319 75315
2 75314 75311
2 75305 75304
2 75303 75296
2 75280 75263
2 75262 75258
2 75256 75251
2 75248 75247
2 75245 75242
2 75236 75226
2 75214 75204
2 75173 75169
2 75167 75154
2 75140 75120
2 75114 75112
2 75087 75086
2 75080 75076
2 75063 75060
2 75039 75020
2 75018 75017
2 75011 75004
2 74988 74986
2 74977 74958
2 74955 74938
2 74925 74911
2 74905 74886
2 74875 74858
2 74857 74856
2 74851 74836
2 74824 74807
2 74805 74804
2 74801 74789
2 74771 74770
2 74762 74759
2 74747 74746
2 74742 74741
2 74736 74731
2 74724 74714
2 74708 74699
2 74676 74673
2 74669 74648
2 74641 74636
2 74634 74632
2 74629 74616
2 74605 74604
2 74603 74600
2 74599 74598
2 74592 74573
2 74572 74564
2 74556 74548
2 74546 74523
2 74517 74504
2 74503 74494
2 74488 74487
2 74479 74477
2 74475 74468
2 74459 74457
2 74452 74447
2 74442 74435
2 74431 74430
2 74423 74411
2 74410 74397
2 74395 74392
2 74385 74359
2 74358 74356
2 74350 74348
2 74343 74330
2 74329 74323
2 74321 74316
2 74301 74299
2 74289 74286
2 74274 74265
2 74263 74253
2 74250 74248
2 74244 74243
2 74241 74225
2 74224 74202
2 74183 74166
2 74164 74161
2 74155 74149
2 74144 74141
2 74140 74137
2 74131 74110
2 74103 74095
2 74083 74079
2 74071 74061
2 74059 74058
2 74054 74046
2 74041 74036
2 74034 74033
2 74029 74027
2 74019 74018
2 74015 74009
2 74007 73995
2 73990 73979
2 73978 73971
2 73967 73951
2 73950 73938
2 73933 73924
2 73916 73911
2 73897 73894
2 73882 73879
2 73874 73848
2 73846 73845
2 73840 73822
2 73800 73797
2 73790 73774
2 73769 73759
2 73742 73739
2 73707 73698
2 73678 73648
2 73615 73601
2 73599 73597
2 73586 73584
2 73574 73568
2 73564 73557
2 73556 73554
2 73522 73512
2 73510 73503
2 73501 73500
2 73497 73495
2 73493 73479
2 73478 73464
2 73461 73455
2 73452 73442
2 73437 73426
2 73423 73421
2 73417 73416
2 73411 73398
2 73388 73374
2 73368 73366
2 73359 73346
2 73334 73323
2 73316 73312
2 73306 73305
2 73304 73294
2 73289 73280
2 73276 73275
2 73268 73263
2 73259 73257
2 73256 73255
2 73250 73236
2 73233 73229
2 73194 73191
2 73185 73164
2 73160 73155
2 73142 73140
2 73139 73138
2 73134 73125
2 73123 73113
2 73109 73107
2 73102 73069
2 73067 73062
2 73051 73041
2 73029 73025
2 73016 73013
2 73011 73010
2 73008 73002
2 72989 72984
2 72975 72973
2 72970 72961
2 72945 72941
2 72938 72936
2 72932 72925
2 72917 72916
2 72909 72905
2 72899 72896
2 72871 72859
2 72846 72843
2 72830 72828
2 72800 72790
2 72785 72777
2 72771 72760
2 72746 72733
2 72727 72719
2 72717 72712
2 72662 72661
2 72648 72626
2 72620 72616
2 72614 72607
2 72602 72596
2 72595 72580
2 72579 72565
2 72556 72550
2 72533 72531
2 72525 72519
2 72508 72506
2 72502 72496
2 72483 72471
2 72464 72456
2 72450 72445
2 72444 72437
2 72419 72409
2 72387 72377
2 72373 72351
2 72342 72341
2 72338 72332
2 72326 72322
2 72309 72308
2 72306 72303
2 72294 72287
2 72281 72277
2 72275 72268
2 72259 72251
2 72250 72244
2 72243 72238
2 72236 72234
2 72230 72219
2 72216 72198
2 72193 72189
2 72175 72163
2 72162 72161
2 72157 72148
2 72147 72140
2 72133 72122
2 72118 72103
2 72101 72085
2 72066 72062
2 72053 72051
2 72046 72025
2 72019 72015
2 72013 72009
2 71990 71985
2 71965 71960
2 71957 71943
2 71929 71926
2 71921 71916
2 71902 71900
2 71899 71891
2 71870 71861
2 71856 71850
2 71840 71827
2 71821 71813
2 71805 71779
2 71776 71771
2 71763 71759
2 71754 71751
2 71739 71734
2 71724 71714
2 71702 71696
2 71695 71682
2 71680 71669
2 71661 71658
2 71649 71648
2 71638 71617
2 71604 71596
2 71590 71588
2 71584 71580
2 71570 71568
2 71563 71555
2 71554 71545
2 71528 71512
2 71511 71496
2 71483 71473
2 71472 71456
2 71438 71430
2 71422 71419
2 71418 71400
2 71399 71380
2 71379 71377
2 71362 71353
2 71349 71341
2 71325 71315
2 71304 71294
2 71287 71285
2 71279 71255
2 71251 71243
2 71241 71221
2 71207 71206
2 71202 71200
2 71192 71177
2 71176 71171
2 71161 71156
2 71144 71143
2 71138 71124
2 71123 71111
2 71109 71091
2 71087 71080
2 71072 71068
2 71067 71066
2 71060 71059
2 71047 71044
2 71039 71028
2 71022 71019
2 71008 70997
2 70992 70989
2 70972 70971
2 70968 70956
2 70955 70929
2 70915 70913
2 70905 70903
2 70899 70882
2 70877 70870
2 70867 70866
2 70863 70848
2 70843 70839
2 70836 70831
2 70828 70809
2 70805 70802
2 70797 70795
2 70794 70792
2 70778 70774
2 70759 70757
2 70751 70744
2 70739 70729
2 70727 70725
2 70719 70715
2 70713 70711
2 70705 70704
2 70694 70690
2 70688 70687
2 70679 70668
2 70661 70657
2 70651 70644
2 70639 70638
2 70634 70627
2 70613 70605
2 70604 70603
2 70598 70596
2 70587 70584
2 70577 70571
2 70555 70554
2 70551 70547
2 70540 70529
2 70525 70523
2 70518 70516
2 70506 70502
2 70499 70487
2 70478 70477
2 70476 70466
2 70465 70456
2 70449 70444
2 70440 70437
2 70434 70431
2 70419 70418
2 70410 70406
2 70386 70384
2 70375 70370
2 70361 70355
2 70330 70329
2 70326 70318
2 70314 70312
2 70307 70306
2 70300 70293
2 70284 70275
2 70272 70270
2 70264 70262
2 70244 70238
2 70233 70229
2 70224 70223
2 70221 70218
2 70211 70203
2 70202 70198
2 70196 70191
2 70181 70154
2 70145 70140
2 70128 70117
2 70115 70109
2 70108 70107
2 70101 70100
2 70099 70073
2 70047 70046
2 70021 70020
2 70017 70011
2 69988 69979
2 69974 69963
2 69954 69953
2 69936 69934
2 69931 69922
2 69899 69878
2 69871 69850
2 69840 69836
2 69831 69824
2 69799 69791
2 69782 69779
2 69774 69773
2 69747 69741
2 69733 69729
2 69725 69724
2 69713 69696
2 69687 69684
2 69677 69666
2 69663 69652
2 69650 69640
2 69639 69628
2 69616 69615
2 69612 69607
2 69606 69598
2 69591 69581
2 69575 69567
2 69556 69553
2 69505 69504
2 69489 69481
2 69476 69469
2 69468 69462
2 69459 69452
2 69443 69437
2 69424 69416
2 69415 69413
2 69407 69400
2 69398 69397
2 69384 69380
2 69366 69358
2 69355 69354
2 69353 69345
2 69340 69336
2 69333 69325
2 69324 69316
2 69312 69306
2 69278 69273
2 69272 69247
2 69240 69237
2 69230 69214
2 69212 69189
2 69183 69182
2 69172 69169
2 69150 69148
2 69143 69139
2 69137 69136
2 69133 69131
2 69128 69119
2 69107 69104
2 69102 69093
2 69072 69047
2 69046 69037
2 69034 69032
2 69027 69012
2 69008 68995
2 68988 68985
2 68973 68965
2 68956 68948
2 68935 68925
2 68918 68916
2 68912 68910
2 68901 68898
2 68884 68874
2 68872 68865
2 68864 68857
2 68856 68853
2 68844 68840
2 68832 68829
2 68827 68816
2 68801 68793
2 68790 68788
2 68780 68779
2 68778 68772
2 68763 68745
2 68730 68717
2 68714 68710
2 68708 68701
2 68696 68671
2 68670 68666
2 68662 68655
2 68654 68651
2 68639 68637
2 68631 68629
2 68613 68605
2 68602 68598
2 68594 68593
2 68589 68566
2 68562 68557
2 68545 68521
2 68515 68507
2 68505 68501
2 68499 68456
2 68452 68430
2 68408 68399
2 68397 68396
2 68385 68383
2 68377 68368
2 68363 68354
2 68344 68330
2 68326 68320
2 68315 68312
2 68306 68297
2 68291 68288
2 68279 68275
2 68262 68259
2 68250 68245
2 68219 68213
2 68211 68185
2 68176 68162
2 68160 68156
2 68153 68148
2 68146 68139
2 68131 68130
2 68129 68114
2 68109 68075
2 68065 68061
2 68045 68038
2 68012 68010
2 68006 67980
2 67968 67964
2 67963 67960
2 67954 67947
2 67942 67913
2 67905 67893
2 67890 67889
2 67887 67876
2 67875 67871
2 67869 67860
2 67856 67847
2 67832 67830
2 67800 67799
2 67792 67791
2 67789 67769
2 67765 67760
2 67759 67757
2 67749 67744
2 67739 67728
2 67721 67715
2 67714 67705
2 67696 67683
2 67679 67677
2 67654 67650
2 67645 67642
2 67638 67635
2 67632 67627
2 67625 67619
2 67614 67607
2 67600 67596
2 67595 67593
2 67591 67590
2 67588 67564
2 67542 67497
2 67496 67494
2 67476 67470
2 67463 67461
2 67454 67449
2 67447 67432
2 67426 67420
2 67411 67408
2 67404 67397
2 67394 67393
2 67380 67365
2 67362 67357
2 67354 67349
2 67345 67338
2 67315 67297
2 67285 67280
2 67276 67274
2 67267 67263
2 67261 67249
2 67234 67231
2 67227 67224
2 67211 67210
2 67209 67208
2 67205 67195
2 67186 67172
2 67170 67153
2 67146 67136
2 67130 67127
2 67122 67118
2 67113 67102
2 67101 67100
2 67089 67080
2 67078 67069
2 67064 67041
2 67033 67029
2 67023 67020
2 67015 67011
2 67004 66989
2 66987 66976
2 66957 66949
2 66946 66938
2 66936 66934
2 66927 66926
2 66924 66916
2 66914 66903
2 66897 66887
2 66877 66875
2 66852 66845
2 66839 66822
2 66821 66811
2 66798 66779
2 66773 66766
2 66764 66748
2 66717 66707
2 66705 66699
2 66697 66695
2 66688 66685
2 66683 66680
2 66679 66677
2 66667 66650
2 66637 66633
2 66619 66618
2 66608 66606
2 66603 66594
2 66593 66591
2 66588 66584
2 66570 66567
2 66566 66565
2 66561 66552
2 66543 66531
2 66530 66529
2 66527 66513
2 66504 66495
2 66491 66490
2 66489 66487
2 66486 66481
2 66468 66460
2 66457 66438
2 66426 66424
2 66418 66415
2 66400 66399
2 66381 66380
2 66376 66375
2 66374 66373
2 66370 66368
2 66365 66361
2 66345 66338
2 66320 66314
2 66313 66283
2 66266 66263
2 66257 66256
2 66253 66252
2 66245 66234
2 66218 66185
2 66177 66171
2 66170 66169
2 66164 66162
2 66159 66137
2 66131 66127
2 66125 66124
2 66117 66116
2 66113 66112
2 66107 66100
2 66093 66092
2 66090 66088
2 66071 66070
2 66069 66057
2 66056 66047
2 66043 66039
2 66033 66024
2 66022 66020
2 66018 66015
2 65994 65980
2 65973 65972
2 65969 65967
2 65963 65962
2 65961 65953
2 65951 65949
2 65946 65943
2 65942 65941
2 65936 65926
2 65913 65912
2 65873 65870
2 65868 65862
2 65861 65846
2 65842 65840
2 65834 65808
2 65803 65800
2 65783 65774
2 65768 65764
2 65741 65738
2 65737 65729
2 65702 65681
2 65673 65671
2 65659 65658
2 65657 65652
2 65651 65645
2 65637 65633
2 65628 65623
2 65616 65607
2 65588 65586
2 65585 65582
2 65580 65571
2 65566 65565
2 65560 65553
2 65548 65545
2 65537 65533
2 65530 65525
2 65521 65513
2 65507 65506
2 65501 65499
2 65495 65486
2 65481 65472
2 65471 65468
2 65447 65444
2 65440 65435
2 65431 65423
2 65414 65412
2 65411 65410
2 65404 65394
2 65390 65378
2 65375 65364
2 65342 65326
2 65323 65322
2 65317 65304
2 65302 65301
2 65289 65286
2 65283 65257
2 65252 65235
2 65229 65220
2 65207 65201
2 65192 65178
2 65169 65168
2 65164 65160
2 65155 65144
2 65142 65140
2 65133 65131
2 65121 65096
2 65072 65060
2 65043 65028
2 65021 64973
2 64967 64962
2 64960 64955
2 64952 64949
2 64943 64942
2 64938 64924
2 64919 64917
2 64904 64897
2 64894 64893
2 64892 64888
2 64865 64856
2 64845 64843
2 64837 64835
2 64825 64815
2 64809 64803
2 64796 64773
2 64771 64765
2 64757 64727
2 64710 64709
2 64708 64706
2 64703 64699
2 64686 64677
2 64663 64658
2 64650 64642
2 64638 64612
2 64606 64605
2 64604 64587
2 64564 64562
2 64553 64551
2 64532 64529
2 64516 64513
2 64504 64499
2 64494 64488
2 64481 64477
2 64476 64458
2 64456 64451
2 64442 64438
2 64433 64424
2 64422 64413
2 64409 64394
2 64393 64392
2 64390 64385
2 64375 64359
2 64356 64328
2 64326 64313
2 64302 64301
2 64299 64292
2 64284 64276
2 64273 64257
2 64250 64241
2 64239 64229
2 64219 64217
2 64211 64206
2 64203 64198
2 64185 64180
2 64175 64167
2 64166 64149
2 64143 64133
2 64129 64114
2 64113 64111
2 64105 64094
2 64083 64078
2 64075 64070
2 64062 64060
2 64052 64051
2 64046 64043
2 64037 64032
2 64015 64006
2 64003 63996
2 63992 63982
2 63972 63962
2 63960 63954
2 63936 63914
2 63909 63902
2 63899 63897
2 63895 63894
2 63870 63866
2 63865 63863
2 63854 63843
2 63841 63837
2 63836 63832
2 63830 63824
2 63819 63817
2 63816 63811
2 63806 63803
2 63802 63801
2 63796 63784
2 63778 63775
2 63759 63755
2 63752 63746
2 63740 63739
2 63738 63727
2 63712 63709
2 63708 63701
2 63700 63696
2 63692 63691
2 63689 63681
2 63668 63662
2 63647 63641
2 63631 63619
2 63614 63592
2 63588 63569
2 63565 63556
2 63550 63548
2 63545 63542
2 63541 63540
2 63519 63514
2 63512 63509
2 63506 63494
2 63483 63481
2 63478 63460
2 63459 63455
2 63443 63442
2 63440 63429
2 63426 63423
2 63419 63413
2 63407 63406
2 63395 63386
2 63385 63370
2 63366 63363
2 63353 63349
2 63348 63335
2 63334 63317
2 63308 63298
2 63294 63292
2 63287 63286
2 63283 63280
2 63272 63269
2 63265 63258
2 63256 63254
2 63248 63228
2 63225 63211
2 63198 63191
2 63189 63170
2 63141 63139
2 63136 63132
2 63130 63129
2 63123 63116
2 63111 63106
2 63105 63100
2 63081 63070
2 63068 63066
2 63041 63033
2 63026 63025
2 63022 63002
2 62988 62982
2 62980 62979
2 62965 62963
2 62960 62954
2 62944 62924
2 62920 62912
2 62909 62897
2 62892 62887
2 62878 62862
2 62859 62852
2 62849 62844
2 62823 62821
2 62817 62812
2 62809 62804
2 62803 62796
2 62793 62792
2 62790 62789
2 62766 62764
2 62750 62744
2 62740 62731
2 62721 62716
2 62703 62702
2 62700 62699
2 62672 62669
2 62654 62653
2 62648 62643
2 62639 62638
2 62632 62623
2 62614 62613
2 62611 62610
2 62608 62605
2 62598 62596
2 62588 62584
2 62580 62576
2 62574 62560
2 62554 62548
2 62546 62525
2 62524 62523
2 62513 62503
2 62492 62491
2 62488 62482
2 62470 62469
2 62458 62449
2 62441 62435
2 62431 62421
2 62413 62391
2 62375 62372
2 62370 62363
2 62354 62352
2 62347 62337
2 62335 62332
2 62320 62307
2 62296 62295
2 62294 62287
2 62282 62278
2 62270 62268
2 62259 62252
2 62250 62244
2 62239 62237
2 62229 62219
2 62212 62211
2 62207 62200
2 62191 62184
2 62183 62181
2 62178 62177
2 62175 62173
2 62165 62153
2 62139 62128
2 62104 62093
2 62085 62080
2 62061 62053
2 62050 62044
2 62043 62041
2 62031 62028
2 62020 62011
2 62005 62004
2 62003 61997
2 61994 61989
2 61988 61975
2 61970 61964
2 61951 61948
2 61913 61911
2 61900 61866
2 61864 61862
2 61860 61858
2 61852 61845
2 61838 61836
2 61829 61828
2 61821 61814
2 61809 61808
2 61804 61792
2 61791 61789
2 61786 61770
2 61767 61747
2 61738 61737
2 61728 61726
2 61720 61719
2 61718 61711
2 61707 61699
2 61672 61666
2 61654 61653
2 61639 61637
2 61634 61631
2 61627 61617
2 61611 61591
2 61583 61575
2 61569 61562
2 61551 61549
2 61541 61533
2 61525 61523
2 61522 61521
2 61520 61484
2 61476 61475
2 61463 61458
2 61447 61446
2 61435 61434
2 61421 61416
2 61414 61413
2 61411 61404
2 61399 61398
2 61391 61390
2 61387 61379
2 61373 61370
2 61356 61346
2 61338 61334
2 61330 61322
2 61317 61316
2 61313 61309
2 61306 61292
2 61289 61288
2 61284 61269
2 61260 61259
2 61258 61232
2 61223 61216
2 61214 61196
2 61190 61156
2 61155 61145
2 61144 61143
2 61136 61135
2 61134 61131
2 61130 61123
2 61107 61099
2 61096 61091
2 61086 61084
2 61079 61073
2 61061 61057
2 61028 61024
2 61022 61013
2 61010 61009
2 61006 61004
2 61000 60976
2 60975 60948
2 60935 60933
2 60909 60898
2 60894 60887
2 60881 60865
2 60863 60857
2 60856 60852
2 60841 60826
2 60823 60820
2 60806 60804
2 60795 60794
2 60791 60782
2 60778 60774
2 60770 60769
2 60757 60752
2 60738 60735
2 60730 60726
2 60718 60699
2 60691 60688
2 60676 60674
2 60667 60664
2 60659 60654
2 60643 60640
2 60639 60622
2 60617 60611
2 60608 60603
2 60601 60585
2 60583 60574
2 60567 60562
2 60556 60551
2 60541 60538
2 60537 60528
2 60527 60509
2 60484 60477
2 60466 60465
2 60455 60452
2 60447 60442
2 60431 60421
2 60418 60393
2 60384 60379
2 60362 60356
2 60350 60339
2 60333 60332
2 60330 60319
2 60318 60314
2 60308 60299
2 60296 60288
2 60281 60267
2 60262 60257
2 60253 60246
2 60244 60235
2 60232 60231
2 60225 60207
2 60189 60188
2 60181 60179
2 60177 60174
2 60171 60168
2 60167 60147
2 60142 60139
2 60136 60135
2 60112 60105
2 60095 60084
2 60071 60070
2 60061 60049
2 60048 60032
2 60025 60021
2 60015 60014
2 60011 60009
2 60007 60000
2 59999 59993
2 59992 59990
2 59988 59978
2 59974 59965
2 59963 59954
2 59952 59950
2 59941 59938
2 59936 59935
2 59928 59926
2 59925 59923
2 59915 59914
2 59912 59892
2 59888 59882
2 59881 59871
2 59868 59867
2 59854 59846
2 59829 59825
2 59821 59819
2 59813 59800
2 59787 59777
2 59770 59755
2 59753 59746
2 59743 59741
2 59734 59722
2 59712 59697
2 59696 59667
2 59665 59662
2 59661 59654
2 59651 59645
2 59639 59620
2 59616 59613
2 59606 59605
2 59596 59595
2 59580 59570
2 59568 59565
2 59563 59550
2 59547 59542
2 59541 59535
2 59533 59532
2 59527 59516
2 59514 59510
2 59504 59498
2 59485 59468
2 59467 59452
2 59451 59450
2 59447 59442
2 59418 59416
2 59403 59402
2 59399 59393
2 59389 59383
2 59372 59365
2 59353 59351
2 59350 59332
2 59328 59322
2 59318 59317
2 59312 59306
2 59303 59301
2 59295 59293
2 59277 59274
2 59272 59270
2 59264 59253
2 59250 59228
2 59227 59215
2 59214 59211
2 59209 59196
2 59186 59184
2 59180 59170
2 59152 59136
2 59133 59132
2 59115 59087
2 59083 59079
2 59076 59072
2 59070 59041
2 59040 59009
2 58995 58976
2 58975 58970
2 58964 58941
2 58932 58928
2 58925 58919
2 58915 58894
2 58893 58892
2 58852 58848
2 58838 58834
2 58818 58817
2 58810 58806
2 58792 58790
2 58786 58785
2 58776 58771
2 58766 58755
2 58754 58732
2 58729 58727
2 58717 58706
2 58698 58684
2 58672 58668
2 58655 58651
2 58648 58644
2 58640 58622
2 58621 58620
2 58611 58610
2 58599 58595
2 58584 58577
2 58572 58563
2 58553 58548
2 58547 58543
2 58535 58531
2 58529 58508
2 58500 58498
2 58481 58475
2 58467 58460
2 58449 58447
2 58437 58416
2 58415 58408
2 58405 58384
2 58380 58366
2 58354 58346
2 58343 58337
2 58333 58318
2 58317 58310
2 58304 58295
2 58292 58291
2 58289 58284
2 58280 58278
2 58277 58272
2 58264 58262
2 58257 58256
2 58252 58242
2 58222 58220
2 58217 58209
2 58207 58206
2 58202 58198
2 58179 58177
2 58174 58173
2 58169 58167
2 58165 58163
2 58157 58150
2 58139 58135
2 58127 58116
2 58099 58087
2 58077 58075
2 58067 58063
2 58052 58048
2 58044 58042
2 58036 58032
2 58023 58014
2 58009 58006
2 58001 57993
2 57990 57989
2 57978 57973
2 57967 57941
2 57937 57911
2 57891 57887
2 57886 57882
2 57874 57867
2 57866 57863
2 57846 57810
2 57808 57805
2 57796 57789
2 57777 57749
2 57744 57738
2 57735 57728
2 57727 57721
2 57711 57704
2 57703 57701
2 57698 57697
2 57692 57688
2 57687 57682
2 57679 57677
2 57675 57666
2 57657 57655
2 57648 57645
2 57643 57639
2 57631 57621
2 57614 57601
2 57600 57596
2 57594 57576
2 57569 57567
2 57550 57548
2 57532 57528
2 57505 57504
2 57495 57487
2 57486 57482
2 57480 57471
2 57466 57464
2 57462 57460
2 57458 57430
2 57422 57415
2 57414 57410
2 57408 57396
2 57368 57365
2 57359 57347
2 57327 57326
2 57320 57317
2 57316 57299
2 57288 57286
2 57280 57269
2 57268 57264
2 57262 57253
2 57244 57240
2 57237 57230
2 57222 57219
2 57218 57214
2 57211 57209
2 57202 57179
2 57178 57174
2 57166 57163
2 57162 57161
2 57158 57155
2 57153 57152
2 57150 57149
2 57143 57138
2 57135 57126
2 57114 57108
2 57105 57102
2 57101 57089
2 57087 57083
2 57074 57059
2 57049 57048
2 57046 57044
2 57040 57035
2 57026 57017
2 57014 57011
2 57001 57000
2 56999 56991
2 56989 56987
2 56983 56958
2 56952 56951
2 56941 56938
2 56935 56931
2 56925 56913
2 56912 56908
2 56891 56882
2 56875 56870
2 56853 56834
2 56832 56830
2 56825 56816
2 56809 56806
2 56794 56791
2 56783 56779
2 56774 56773
2 56757 56756
2 56743 56741
2 56739 56728
2 56725 56715
2 56704 56703
2 56701 56698
2 56669 56667
2 56661 56654
2 56648 56643
2 56641 56568
2 56565 56564
2 56554 56545
2 56534 56532
2 56530 56526
2 56525 56523
2 56520 56519
2 56516 56515
2 56513 56485
2 56474 56458
2 56451 56446
2 56435 56431
2 56427 56418
2 56417 56410
2 56405 56397
2 56396 56394
2 56385 56367
2 56364 56348
2 56342 56340
2 56329 56325
2 56324 56312
2 56304 56303
2 56284 56278
2 56254 56247
2 56218 56188
2 56146 56141
2 56135 56122
2 56121 56116
2 56114 56103
2 56099 56084
2 56080 56067
2 56047 56046
2 56039 56038
2 56034 56027
2 56023 56021
2 56017 56013
2 55989 55984
2 55979 55974
2 55970 55950
2 55947 55942
2 55941 55940
2 55939 55933
2 55931 55929
2 55922 55908
2 55905 55901
2 55899 55895
2 55891 55889
2 55870 55855
2 55851 55834
2 55826 55824
2 55821 55820
2 55815 55811
2 55809 55807
2 55799 55798
2 55797 55788
2 55772 55745
2 55740 55736
2 55735 55733
2 55727 55726
2 55718 55707
2 55702 55694
2 55690 55685
2 55683 55668
2 55664 55655
2 55648 55645
2 55634 55628
2 55622 55618
2 55610 55607
2 55606 55599
2 55597 55592
2 55581 55574
2 55572 55559
2 55550 55547
2 55535 55532
2 55518 55510
2 55509 55504
2 55501 55500
2 55497 55495
2 55494 55493
2 55492 55491
2 55488 55484
2 55481 55475
2 55471 55467
2 55460 55456
2 55454 55447
2 55435 55428
2 55414 55410
2 55408 55398
2 55396 55394
2 55393 55392
2 55390 55380
2 55379 55359
2 55350 55340
2 55333 55330
2 55325 55320
2 55315 55306
2 55299 55292
2 55274 55269
2 55255 55254
2 55242 55241
2 55239 55233
2 55229 55220
2 55217 55213
2 55211 55206
2 55204 55190
2 55188 55187
2 55176 55174
2 55156 55155
2 55148 55147
2 55140 55139
2 55131 55129
2 55121 55112
2 55099 55085
2 55081 55066
2 55062 55059
2 55048 55046
2 55037 55036
2 55023 55021
2 55018 55007
2 55001 54999
2 54994 54991
2 54990 54988
2 54969 54964
2 54935 54917
2 54911 54910
2 54901 54898
2 54897 54895
2 54894 54889
2 54880 54871
2 54858 54846
2 54842 54841
2 54835 54833
2 54827 54825
2 54815 54810
2 54809 54807
2 54806 54803
2 54795 54793
2 54771 54770
2 54752 54749
2 54739 54737
2 54736 54730
2 54724 54718
2 54708 54671
2 54670 54660
2 54657 54656
2 54646 54638
2 54637 54627
2 54617 54597
2 54596 54584
2 54573 54561
2 54559 54557
2 54555 54543
2 54536 54534
2 54528 54525
2 54524 54514
2 54499 54498
2 54497 54496
2 54494 54490
2 54487 54486
2 54481 54479
2 54475 54473
2 54471 54468
2 54457 54454
2 54445 54428
2 54427 54421
2 54420 54401
2 54398 54383
2 54381 54379
2 54359 54348
2 54347 54321
2 54314 54310
2 54308 54295
2 54287 54285
2 54282 54279
2 54275 54272
2 54269 54266
2 54252 54245
2 54242 54232
2 54230 54229
2 54222 54210
2 54208 54201
2 54200 54193
2 54187 54178
2 54173 54159
2 54145 54141
2 54137 54125
2 54124 54114
2 54109 54098
2 54096 54095
2 54089 54085
2 54059 54045
2 54032 54028
2 54013 54004
2 53984 53978
2 53968 53967
2 53959 53955
2 53953 53952
2 53947 53944
2 53938 53934
2 53918 53916
2 53908 53899
2 53897 53887
2 53885 53883
2 53875 53873
2 53871 53842
2 53839 53823
2 53819 53817
2 53812 53809
2 53806 53802
2 53797 53796
2 53791 53783
2 53769 53755
2 53751 53747
2 53711 53709
2 53698 53697
2 53688 53686
2 53677 53671
2 53661 53659
2 53651 53640
2 53625 53605
2 53603 53602
2 53596 53595
2 53584 53581
2 53578 53574
2 53573 53563
2 53560 53559
2 53556 53555
2 53546 53543
2 53539 53528
2 53520 53518
2 53509 53507
2 53499 53496
2 53487 53479
2 53474 53452
2 53443 53438
2 53435 53416
2 53415 53414
2 53409 53406
2 53392 53391
2 53375 53374
2 53370 53367
2 53362 53360
2 53358 53351
2 53350 53345
2 53337 53328
2 53326 53307
2 53294 53285
2 53277 53254
2 53250 53249
2 53246 53241
2 53231 53216
2 53204 53198
2 53194 53189
2 53188 53177
2 53175 53157
2 53152 53149
2 53136 53132
2 53122 53117
2 53109 53106
2 53096 53093
2 53085 53060
2 53058 53039
2 53037 53034
2 53029 53027
2 53024 53022
2 53017 53014
2 53013 52999
2 52997 52986
2 52980 52977
2 52972 52961
2 52949 52934
2 52932 52928
2 52905 52895
2 52892 52891
2 52885 52877
2 52873 52870
2 52865 52864
2 52844 52833
2 52821 52811
2 52802 52800
2 52799 52795
2 52788 52786
2 52781 52777
2 52771 52758
2 52755 52754
2 52745 52739
2 52738 52737
2 52734 52725
2 52712 52689
2 52688 52660
2 52658 52653
2 52652 52651
2 52634 52631
2 52624 52598
2 52583 52580
2 52578 52576
2 52575 52553
2 52551 52549
2 52539 52536
2 52532 52530
2 52528 52517
2 52516 52515
2 52512 52492
2 52490 52487
2 52481 52476
2 52460 52456
2 52432 52402
2 52397 52392
2 52391 52387
2 52375 52372
2 52364 52361
2 52351 52349
2 52344 52340
2 52326 52325
2 52317 52315
2 52314 52303
2 52293 52289
2 52285 52276
2 52275 52269
2 52257 52255
2 52239 52238
2 52225 52209
2 52188 52186
2 52185 52178
2 52177 52168
2 52163 52134
2 52122 52121
2 52114 52112
2 52109 52108
2 52087 52060
2 52057 52051
2 52048 52033
2 52026 52021
2 51993 51986
2 51982 51978
2 51974 51969
2 51966 51962
2 51958 51953
2 51939 51928
2 51925 51916
2 51915 51914
2 51909 51907
2 51903 51881
2 51855 51854
2 51848 51840
2 51811 51806
2 51805 51802
2 51800 51794
2 51788 51786
2 51774 51762
2 51737 51736
2 51731 51728
2 51720 51714
2 51711 51708
2 51689 51686
2 51674 51667
2 51665 51647
2 51644 51639
2 51638 51632
2 51621 51617
2 51609 51604
2 51593 51590
2 51587 51578
2 51562 51561
2 51531 51529
2 51526 51523
2 51516 51514
2 51510 51508
2 51496 51490
2 51486 51473
2 51470 51465
2 51458 51457
2 51443 51442
2 51436 51427
2 51426 51422
2 51416 51410
2 51399 51397
2 51389 51377
2 51375 51374
2 51371 51364
2 51363 51356
2 51347 51342
2 51308 51306
2 51305 51302
2 51292 51283
2 51277 51272
2 51271 51266
2 51262 51250
2 51245 51244
2 51239 51230
2 51228 51223
2 51215 51193
2 51189 51186
2 51184 51181
2 51162 51129
2 51117 51114
2 51103 51098
2 51095 51092
2 51091 51078
2 51077 51068
2 51067 51063
2 51055 51032
2 51030 51028
2 51025 51015
2 51012 51008
2 51004 50982
2 50981 50976
2 50972 50966
2 50960 50955
2 50951 50946
2 50945 50943
2 50919 50905
2 50902 50890
2 50881 50868
2 50867 50865
2 50834 50830
2 50822 50821
2 50815 50812
2 50807 50804
2 50802 50791
2 50790 50788
2 50759 50743
2 50740 50739
2 50734 50720
2 50691 50689
2 50674 50670
2 50636 50626
2 50609 50605
2 50603 50600
2 50596 50593
2 50569 50559
2 50554 50553
2 50549 50547
2 50546 50538
2 50526 50523
2 50521 50520
2 50515 50510
2 50502 50498
2 50450 50444
2 50443 50433
2 50431 50429
2 50427 50425
2 50424 50410
2 50402 50390
2 50388 50378
2 50376 50373
2 50360 50358
2 50353 50351
2 50350 50343
2 50332 50324
2 50322 50287
2 50285 50283
2 50276 50259
2 50258 50244
2 50237 50224
2 50213 50209
2 50206 50199
2 50197 50194
2 50181 50169
2 50164 50156
2 50149 50144
2 50132 50130
2 50126 50118
2 50117 50116
2 50115 50113
2 50092 50078
2 50070 50066
2 50062 50059
2 50056 50052
2 50049 50044
2 50037 50026
2 49999 49966
2 49960 49952
2 49946 49942
2 49930 49925
2 49918 49917
2 49915 49908
2 49899 49887
2 49886 49875
2 49864 49853
2 49839 49835
2 49821 49806
2 49786 49785
2 49781 49779
2 49778 49748
2 49747 49742
2 49739 49727
2 49721 49718
2 49712 49708
2 49700 49689
2 49660 49658
2 49655 49650
2 49649 49645
2 49634 49632
2 49617 49608
2 49600 49598
2 49589 49581
2 49571 49559
2 49552 49543
2 49537 49536
2 49534 49502
2 49493 49488
2 49460 49447
2 49443 49441
2 49439 49437
2 49431 49428
2 49425 49405
2 49397 49396
2 49394 49393
2 49391 49381
2 49348 49345
2 49339 49320
2 49317 49308
2 49307 49294
2 49289 49288
2 49284 49274
2 49273 49268
2 49262 49253
2 49251 49247
2 49234 49208
2 49203 49198
2 49194 49186
2 49174 49155
2 49145 49144
2 49129 49121
2 49109 49096
2 49087 49086
2 49080 49072
2 49042 49033
2 49014 49005
2 49002 48999
2 48981 48969
2 48966 48965
2 48955 48952
2 48951 48945
2 48935 48923
2 48917 48913
2 48904 48900
2 48888 48877
2 48871 48867
2 48855 48849
2 48830 48812
2 48811 48803
2 48802 48801
2 48796 48795
2 48792 48786
2 48782 48777
2 48766 48752
2 48746 48742
2 48739 48736
2 48734 48728
2 48716 48710
2 48662 48650
2 48639 48637
2 48635 48631
2 48626 48620
2 48611 48608
2 48602 48586
2 48584 48583
2 48571 48566
2 48563 48552
2 48550 48539
2 48531 48528
2 48524 48520
2 48493 48487
2 48482 48478
2 48473 48469
2 48464 48455
2 48453 48443
2 48437 48434
2 48424 48418
2 48414 48411
2 48388 48387
2 48380 48369
2 48364 48354
2 48351 48348
2 48345 48336
2 48335 48334
2 48328 48317
2 48316 48315
2 48302 48297
2 48294 48284
2 48281 48259
2 48250 48249
2 48211 48195
2 48182 48179
2 48178 48177
2 48165 48152
2 48147 48146
2 48145 48132
2 48128 48111
2 48101 48100
2 48096 48095
2 48082 48079
2 48073 48065
2 48062 48061
2 48059 48045
2 48034 48029
2 48018 48012
2 48001 48000
2 47992 47984
2 47983 47976
2 47958 47949
2 47947 47936
2 47932 47927
2 47925 47880
2 47874 47870
2 47869 47860
2 47853 47850
2 47848 47843
2 47842 47822
2 47811 47797
2 47792 47786
2 47784 47783
2 47777 47749
2 47743 47737
2 47735 47728
2 47723 47714
2 47709 47706
2 47701 47700
2 47698 47693
2 47692 47691
2 47687 47684
2 47674 47673
2 47667 47657
2 47654 47632
2 47630 47629
2 47626 47605
2 47591 47585
2 47579 47564
2 47547 47541
2 47539 47531
2 47517 47514
2 47511 47508
2 47507 47498
2 47491 47488
2 47481 47477
2 47464 47453
2 47451 47441
2 47439 47437
2 47434 47429
2 47423 47353
2 47339 47338
2 47332 47326
2 47325 47313
2 47304 47301
2 47299 47293
2 47267 47266
2 47248 47238
2 47235 47219
2 47215 47203
2 47198 47195
2 47193 47181
2 47174 47170
2 47167 47162
2 47152 47144
2 47142 47136
2 47134 47130
2 47127 47121
2 47119 47115
2 47094 47093
2 47076 47071
2 47058 47034
2 47015 46999
2 46991 46987
2 46984 46981
2 46978 46969
2 46968 46960
2 46945 46935
2 46923 46904
2 46899 46898
2 46897 46890
2 46886 46878
2 46871 46868
2 46865 46840
2 46838 46832
2 46829 46826
2 46819 46817
2 46816 46810
2 46809 46805
2 46800 46791
2 46790 46789
2 46784 46778
2 46774 46770
2 46763 46757
2 46755 46741
2 46738 46737
2 46734 46730
2 46728 46721
2 46714 46707
2 46705 46704
2 46697 46695
2 46691 46687
2 46686 46684
2 46683 46676
2 46672 46671
2 46664 46652
2 46646 46638
2 46628 46624
2 46619 46615
2 46611 46588
2 46572 46571
2 46566 46560
2 46557 46547
2 46523 46521
2 46519 46517
2 46509 46498
2 46493 46492
2 46490 46485
2 46477 46474
2 46421 46416
2 46415 46413
2 46409 46408
2 46399 46396
2 46394 46390
2 46383 46373
2 46370 46367
2 46356 46341
2 46338 46333
2 46323 46321
2 46319 46315
2 46314 46307
2 46299 46296
2 46290 46285
2 46284 46271
2 46260 46231
2 46226 46223
2 46219 46218
2 46214 46199
2 46197 46196
2 46186 46172
2 46171 46170
2 46156 46119
2 46118 46113
2 46098 46087
2 46084 46069
2 46064 46049
2 46040 46032
2 46018 46015
2 46012 46011
2 46003 45998
2 45981 45968
2 45959 45950
2 45939 45933
2 45930 45926
2 45924 45923
2 45893 45884
2 45881 45880
2 45876 45870
2 45865 45860
2 45856 45854
2 45850 45845
2 45844 45832
2 45828 45823
2 45822 45820
2 45812 45808
2 45804 45784
2 45770 45765
2 45752 45751
2 45744 45741
2 45730 45727
2 45724 45721
2 45715 45714
2 45712 45711
2 45692 45690
2 45681 45674
2 45672 45664
2 45644 45635
2 45634 45604
2 45600 45598
2 45597 45593
2 45592 45589
2 45584 45571
2 45565 45564
2 45561 45542
2 45539 45538
2 45535 45514
2 45511 45504
2 45495 45493
2 45482 45477
2 45476 45464
2 45461 45459
2 45445 45433
2 45426 45419
2 45416 45415
2 45395 45392
2 45385 45382
2 45377 45349
2 45341 45334
2 45331 45325
2 45318 45313
2 45311 45310
2 45307 45306
2 45298 45290
2 45283 45277
2 45264 45261
2 45260 45253
2 45241 45238
2 45231 45227
2 45222 45209
2 45191 45190
2 45178 45160
2 45157 45155
2 45152 45140
2 45131 45128
2 45127 45121
2 45119 45118
2 45113 45110
2 45106 45092
2 45091 45089
2 45081 45075
2 45073 45065
2 45057 45052
2 45048 45040
2 45030 45026
2 45020 45014
2 45012 44980
2 44971 44967
2 44941 44935
2 44931 44923
2 44917 44914
2 44911 44902
2 44896 44884
2 44876 44875
2 44874 44873
2 44867 44866
2 44862 44856
2 44854 44848
2 44841 44840
2 44836 44832
2 44824 44823
2 44819 44810
2 44804 44798
2 44782 44779
2 44774 44773
2 44763 44758
2 44739 44732
2 44726 44721
2 44716 44712
2 44710 44699
2 44694 44684
2 44681 44667
2 44663 44661
2 44640 44628
2 44615 44590
2 44567 44552
2 44544 44538
2 44537 44530
2 44526 44513
2 44511 44502
2 44500 44478
2 44459 44444
2 44443 44440
2 44435 44434
2 44423 44420
2 44419 44408
2 44401 44392
2 44388 44363
2 44361 44359
2 44353 44340
2 44331 44323
2 44307 44297
2 44295 44294
2 44293 44292
2 44286 44276
2 44269 44265
2 44253 44247
2 44244 44240
2 44239 44234
2 44204 44196
2 44179 44171
2 44164 44162
2 44121 44114
2 44106 44098
2 44091 44089
2 44087 44085
2 44084 44077
2 44074 44068
2 44044 44035
2 44031 44026
2 44022 44020
2 43979 43975
2 43966 43965
2 43963 43959
2 43957 43955
2 43953 43945
2 43924 43918
2 43913 43912
2 43906 43901
2 43892 43889
2 43887 43886
2 43871 43868
2 43865 43864
2 43862 43861
2 43859 43858
2 43857 43854
2 43850 43848
2 43846 43837
2 43829 43824
2 43822 43816
2 43813 43799
2 43796 43763
2 43754 43744
2 43735 43730
2 43726 43719
2 43702 43699
2 43689 43688
2 43681 43668
2 43662 43648
2 43645 43631
2 43610 43609
2 43604 43600
2 43590 43583
2 43578 43551
2 43548 43538
2 43534 43509
2 43507 43504
2 43498 43492
2 43490 43487
2 43473 43472
2 43470 43469
2 43464 43455
2 43450 43441
2 43432 43429
2 43428 43419
2 43409 43408
2 43407 43377
2 43371 43348
2 43347 43343
2 43339 43338
2 43337 43329
2 43328 43324
2 43321 43319
2 43312 43306
2 43303 43301
2 43298 43277
2 43271 43270
2 43266 43261
2 43254 43253
2 43250 43244
2 43239 43222
2 43208 43193
2 43191 43189
2 43188 43177
2 43173 43154
2 43151 43120
2 43118 43115
2 43112 43109
2 43105 43095
2 43087 43082
2 43078 43071
2 43070 43069
2 43066 43059
2 43057 43051
2 43040 43023
2 43016 43005
2 43004 43001
2 42990 42988
2 42980 42971
2 42955 42953
2 42943 42940
2 42927 42926
2 42925 42921
2 42918 42915
2 42914 42909
2 42902 42893
2 42891 42882
2 42881 42877
2 42871 42870
2 42859 42851
2 42848 42842
2 42838 42834
2 42823 42814
2 42804 42793
2 42792 42779
2 42765 42763
2 42749 42748
2 42740 42726
2 42694 42686
2 42680 42675
2 42672 42662
2 42652 42628
2 42619 42617
2 42600 42588
2 42578 42576
2 42567 42563
2 42558 42536
2 42535 42528
2 42519 42513
2 42505 42498
2 42493 42484
2 42474 42460
2 42452 42451
2 42447 42445
2 42442 42432
2 42430 42423
2 42415 42414
2 42401 42399
2 42397 42391
2 42389 42385
2 42378 42371
2 42368 42361
2 42360 42346
2 42343 42340
2 42338 42335
2 42320 42318
2 42299 42297
2 42294 42286
2 42278 42277
2 42276 42267
2 42257 42245
2 42240 42230
2 42227 42222
2 42217 42216
2 42210 42196
2 42195 42191
2 42176 42169
2 42168 42157
2 42156 42155
2 42148 42136
2 42121 42120
2 42117 42116
2 42110 42098
2 42097 42095
2 42088 42082
2 42078 42067
2 42056 42055
2 42051 42047
2 42043 42037
2 42035 42034
2 42029 42015
2 42009 42006
2 42005 42004
2 41996 41988
2 41985 41983
2 41980 41967
2 41965 41959
2 41950 41947
2 41943 41934
2 41923 41905
2 41879 41872
2 41864 41851
2 41849 41843
2 41841 41833
2 41827 41826
2 41822 41814
2 41812 41806
2 41785 41777
2 41774 41771
2 41760 41758
2 41751 41747
2 41738 41736
2 41721 41718
2 41716 41715
2 41707 41702
2 41697 41695
2 41684 41674
2 41673 41666
2 41661 41660
2 41644 41617
2 41606 41599
2 41589 41578
2 41575 41574
2 41566 41564
2 41558 41553
2 41551 41539
2 41537 41534
2 41524 41513
2 41512 41510
2 41489 41488
2 41481 41477
2 41468 41458
2 41442 41437
2 41422 41420
2 41392 41387
2 41385 41365
2 41360 41357
2 41355 41349
2 41342 41333
2 41323 41322
2 41318 41316
2 41312 41307
2 41305 41304
2 41303 41290
2 41288 41280
2 41277 41257
2 41250 41230
2 41227 41220
2 41219 41218
2 41209 41182
2 41180 41174
2 41173 41172
2 41171 41169
2 41161 41147
2 41135 41133
2 41124 41123
2 41121 41113
2 41101 41098
2 41097 41096
2 41095 41078
2 41077 41067
2 41052 41040
2 41037 41035
2 41033 41019
2 41013 41012
2 41010 41007
2 40986 40984
2 40983 40982
2 40980 40978
2 40976 40967
2 40963 40948
2 40947 40927
2 40916 40901
2 40895 40887
2 40882 40867
2 40859 40857
2 40855 40836
2 40833 40830
2 40827 40818
2 40799 40798
2 40797 40796
2 40782 40780
2 40778 40766
2 40762 40755
2 40750 40746
2 40732 40728
2 40721 40702
2 40699 40697
2 40695 40689
2 40684 40672
2 40658 40654
2 40652 40648
2 40626 40619
2 40599 40568
2 40566 40563
2 40562 40548
2 40547 40538
2 40535 40530
2 40529 40528
2 40524 40515
2 40510 40508
2 40497 40488
2 40485 40482
2 40481 40475
2 40468 40426
2 40419 40393
2 40387 40375
2 40372 40363
2 40359 40349
2 40340 40336
2 40335 40333
2 40331 40329
2 40328 40292
2 40290 40287
2 40284 40277
2 40272 40263
2 40248 40244
2 40231 40229
2 40224 40223
2 40215 40211
2 40209 40207
2 40199 40191
2 40185 40181
2 40177 40174
2 40172 40166
2 40156 40139
2 40135 40124
2 40121 40111
2 40107 40106
2 40103 40102
2 40096 40091
2 40082 40063
2 40058 40045
2 40039 40033
2 40021 40017
2 40008 40007
2 39993 39986
2 39983 39982
2 39972 39957
2 39956 39955
2 39952 39946
2 39938 39923
2 39918 39915
2 39908 39900
2 39896 39895
2 39889 39873
2 39853 39851
2 39849 39846
2 39829 39824
2 39821 39806
2 39800 39798
2 39797 39793
2 39787 39776
2 39761 39757
2 39742 39734
2 39728 39725
2 39715 39707
2 39705 39699
2 39682 39672
2 39658 39656
2 39650 39628
2 39623 39613
2 39598 39596
2 39593 39590
2 39582 39571
2 39570 39568
2 39546 39531
2 39521 39506
2 39492 39488
2 39483 39482
2 39467 39466
2 39455 39451
2 39442 39433
2 39426 39422
2 39420 39398
2 39385 39382
2 39376 39369
2 39366 39355
2 39354 39348
2 39347 39337
2 39328 39327
2 39323 39322
2 39310 39309
2 39291 39279
2 39255 39239
2 39234 39231
2 39223 39215
2 39196 39193
2 39185 39180
2 39171 39155
2 39154 39150
2 39147 39137
2 39136 39131
2 39126 39123
2 39121 39118
2 39107 39096
2 39094 39092
2 39083 39063
2 39056 39047
2 39028 39017
2 39013 39011
2 39007 39006
2 38992 38990
2 38984 38980
2 38977 38976
2 38975 38974
2 38970 38961
2 38958 38956
2 38945 38938
2 38932 38930
2 38923 38922
2 38918 38889
2 38887 38883
2 38882 38874
2 38867 38866
2 38857 38852
2 38825 38816
2 38814 38777
2 38768 38765
2 38763 38757
2 38751 38745
2 38741 38704
2 38697 38688
2 38663 38659
2 38656 38655
2 38643 38640
2 38634 38633
2 38626 38609
2 38602 38595
2 38593 38583
2 38567 38564
2 38562 38556
2 38553 38551
2 38550 38545
2 38523 38522
2 38518 38508
2 38499 38496
2 38494 38488
2 38485 38484
2 38481 38476
2 38464 38462
2 38456 38454
2 38445 38443
2 38437 38433
2 38417 38408
2 38402 38381
2 38378 38375
2 38374 38373
2 38368 38365
2 38352 38349
2 38322 38306
2 38304 38303
2 38286 38285
2 38280 38277
2 38271 38263
2 38257 38241
2 38220 38207
2 38206 38205
2 38200 38199
2 38197 38182
2 38176 38175
2 38165 38161
2 38157 38129
2 38128 38126
2 38110 38100
2 38092 38079
2 38072 38056
2 38054 38052
2 38040 38027
2 38017 38015
2 38001 38000
2 37988 37978
2 37976 37973
2 37966 37957
2 37953 37950
2 37943 37932
2 37929 37912
2 37896 37888
2 37886 37842
2 37841 37836
2 37831 37827
2 37826 37822
2 37815 37814
2 37812 37809
2 37808 37788
2 37755 37754
2 37752 37737
2 37736 37735
2 37715 37707
2 37704 37700
2 37690 37687
2 37686 37677
2 37673 37666
2 37664 37656
2 37650 37648
2 37646 37640
2 37635 37596
2 37595 37582
2 37571 37568
2 37538 37519
2 37518 37517
2 37477 37462
2 37458 37449
2 37446 37432
2 37428 37427
2 37415 37413
2 37410 37402
2 37398 37388
2 37380 37366
2 37360 37359
2 37356 37354
2 37348 37323
2 37321 37312
2 37299 37288
2 37284 37274
2 37271 37266
2 37265 37254
2 37252 37248
2 37243 37236
2 37226 37224
2 37217 37208
2 37205 37197
2 37188 37182
2 37178 37174
2 37167 37163
2 37142 37141
2 37120 37114
2 37109 37097
2 37093 37079
2 37078 37077
2 37075 37074
2 37071 37067
2 37057 37055
2 37054 37045
2 37042 37037
2 37036 37024
2 37021 37020
2 37009 36992
2 36989 36988
2 36985 36982
2 36980 36965
2 36961 36957
2 36955 36951
2 36946 36945
2 36939 36930
2 36919 36908
2 36886 36883
2 36873 36871
2 36860 36859
2 36849 36844
2 36837 36835
2 36829 36827
2 36825 36824
2 36818 36817
2 36816 36805
2 36793 36792
2 36785 36782
2 36777 36754
2 36751 36727
2 36726 36719
2 36716 36710
2 36709 36694
2 36691 36689
2 36682 36674
2 36673 36672
2 36669 36668
2 36662 36644
2 36636 36629
2 36627 36626
2 36621 36620
2 36609 36608
2 36600 36593
2 36585 36558
2 36556 36517
2 36513 36506
2 36490 36478
2 36476 36475
2 36472 36471
2 36448 36446
2 36429 36418
2 36402 36394
2 36392 36382
2 36374 36364
2 36359 36356
2 36353 36344
2 36342 36338
2 36335 36333
2 36330 36327
2 36323 36276
2 36272 36267
2 36261 36247
2 36243 36240
2 36239 36236
2 36234 36212
2 36210 36206
2 36187 36161
2 36159 36151
2 36149 36134
2 36133 36103
2 36101 36096
2 36092 36089
2 36083 36080
2 36067 36065
2 36051 36040
2 36015 35981
2 35967 35957
2 35943 35938
2 35937 35936
2 35932 35925
2 35918 35913
2 35904 35880
2 35876 35863
2 35857 35850
2 35843 35842
2 35840 35835
2 35825 35818
2 35817 35815
2 35811 35805
2 35797 35789
2 35775 35769
2 35767 35751
2 35738 35724
2 35697 35691
2 35685 35684
2 35677 35671
2 35670 35652
2 35636 35628
2 35626 35599
2 35595 35591
2 35585 35578
2 35577 35567
2 35561 35556
2 35546 35540
2 35539 35536
2 35528 35526
2 35518 35517
2 35509 35503
2 35499 35495
2 35490 35484
2 35476 35475
2 35455 35448
2 35445 35435
2 35417 35408
2 35402 35401
2 35396 35392
2 35388 35383
2 35380 35376
2 35357 35333
2 35327 35316
2 35310 35309
2 35305 35304
2 35298 35296
2 35295 35284
2 35278 35275
2 35274 35271
2 35266 35252
2 35251 35249
2 35245 35240
2 35233 35230
2 35204 35200
2 35199 35196
2 35183 35182
2 35179 35177
2 35175 35171
2 35167 35166
2 35162 35161
2 35151 35148
2 35138 35137
2 35128 35122
2 35112 35104
2 35103 35102
2 35095 35088
2 35082 35079
2 35072 35068
2 35067 35059
2 35053 35051
2 35050 35045
2 35039 35028
2 35023 35022
2 35021 35018
2 35014 35006
2 34997 34987
2 34984 34967
2 34963 34952
2 34943 34940
2 34939 34933
2 34932 34931
2 34930 34928
2 34916 34907
2 34903 34895
2 34891 34884
2 34882 34879
2 34878 34872
2 34867 34863
2 34861 34859
2 34856 34843
2 34841 34836
2 34830 34829
2 34819 34810
2 34803 34797
2 34796 34795
2 34790 34786
2 34784 34783
2 34773 34766
2 34752 34747
2 34746 34743
2 34725 34714
2 34707 34705
2 34681 34679
2 34674 34665
2 34661 34657
2 34639 34638
2 34632 34624
2 34602 34601
2 34596 34592
2 34587 34585
2 34582 34580
2 34559 34555
2 34545 34543
2 34542 34534
2 34529 34514
2 34512 34494
2 34492 34489
2 34488 34479
2 34471 34467
2 34460 34437
2 34423 34410
2 34405 34404
2 34396 34390
2 34385 34369
2 34362 34359
2 34347 34346
2 34345 34343
2 34330 34324
2 34319 34308
2 34302 34301
2 34298 34295
2 34291 34288
2 34287 34284
2 34276 34272
2 34261 34244
2 34239 34233
2 34225 34222
2 34219 34218
2 34214 34211
2 34205 34200
2 34197 34194
2 34192 34181
2 34175 34166
2 34160 34144
2 34143 34141
2 34134 34122
2 34102 34094
2 34058 34054
2 34053 34050
2 34046 34045
2 34034 34033
2 34028 34011
2 34006 33998
2 33996 33992
2 33991 33983
2 33974 33970
2 33968 33964
2 33958 33954
2 33939 33928
2 33916 33893
2 33886 33882
2 33879 33878
2 33857 33847
2 33846 33845
2 33832 33830
2 33828 33826
2 33822 33810
2 33789 33785
2 33770 33767
2 33763 33761
2 33758 33744
2 33733 33729
2 33723 33714
2 33713 33712
2 33703 33701
2 33696 33689
2 33674 33673
2 33670 33665
2 33662 33647
2 33625 33617
2 33607 33593
2 33575 33571
2 33560 33553
2 33550 33549
2 33547 33534
2 33529 33523
2 33516 33515
2 33513 33508
2 33491 33483
2 33478 33476
2 33473 33467
2 33466 33455
2 33452 33451
2 33449 33445
2 33437 33435
2 33434 33429
2 33400 33393
2 33385 33384
2 33380 33377
2 33374 33373
2 33372 33346
2 33339 33337
2 33325 33320
2 33307 33287
2 33285 33271
2 33270 33266
2 33263 33253
2 33227 33225
2 33222 33212
2 33210 33200
2 33197 33195
2 33184 33181
2 33179 33172
2 33171 33168
2 33144 33142
2 33141 33139
2 33138 33135
2 33121 33116
2 33112 33110
2 33093 33091
2 33083 33075
2 33072 33062
2 33057 33049
2 33043 33033
2 33019 33018
2 33014 32989
2 32975 32960
2 32949 32947
2 32932 32930
2 32928 32911
2 32905 32898
2 32890 32886
2 32878 32864
2 32854 32832
2 32816 32810
2 32807 32804
2 32797 32773
2 32756 32754
2 32716 32715
2 32712 32710
2 32706 32701
2 32699 32696
2 32694 32689
2 32685 32680
2 32670 32668
2 32666 32662
2 32652 32648
2 32640 32615
2 32609 32596
2 32590 32567
2 32564 32562
2 32561 32554
2 32551 32538
2 32537 32529
2 32528 32527
2 32511 32510
2 32501 32491
2 32489 32488
2 32480 32477
2 32473 32472
2 32471 32453
2 32440 32438
2 32437 32434
2 32418 32408
2 32390 32383
2 32376 32372
2 32370 32366
2 32361 32342
2 32333 32331
2 32327 32309
2 32292 32289
2 32286 32264
2 32262 32247
2 32243 32242
2 32239 32234
2 32228 32225
2 32218 32216
2 32213 32211
2 32210 32193
2 32192 32189
2 32175 32174
2 32164 32163
2 32140 32129
2 32128 32116
2 32104 32101
2 32096 32088
2 32083 32082
2 32076 32072
2 32049 32048
2 32045 32034
2 32032 32031
2 32028 32027
2 32019 32015
2 32002 31993
2 31987 31981
2 31980 31965
2 31964 31960
2 31959 31958
2 31947 31935
2 31933 31930
2 31925 31920
2 31918 31913
2 31891 31886
2 31857 31849
2 31846 31843
2 31837 31835
2 31831 31817
2 31806 31803
2 31798 31795
2 31789 31782
2 31781 31772
2 31755 31745
2 31739 31734
2 31732 31725
2 31721 31719
2 31716 31688
2 31687 31682
2 31680 31665
2 31662 31660
2 31654 31630
2 31613 31602
2 31597 31593
2 31591 31572
2 31571 31568
2 31563 31550
2 31544 31527
2 31524 31520
2 31512 31508
2 31505 31497
2 31492 31491
2 31486 31485
2 31480 31476
2 31468 31465
2 31461 31430
2 31427 31422
2 31421 31419
2 31386 31370
2 31366 31365
2 31349 31341
2 31339 31338
2 31336 31327
2 31322 31317
2 31316 31313
2 31310 31309
2 31307 31306
2 31304 31295
2 31283 31281
2 31280 31258
2 31257 31248
2 31246 31237
2 31227 31221
2 31215 31211
2 31208 31204
2 31191 31190
2 31178 31173
2 31172 31168
2 31153 31144
2 31135 31130
2 31128 31119
2 31112 31106
2 31090 31079
2 31075 31073
2 31065 31041
2 31038 31037
2 31036 31034
2 31027 31023
2 31022 31016
2 31014 31006
2 31000 30986
2 30974 30968
2 30964 30962
2 30959 30949
2 30947 30945
2 30942 30909
2 30907 30898
2 30893 30884
2 30882 30879
2 30876 30869
2 30867 30855
2 30853 30840
2 30830 30827
2 30825 30823
2 30816 30798
2 30790 30782
2 30766 30755
2 30743 30742
2 30737 30730
2 30728 30727
2 30725 30722
2 30714 30699
2 30698 30683
2 30675 30668
2 30667 30648
2 30641 30637
2 30634 30632
2 30625 30621
2 30620 30608
2 30605 30597
2 30592 30591
2 30586 30583
2 30581 30577
2 30574 30569
2 30567 30561
2 30552 30549
2 30548 30515
2 30513 30499
2 30489 30486
2 30478 30466
2 30464 30453
2 30449 30438
2 30432 30416
2 30400 30396
2 30391 30387
2 30380 30373
2 30359 30356
2 30354 30350
2 30347 30342
2 30340 30337
2 30327 30302
2 30300 30277
2 30273 30268
2 30248 30239
2 30236 30233
2 30232 30231
2 30224 30197
2 30169 30168
2 30156 30151
2 30150 30133
2 30132 30119
2 30083 30075
2 30071 30049
2 30044 30041
2 30033 30028
2 30005 30004
2 30000 29999
2 29987 29981
2 29974 29944
2 29938 29937
2 29936 29935
2 29930 29920
2 29917 29911
2 29888 29863
2 29861 29858
2 29851 29848
2 29845 29843
2 29828 29818
2 29812 29807
2 29787 29785
2 29776 29773
2 29762 29758
2 29751 29747
2 29737 29736
2 29728 29700
2 29696 29694
2 29677 29673
2 29663 29661
2 29660 29654
2 29652 29650
2 29648 29646
2 29639 29633
2 29624 29609
2 29601 29600
2 29593 29588
2 29587 29585
2 29583 29571
2 29565 29563
2 29561 29560
2 29553 29552
2 29546 29533
2 29521 29518
2 29486 29478
2 29467 29463
2 29462 29452
2 29444 29434
2 29431 29423
2 29421 29407
2 29406 29392
2 29386 29383
2 29381 29379
2 29374 29372
2 29363 29346
2 29343 29332
2 29323 29295
2 29294 29292
2 29289 29286
2 29284 29280
2 29269 29267
2 29244 29240
2 29238 29227
2 29222 29204
2 29192 29191
2 29188 29179
2 29176 29166
2 29161 29141
2 29140 29135
2 29128 29127
2 29121 29120
2 29117 29112
2 29099 29094
2 29085 29081
2 29080 29079
2 29077 29071
2 29064 29062
2 29046 29040
2 29035 29031
2 29014 29012
2 28996 28962
2 28961 28953
2 28949 28944
2 28939 28922
2 28918 28904
2 28897 28896
2 28890 28888
2 28885 28882
2 28874 28866
2 28863 28854
2 28849 28834
2 28832 28829
2 28818 28809
2 28797 28796
2 28795 28785
2 28773 28769
2 28758 28755
2 28754 28750
2 28747 28746
2 28744 28739
2 28733 28724
2 28691 28684
2 28683 28679
2 28677 28670
2 28663 28642
2 28638 28631
2 28619 28614
2 28611 28608
2 28607 28605
2 28596 28594
2 28585 28578
2 28570 28568
2 28567 28560
2 28549 28548
2 28547 28538
2 28525 28522
2 28520 28513
2 28509 28492
2 28479 28461
2 28460 28456
2 28447 28446
2 28435 28427
2 28423 28420
2 28416 28414
2 28413 28406
2 28394 28381
2 28367 28362
2 28361 28355
2 28352 28350
2 28347 28341
2 28333 28330
2 28328 28321
2 28314 28312
2 28304 28293
2 28276 28268
2 28247 28245
2 28237 28232
2 28225 28208
2 28206 28195
2 28194 28179
2 28167 28166
2 28158 28148
2 28145 28141
2 28139 28136
2 28131 28117
2 28105 28100
2 28097 28090
2 28086 28073
2 28072 28069
2 28065 28063
2 28060 28045
2 28038 28035
2 28024 28020
2 28017 28014
2 28013 28011
2 28004 27993
2 27982 27966
2 27964 27960
2 27956 27946
2 27944 27937
2 27931 27924
2 27911 27910
2 27902 27891
2 27889 27887
2 27880 27877
2 27859 27853
2 27840 27822
2 27821 27820
2 27817 27810
2 27797 27794
2 27786 27780
2 27779 27778
2 27769 27763
2 27744 27732
2 27727 27722
2 27718 27712
2 27711 27708
2 27707 27702
2 27696 27690
2 27681 27680
2 27679 27666
2 27662 27651
2 27646 27635
2 27631 27624
2 27619 27616
2 27613 27612
2 27610 27608
2 27606 27596
2 27595 27593
2 27591 27590
2 27564 27561
2 27557 27554
2 27545 27534
2 27529 27527
2 27523 27511
2 27510 27508
2 27503 27502
2 27488 27483
2 27478 27470
2 27454 27436
2 27435 27432
2 27420 27409
2 27407 27398
2 27397 27388
2 27378 27365
2 27363 27352
2 27351 27335
2 27321 27315
2 27314 27313
2 27292 27285
2 27273 27269
2 27265 27243
2 27240 27235
2 27233 27232
2 27227 27226
2 27224 27209
2 27198 27197
2 27194 27189
2 27177 27173
2 27171 27167
2 27163 27161
2 27154 27132
2 27128 27110
2 27107 27104
2 27098 27085
2 27083 27076
2 27075 27071
2 27069 27061
2 27052 27041
2 27038 27023
2 27019 27009
2 27007 27005
2 26994 26986
2 26983 26967
2 26962 26957
2 26948 26928
2 26927 26921
2 26900 26896
2 26894 26890
2 26875 26873
2 26869 26863
2 26862 26851
2 26850 26849
2 26835 26829
2 26827 26816
2 26799 26796
2 26791 26789
2 26785 26768
2 26740 26734
2 26714 26707
2 26666 26659
2 26658 26656
2 26654 26649
2 26648 26644
2 26630 26629
2 26623 26619
2 26603 26600
2 26583 26572
2 26549 26548
2 26543 26532
2 26531 26521
2 26516 26515
2 26510 26497
2 26490 26467
2 26465 26463
2 26458 26456
2 26453 26452
2 26428 26427
2 26420 26411
2 26407 26402
2 26400 26392
2 26384 26381
2 26376 26357
2 26350 26347
2 26331 26329
2 26327 26325
2 26323 26317
2 26296 26289
2 26281 26274
2 26262 26253
2 26247 26241
2 26236 26212
2 26211 26206
2 26203 26201
2 26194 26193
2 26192 26191
2 26176 26149
2 26143 26142
2 26138 26127
2 26110 26109
2 26100 26095
2 26090 26086
2 26073 26051
2 26040 26035
2 26025 26024
2 26015 26014
2 26011 26003
2 26000 25999
2 25997 25995
2 25991 25986
2 25982 25977
2 25976 25972
2 25969 25961
2 25952 25951
2 25944 25931
2 25917 25905
2 25896 25889
2 25885 25883
2 25881 25875
2 25857 25841
2 25839 25834
2 25832 25816
2 25812 25806
2 25799 25792
2 25791 25785
2 25777 25776
2 25774 25765
2 25737 25728
2 25727 25714
2 25713 25709
2 25702 25691
2 25674 25669
2 25665 25659
2 25657 25651
2 25642 25641
2 25638 25623
2 25615 25598
2 25589 25567
2 25555 25550
2 25548 25545
2 25538 25537
2 25533 25523
2 25510 25503
2 25495 25487
2 25478 25469
2 25460 25445
2 25443 25432
2 25425 25420
2 25419 25417
2 25414 25390
2 25382 25381
2 25379 25378
2 25366 25360
2 25353 25348
2 25346 25341
2 25336 25331
2 25327 25325
2 25322 25320
2 25317 25309
2 25305 25304
2 25302 25295
2 25284 25279
2 25253 25249
2 25230 25223
2 25201 25197
2 25183 25170
2 25162 25143
2 25119 25116
2 25110 25098
2 25091 25086
2 25084 25082
2 25076 25073
2 25068 25056
2 25048 25032
2 25030 25029
2 25024 25018
2 25011 25009
2 25007 25006
2 25005 24984
2 24983 24955
2 24944 24937
2 24931 24930
2 24929 24928
2 24914 24913
2 24912 24909
2 24908 24906
2 24901 24896
2 24885 24878
2 24873 24865
2 24863 24862
2 24851 24840
2 24837 24829
2 24811 24795
2 24772 24764
2 24760 24752
2 24750 24730
2 24729 24726
2 24724 24722
2 24715 24674
2 24671 24665
2 24664 24658
2 24653 24652
2 24650 24643
2 24642 24631
2 24627 24625
2 24617 24616
2 24610 24602
2 24599 24580
2 24575 24572
2 24570 24544
2 24539 24534
2 24533 24531
2 24522 24512
2 24508 24507
2 24501 24498
2 24492 24486
2 24485 24481
2 24480 24467
2 24466 24455
2 24438 24435
2 24434 24428
2 24426 24416
2 24413 24411
2 24405 24387
2 24383 24380
2 24378 24374
2 24372 24355
2 24349 24347
2 24331 24320
2 24318 24310
2 24305 24296
2 24295 24288
2 24285 24276
2 24271 24268
2 24267 24259
2 24257 24255
2 24254 24251
2 24248 24245
2 24238 24236
2 24211 24201
2 24200 24198
2 24177 24175
2 24158 24156
2 24140 24137
2 24134 24130
2 24129 24128
2 24124 24117
2 24106 24104
2 24098 24096
2 24071 24069
2 24051 24044
2 24040 24036
2 24031 24015
2 23998 23996
2 23980 23979
2 23969 23960
2 23946 23940
2 23938 23936
2 23921 23912
2 23907 23905
2 23884 23870
2 23867 23864
2 23855 23846
2 23842 23839
2 23838 23837
2 23809 23808
2 23797 23782
2 23759 23753
2 23751 23738
2 23736 23735
2 23730 23729
2 23722 23711
2 23710 23709
2 23698 23693
2 23690 23688
2 23686 23661
2 23652 23640
2 23633 23619
2 23618 23611
2 23603 23593
2 23589 23584
2 23579 23576
2 23567 23552
2 23548 23536
2 23532 23529
2 23519 23517
2 23516 23515
2 23511 23507
2 23479 23473
2 23458 23447
2 23432 23428
2 23427 23425
2 23419 23412
2 23385 23381
2 23373 23362
2 23356 23352
2 23343 23340
2 23326 23310
2 23298 23296
2 23285 23264
2 23254 23236
2 23230 23224
2 23223 23215
2 23211 23188
2 23149 23131
2 23129 23121
2 23110 23105
2 23099 23072
2 23065 23056
2 23047 23040
2 23024 23008
2 23005 22986
2 22984 22977
2 22969 22964
2 22951 22945
2 22932 22922
2 22913 22912
2 22911 22910
2 22905 22902
2 22901 22899
2 22896 22888
2 22880 22871
2 22869 22866
2 22857 22856
2 22853 22852
2 22834 22833
2 22825 22815
2 22790 22768
2 22762 22747
2 22744 22727
2 22726 22725
2 22712 22710
2 22705 22703
2 22700 22697
2 22692 22688
2 22675 22665
2 22656 22651
2 22649 22642
2 22633 22627
2 22622 22620
2 22585 22566
2 22564 22562
2 22557 22551
2 22546 22545
2 22542 22540
2 22538 22531
2 22527 22521
2 22518 22508
2 22499 22482
2 22480 22478
2 22476 22470
2 22466 22463
2 22458 22457
2 22450 22449
2 22425 22405
2 22393 22387
2 22376 22364
2 22358 22356
2 22339 22326
2 22321 22318
2 22293 22291
2 22287 22285
2 22282 22281
2 22271 22254
2 22249 22242
2 22241 22239
2 22236 22235
2 22221 22217
2 22216 22202
2 22190 22184
2 22176 22167
2 22166 22151
2 22146 22139
2 22138 22131
2 22126 22120
2 22119 22115
2 22088 22083
2 22080 22065
2 22054 22031
2 22003 21998
2 21986 21984
2 21983 21969
2 21966 21964
2 21962 21951
2 21937 21936
2 21903 21885
2 21875 21871
2 21868 21860
2 21856 21848
2 21843 21840
2 21837 21834
2 21829 21824
2 21819 21818
2 21812 21796
2 21784 21780
2 21772 21767
2 21756 21746
2 21743 21727
2 21725 21719
2 21714 21704
2 21699 21697
2 21696 21695
2 21689 21679
2 21678 21661
2 21656 21654
2 21630 21603
2 21599 21598
2 21596 21579
2 21564 21550
2 21540 21533
2 21531 21524
2 21517 21515
2 21514 21503
2 21494 21493
2 21491 21485
2 21468 21467
2 21464 21458
2 21444 21438
2 21424 21408
2 21407 21406
2 21403 21402
2 21394 21392
2 21390 21386
2 21379 21368
2 21362 21356
2 21344 21329
2 21321 21313
2 21288 21281
2 21278 21277
2 21276 21261
2 21259 21236
2 21232 21216
2 21199 21194
2 21183 21161
2 21157 21155
2 21143 21130
2 21129 21128
2 21123 21121
2 21120 21117
2 21113 21112
2 21100 21099
2 21096 21066
2 21058 21053
2 21045 21023
2 21022 21014
2 21012 20989
2 20987 20983
2 20957 20942
2 20930 20922
2 20913 20912
2 20888 20887
2 20874 20867
2 20866 20859
2 20840 20834
2 20816 20802
2 20781 20757
2 20754 20739
2 20725 20717
2 20691 20687
2 20676 20674
2 20667 20654
2 20638 20637
2 20604 20603
2 20602 20599
2 20595 20594
2 20591 20587
2 20578 20570
2 20558 20549
2 20546 20540
2 20535 20525
2 20507 20504
2 20502 20496
2 20491 20477
2 20463 20445
2 20443 20442
2 20437 20430
2 20425 20422
2 20412 20401
2 20391 20390
2 20385 20381
2 20353 20349
2 20339 20334
2 20327 20320
2 20314 20310
2 20309 20304
2 20279 20275
2 20274 20270
2 20265 20263
2 20255 20254
2 20245 20231
2 20228 20214
2 20209 20207
2 20190 20184
2 20182 20179
2 20174 20169
2 20157 20155
2 20146 20139
2 20136 20135
2 20127 20119
2 20105 20090
2 20078 20077
2 20076 20071
2 20066 20064
2 20060 20058
2 20057 20051
2 20046 20045
2 20039 20026
2 20023 20022
2 20021 20018
2 20017 20002
2 19995 19988
2 19974 19969
2 19968 19962
2 19959 19941
2 19926 19906
2 19905 19899
2 19891 19889
2 19888 19880
2 19877 19876
2 19874 19870
2 19862 19860
2 19858 19856
2 19855 19854
2 19852 19845
2 19840 19838
2 19835 19833
2 19832 19828
2 19820 19812
2 19810 19804
2 19803 19802
2 19793 19785
2 19783 19779
2 19776 19771
2 19769 19744
2 19742 19734
2 19733 19728
2 19725 19699
2 19689 19685
2 19684 19683
2 19682 19667
2 19665 19657
2 19644 19638
2 19631 19617
2 19616 19614
2 19593 19584
2 19575 19574
2 19566 19565
2 19560 19548
2 19544 19540
2 19539 19532
2 19529 19527
2 19523 19514
2 19510 19501
2 19500 19493
2 19492 19484
2 19480 19478
2 19468 19467
2 19460 19456
2 19455 19446
2 19445 19444
2 19434 19432
2 19429 19419
2 19409 19408
2 19406 19404
2 19389 19387
2 19362 19360
2 19350 19331
2 19330 19327
2 19314 19308
2 19305 19287
2 19275 19266
2 19258 19248
2 19247 19246
2 19239 19237
2 19225 19217
2 19213 19206
2 19200 19198
2 19196 19194
2 19192 19181
2 19177 19170
2 19165 19164
2 19162 19160
2 19156 19153
2 19152 19150
2 19147 19146
2 19145 19137
2 19132 19128
2 19124 19115
2 19103 19095
2 19091 19084
2 19083 19082
2 19076 19073
2 19049 19038
2 19036 19035
2 19027 19020
2 19017 19014
2 19013 19011
2 19006 18996
2 18992 18990
2 18979 18976
2 18973 18971
2 18960 18932
2 18931 18927
2 18919 18916
2 18885 18883
2 18873 18868
2 18865 18864
2 18856 18854
2 18851 18850
2 18846 18842
2 18839 18838
2 18834 18822
2 18819 18803
2 18799 18780
2 18772 18766
2 18758 18743
2 18726 18719
2 18698 18691
2 18681 18675
2 18666 18663
2 18657 18655
2 18653 18638
2 18631 18627
2 18604 18600
2 18598 18597
2 18596 18577
2 18573 18566
2 18561 18552
2 18547 18543
2 18542 18532
2 18526 18524
2 18511 18507
2 18505 18500
2 18495 18471
2 18466 18462
2 18459 18448
2 18438 18436
2 18426 18424
2 18422 18412
2 18410 18383
2 18378 18360
2 18357 18352
2 18342 18339
2 18334 18324
2 18317 18310
2 18296 18287
2 18281 18277
2 18274 18263
2 18261 18259
2 18257 18253
2 18225 18222
2 18218 18212
2 18209 18206
2 18205 18204
2 18196 18188
2 18180 18178
2 18176 18167
2 18157 18152
2 18143 18116
2 18115 18109
2 18100 18071
2 18066 18052
2 18048 18044
2 18036 18020
2 18006 17993
2 17990 17989
2 17983 17982
2 17954 17929
2 17926 17921
2 17915 17903
2 17900 17881
2 17876 17874
2 17862 17861
2 17848 17842
2 17831 17829
2 17825 17816
2 17804 17800
2 17794 17786
2 17779 17771
2 17764 17752
2 17743 17737
2 17727 17725
2 17723 17722
2 17709 17706
2 17703 17700
2 17696 17686
2 17680 17673
2 17672 17656
2 17639 17594
2 17593 17583
2 17571 17569
2 17567 17558
2 17553 17544
2 17537 17519
2 17506 17496
2 17489 17482
2 17479 17471
2 17465 17460
2 17454 17450
2 17438 17426
2 17418 17414
2 17413 17408
2 17404 17399
2 17391 17387
2 17385 17382
2 17378 17377
2 17372 17368
2 17360 17352
2 17350 17349
2 17348 17346
2 17332 17315
2 17306 17277
2 17269 17264
2 17254 17252
2 17242 17240
2 17239 17236
2 17234 17232
2 17230 17225
2 17223 17222
2 17221 17209
2 17204 17192
2 17175 17164
2 17158 17152
2 17150 17149
2 17140 17132
2 17126 17125
2 17124 17123
2 17120 17110
2 17103 17097
2 17091 17089
2 17067 17061
2 17032 17021
2 17010 16986
2 16983 16982
2 16981 16976
2 16974 16971
2 16962 16960
2 16951 16944
2 16917 16914
2 16911 16910
2 16906 16896
2 16885 16880
2 16879 16858
2 16842 16838
2 16837 16834
2 16816 16811
2 16806 16803
2 16796 16785
2 16772 16770
2 16769 16767
2 16761 16749
2 16742 16734
2 16731 16729
2 16712 16711
2 16710 16706
2 16702 16678
2 16675 16671
2 16647 16645
2 16644 16642
2 16637 16635
2 16620 16615
2 16606 16594
2 16580 16579
2 16575 16572
2 16571 16559
2 16547 16545
2 16535 16529
2 16527 16520
2 16509 16501
2 16500 16487
2 16479 16477
2 16476 16474
2 16473 16471
2 16469 16465
2 16457 16449
2 16447 16441
2 16440 16431
2 16425 16423
2 16416 16409
2 16404 16402
2 16399 16389
2 16388 16375
2 16374 16369
2 16366 16346
2 16343 16333
2 16331 16322
2 16316 16300
2 16297 16289
2 16284 16282
2 16264 16262
2 16250 16249
2 16243 16242
2 16224 16221
2 16218 16214
2 16200 16198
2 16192 16187
2 16182 16180
2 16172 16146
2 16141 16140
2 16137 16130
2 16128 16123
2 16121 16094
2 16076 16065
2 16059 16056
2 16046 16045
2 16041 16037
2 16031 16030
2 16010 16007
2 16005 15998
2 15989 15984
2 15969 15962
2 15961 15958
2 15957 15947
2 15938 15927
2 15924 15921
2 15918 15886
2 15882 15880
2 15862 15858
2 15849 15844
2 15810 15808
2 15805 15803
2 15793 15781
2 15780 15764
2 15763 15745
2 15737 15730
2 15726 15722
2 15720 15711
2 15710 15692
2 15671 15661
2 15645 15641
2 15636 15623
2 15621 15617
2 15616 15609
2 15606 15599
2 15594 15590
2 15585 15584
2 15574 15571
2 15567 15563
2 15560 15558
2 15550 15533
2 15532 15529
2 15518 15517
2 15514 15513
2 15510 15509
2 15506 15488
2 15485 15484
2 15482 15476
2 15472 15466
2 15453 15452
2 15449 15422
2 15419 15409
2 15407 15399
2 15397 15391
2 15388 15383
2 15381 15377
2 15376 15375
2 15372 15371
2 15370 15364
2 15358 15338
2 15336 15316
2 15313 15308
2 15307 15303
2 15299 15293
2 15291 15288
2 15286 15281
2 15272 15264
2 15258 15255
2 15246 15238
2 15237 15228
2 15204 15202
2 15193 15185
2 15170 15168
2 15159 15151
2 15145 15129
2 15122 15121
2 15107 15100
2 15097 15096
2 15086 15081
2 15079 15077
2 15053 15049
2 15041 15027
2 15019 15001
2 14999 14990
2 14985 14984
2 14981 14975
2 14951 14928
2 14926 14921
2 14912 14909
2 14905 14897
2 14873 14872
2 14869 14865
2 14849 14846
2 14845 14841
2 14819 14812
2 14807 14803
2 14802 14796
2 14783 14781
2 14765 14763
2 14748 14744
2 14742 14737
2 14728 14723
2 14722 14716
2 14713 14705
2 14701 14698
2 14681 14679
2 14675 14656
2 14654 14647
2 14643 14639
2 14637 14635
2 14625 14607
2 14604 14601
2 14591 14587
2 14579 14578
2 14577 14565
2 14560 14559
2 14553 14543
2 14521 14516
2 14514 14511
2 14489 14482
2 14476 14474
2 14465 14461
2 14455 14452
2 14449 14443
2 14442 14435
2 14428 14420
2 14414 14413
2 14406 14404
2 14391 14384
2 14379 14378
2 14374 14369
2 14362 14351
2 14350 14349
2 14334 14332
2 14331 14327
2 14323 14312
2 14308 14306
2 14298 14290
2 14289 14281
2 14278 14273
2 14262 14261
2 14256 14245
2 14211 14194
2 14181 14176
2 14166 14154
2 14150 14149
2 14136 14131
2 14124 14104
2 14103 14093
2 14086 14081
2 14059 14058
2 14056 14045
2 14042 14040
2 14039 14036
2 14035 14030
2 14028 14023
2 14020 14007
2 13995 13992
2 13991 13981
2 13969 13964
2 13954 13935
2 13924 13921
2 13912 13907
2 13906 13905
2 13900 13897
2 13893 13881
2 13875 13867
2 13854 13850
2 13842 13831
2 13828 13802
2 13794 13791
2 13783 13775
2 13774 13767
2 13765 13750
2 13747 13746
2 13740 13737
2 13720 13709
2 13708 13701
2 13685 13669
2 13660 13643
2 13633 13624
2 13620 13614
2 13612 13606
2 13605 13596
2 13570 13544
2 13540 13511
2 13503 13495
2 13461 13457
2 13452 13437
2 13435 13433
2 13431 13429
2 13417 13413
2 13412 13407
2 13401 13397
2 13396 13379
2 13378 13366
2 13358 13343
2 13334 13318
2 13314 13312
2 13308 13307
2 13306 13302
2 13296 13275
2 13269 13256
2 13251 13236
2 13235 13233
2 13223 13214
2 13210 13209
2 13186 13183
2 13171 13164
2 13126 13121
2 13118 13117
2 13111 13108
2 13098 13088
2 13081 13080
2 13078 13056
2 13049 13043
2 13034 13024
2 13017 13006
2 13001 12995
2 12993 12989
2 12985 12984
2 12967 12961
2 12960 12959
2 12952 12930
2 12925 12920
2 12913 12910
2 12908 12907
2 12902 12894
2 12878 12866
2 12862 12855
2 12853 12848
2 12839 12834
2 12825 12824
2 12814 12811
2 12792 12789
2 12786 12782
2 12778 12777
2 12762 12761
2 12753 12745
2 12743 12740
2 12739 12737
2 12734 12723
2 12722 12720
2 12715 12699
2 12696 12685
2 12683 12680
2 12678 12671
2 12667 12666
2 12636 12632
2 12616 12608
2 12607 12601
2 12595 12589
2 12578 12575
2 12554 12551
2 12545 12541
2 12529 12524
2 12516 12507
2 12502 12496
2 12486 12483
2 12479 12475
2 12468 12452
2 12449 12446
2 12442 12435
2 12430 12428
2 12425 12422
2 12421 12404
2 12401 12381
2 12380 12364
2 12361 12358
2 12355 12346
2 12336 12334
2 12333 12327
2 12326 12321
2 12301 12288
2 12286 12274
2 12272 12249
2 12240 12234
2 12228 12227
2 12205 12202
2 12201 12192
2 12187 12185
2 12181 12179
2 12178 12174
2 12170 12153
2 12147 12146
2 12135 12123
2 12121 12119
2 12105 12099
2 12090 12085
2 12081 12080
2 12070 12060
2 12052 12042
2 12036 12032
2 12029 12027
2 12026 12020
2 12019 12002
2 11997 11985
2 11984 11979
2 11968 11959
2 11953 11949
2 11944 11942
2 11932 11931
2 11926 11924
2 11908 11898
2 11888 11873
2 11846 11845
2 11831 11829
2 11824 11815
2 11812 11810
2 11808 11805
2 11799 11798
2 11794 11789
2 11778 11777
2 11763 11756
2 11755 11753
2 11751 11742
2 11731 11724
2 11720 11717
2 11716 11714
2 11709 11707
2 11704 11694
2 11686 11675
2 11642 11631
2 11628 11627
2 11622 11618
2 11617 11600
2 11593 11591
2 11589 11588
2 11587 11576
2 11569 11568
2 11562 11559
2 11558 11553
2 11550 11549
2 11548 11531
2 11529 11523
2 11516 11510
2 11509 11454
2 11453 11452
2 11446 11434
2 11420 11414
2 11409 11386
2 11381 11379
2 11371 11359
2 11353 11346
2 11300 11299
2 11297 11293
2 11286 11276
2 11269 11264
2 11262 11251
2 11250 11245
2 11236 11228
2 11222 11221
2 11215 11204
2 11203 11201
2 11193 11182
2 11177 11164
2 11161 11159
2 11158 11149
2 11148 11142
2 11122 11117
2 11093 11092
2 11086 11079
2 11072 11069
2 11064 11059
2 11058 11054
2 11050 11027
2 11021 11004
2 11000 10996
2 10991 10989
2 10984 10981
2 10976 10974
2 10968 10960
2 10950 10946
2 10944 10935
2 10925 10900
2 10898 10895
2 10882 10876
2 10867 10865
2 10861 10859
2 10851 10849
2 10845 10844
2 10835 10831
2 10828 10818
2 10816 10813
2 10810 10809
2 10795 10790
2 10779 10776
2 10768 10762
2 10749 10748
2 10741 10735
2 10733 10728
2 10727 10720
2 10719 10704
2 10696 10692
2 10677 10672
2 10670 10655
2 10648 10638
2 10635 10633
2 10632 10629
2 10625 10613
2 10612 10611
2 10599 10597
2 10584 10583
2 10570 10562
2 10554 10538
2 10537 10528
2 10520 10507
2 10506 10501
2 10493 10492
2 10485 10483
2 10476 10472
2 10463 10461
2 10450 10433
2 10427 10426
2 10425 10421
2 10416 10413
2 10396 10392
2 10388 10379
2 10377 10363
2 10356 10352
2 10348 10345
2 10335 10334
2 10333 10330
2 10327 10324
2 10321 10306
2 10302 10300
2 10294 10291
2 10289 10287
2 10280 10261
2 10247 10240
2 10218 10214
2 10209 10203
2 10199 10195
2 10186 10181
2 10176 10167
2 10163 10152
2 10139 10122
2 10117 10107
2 10099 10082
2 10071 10070
2 10068 10051
2 10042 10038
2 10037 10024
2 10019 9997
2 9989 9988
2 9981 9974
2 9971 9967
2 9957 9955
2 9947 9929
2 9921 9914
2 9910 9906
2 9899 9898
2 9896 9889
2 9881 9873
2 9872 9870
2 9869 9866
2 9856 9853
2 9847 9825
2 9824 9815
2 9803 9788
2 9774 9770
2 9761 9757
2 9755 9736
2 9734 9726
2 9707 9705
2 9702 9690
2 9672 9671
2 9669 9666
2 9659 9644
2 9643 9639
2 9638 9621
2 9618 9609
2 9591 9588
2 9561 9555
2 9550 9546
2 9527 9522
2 9520 9516
2 9512 9508
2 9497 9495
2 9475 9470
2 9465 9461
2 9453 9444
2 9443 9441
2 9410 9388
2 9385 9383
2 9375 9369
2 9364 9358
2 9357 9344
2 9343 9337
2 9328 9322
2 9314 9313
2 9300 9298
2 9295 9285
2 9262 9257
2 9250 9246
2 9242 9238
2 9236 9235
2 9228 9225
2 9214 9201
2 9200 9195
2 9191 9180
2 9146 9128
2 9127 9124
2 9105 9100
2 9098 9093
2 9092 9082
2 9070 9057
2 9056 9050
2 9044 9016
2 9011 9006
2 8995 8984
2 8982 8977
2 8976 8975
2 8971 8970
2 8962 8961
2 8949 8939
2 8929 8924
2 8910 8900
2 8890 8879
2 8873 8853
2 8831 8830
2 8809 8808
2 8803 8802
2 8798 8797
2 8795 8788
2 8784 8780
2 8777 8776
2 8762 8758
2 8746 8744
2 8743 8736
2 8735 8730
2 8711 8708
2 8695 8692
2 8690 8683
2 8671 8666
2 8665 8660
2 8659 8655
2 8654 8648
2 8646 8629
2 8620 8600
2 8587 8582
2 8576 8572
2 8567 8566
2 8563 8561
2 8557 8554
2 8553 8518
2 8488 8479
2 8477 8460
2 8455 8451
2 8447 8431
2 8409 8406
2 8397 8392
2 8390 8380
2 8379 8374
2 8367 8364
2 8354 8347
2 8336 8330
2 8326 8324
2 8320 8319
2 8314 8312
2 8311 8300
2 8296 8293
2 8277 8272
2 8271 8270
2 8269 8264
2 8246 8235
2 8228 8223
2 8222 8218
2 8213 8205
2 8200 8191
2 8187 8173
2 8160 8155
2 8152 8131
2 8126 8123
2 8120 8095
2 8089 8085
2 8060 8037
2 8036 8034
2 8027 8022
2 8019 8001
2 7974 7965
2 7963 7950
2 7948 7947
2 7945 7944
2 7942 7934
2 7933 7921
2 7883 7878
2 7873 7872
2 7871 7855
2 7850 7848
2 7844 7838
2 7821 7819
2 7817 7809
2 7808 7805
2 7778 7775
2 7772 7767
2 7760 7759
2 7756 7744
2 7743 7735
2 7728 7723
2 7708 7693
2 7692 7684
2 7677 7675
2 7672 7668
2 7665 7658
2 7652 7635
2 7631 7629
2 7612 7611
2 7610 7609
2 7591 7586
2 7574 7558
2 7532 7530
2 7527 7525
2 7521 7520
2 7513 7499
2 7496 7495
2 7494 7487
2 7472 7458
2 7452 7444
2 7441 7433
2 7432 7431
2 7430 7425
2 7417 7408
2 7404 7397
2 7390 7388
2 7381 7367
2 7360 7356
2 7344 7326
2 7321 7314
2 7297 7293
2 7286 7285
2 7265 7259
2 7257 7256
2 7249 7244
2 7232 7229
2 7228 7221
2 7219 7217
2 7198 7194
2 7193 7183
2 7173 7164
2 7158 7149
2 7145 7132
2 7112 7104
2 7103 7098
2 7094 7091
2 7089 7086
2 7085 7067
2 7063 7061
2 7060 7056
2 7049 7046
2 7041 7038
2 7037 7026
2 7025 7016
2 7012 6996
2 6988 6964
2 6962 6956
2 6953 6950
2 6948 6945
2 6944 6932
2 6926 6916
2 6904 6898
2 6897 6889
2 6885 6883
2 6864 6861
2 6858 6853
2 6825 6814
2 6808 6807
2 6801 6793
2 6790 6789
2 6782 6777
2 6770 6766
2 6764 6760
2 6758 6742
2 6718 6715
2 6704 6697
2 6694 6676
2 6675 6671
2 6668 6662
2 6661 6634
2 6627 6610
2 6607 6606
2 6605 6582
2 6581 6573
2 6571 6569
2 6564 6563
2 6562 6558
2 6553 6551
2 6543 6542
2 6538 6526
2 6524 6516
2 6505 6504
2 6501 6467
2 6455 6451
2 6446 6441
2 6440 6439
2 6426 6417
2 6403 6399
2 6396 6391
2 6387 6385
2 6380 6378
2 6355 6353
2 6352 6350
2 6332 6323
2 6315 6313
2 6299 6294
2 6293 6292
2 6274 6260
2 6256 6254
2 6248 6236
2 6221 6211
2 6210 6208
2 6203 6195
2 6193 6182
2 6179 6174
2 6157 6149
2 6135 6126
2 6124 6121
2 6117 6116
2 6113 6110
2 6104 6098
2 6094 6092
2 6084 6069
2 6066 6054
2 6051 6046
2 6045 6039
2 6038 6033
2 6021 5999
2 5990 5989
2 5965 5962
2 5961 5959
2 5946 5944
2 5943 5938
2 5929 5927
2 5925 5917
2 5914 5913
2 5908 5899
2 5897 5892
2 5889 5885
2 5875 5863
2 5857 5855
2 5851 5846
2 5834 5827
2 5823 5821
2 5813 5811
2 5810 5801
2 5791 5788
2 5787 5786
2 5781 5777
2 5776 5775
2 5766 5757
2 5752 5749
2 5748 5733
2 5731 5727
2 5724 5714
2 5713 5712
2 5707 5682
2 5680 5678
2 5673 5671
2 5668 5649
2 5642 5636
2 5632 5629
2 5602 5592
2 5585 5581
2 5575 5574
2 5571 5570
2 5566 5565
2 5559 5558
2 5557 5553
2 5538 5537
2 5536 5528
2 5524 5522
2 5516 5511
2 5508 5493
2 5492 5475
2 5463 5451
2 5428 5425
2 5419 5413
2 5410 5407
2 5395 5391
2 5387 5383
2 5372 5366
2 5364 5352
2 5345 5343
2 5334 5333
2 5318 5313
2 5309 5307
2 5304 5302
2 5296 5290
2 5278 5272
2 5265 5264
2 5259 5257
2 5254 5249
2 5238 5228
2 5225 5216
2 5215 5210
2 5206 5199
2 5197 5185
2 5181 5176
2 5175 5161
2 5145 5142
2 5137 5131
2 5130 5121
2 5110 5109
2 5107 5104
2 5094 5086
2 5084 5083
2 5072 5069
2 5067 5062
2 5045 5034
2 5028 5025
2 5023 5002
2 5001 5000
2 4971 4967
2 4965 4963
2 4960 4954
2 4947 4945
2 4942 4924
2 4913 4893
2 4875 4867
2 4848 4843
2 4834 4833
2 4826 4820
2 4807 4804
2 4803 4778
2 4777 4775
2 4759 4745
2 4730 4725
2 4719 4716
2 4712 4709
2 4706 4699
2 4697 4687
2 4680 4679
2 4666 4662
2 4653 4652
2 4644 4643
2 4641 4640
2 4636 4631
2 4629 4623
2 4618 4598
2 4597 4579
2 4575 4573
2 4570 4563
2 4537 4536
2 4524 4523
2 4513 4507
2 4503 4500
2 4494 4485
2 4476 4475
2 4471 4465
2 4463 4455
2 4453 4449
2 4444 4438
2 4431 4406
2 4397 4396
2 4390 4387
2 4382 4370
2 4369 4366
2 4361 4349
2 4347 4331
2 4325 4321
2 4316 4305
2 4294 4287
2 4283 4281
2 4280 4270
2 4262 4250
2 4247 4224
2 4220 4217
2 4204 4198
2 4190 4172
2 4168 4163
2 4160 4134
2 4117 4115
2 4114 4108
2 4105 4103
2 4089 4088
2 4084 4083
2 4068 4066
2 4059 4058
2 4057 4055
2 4050 4045
2 4032 4030
2 4017 4013
2 4003 3999
2 3978 3970
2 3962 3953
2 3948 3935
2 3932 3927
2 3916 3913
2 3902 3895
2 3889 3883
2 3876 3873
2 3869 3847
2 3839 3831
2 3829 3821
2 3809 3799
2 3798 3795
2 3791 3785
2 3784 3777
2 3776 3774
2 3754 3749
2 3728 3727
2 3726 3716
2 3715 3707
2 3702 3689
2 3688 3685
2 3676 3669
2 3667 3666
2 3662 3658
2 3652 3649
2 3640 3634
2 3623 3621
2 3605 3598
2 3597 3596
2 3589 3588
2 3578 3577
2 3575 3565
2 3558 3553
2 3541 3522
2 3519 3518
2 3508 3505
2 3496 3486
2 3485 3484
2 3479 3477
2 3473 3472
2 3466 3463
2 3451 3448
2 3447 3445
2 3436 3433
2 3431 3427
2 3426 3424
2 3416 3414
2 3413 3403
2 3401 3400
2 3393 3390
2 3370 3365
2 3361 3354
2 3351 3345
2 3339 3329
2 3323 3322
2 3319 3309
2 3307 3298
2 3296 3292
2 3264 3260
2 3258 3254
2 3249 3248
2 3243 3239
2 3238 3225
2 3217 3214
2 3213 3210
2 3201 3187
2 3184 3173
2 3159 3157
2 3149 3144
2 3139 3137
2 3132 3124
2 3122 3119
2 3110 3103
2 3101 3100
2 3090 3083
2 3080 3074
2 3069 3066
2 3062 3052
2 3038 3016
2 3013 3008
2 2981 2980
2 2978 2976
2 2969 2958
2 2924 2917
2 2908 2897
2 2895 2884
2 2882 2879
2 2876 2868
2 2867 2865
2 2860 2846
2 2841 2830
2 2829 2821
2 2811 2806
2 2803 2793
2 2788 2782
2 2767 2760
2 2759 2750
2 2748 2746
2 2726 2724
2 2713 2697
2 2690 2687
2 2681 2677
2 2674 2673
2 2654 2652
2 2648 2625
2 2609 2604
2 2596 2594
2 2587 2585
2 2582 2578
2 2570 2567
2 2559 2555
2 2544 2529
2 2528 2527
2 2521 2504
2 2499 2491
2 2481 2472
2 2465 2450
2 2435 2429
2 2421 2400
2 2397 2395
2 2394 2385
2 2383 2367
2 2366 2359
2 2346 2345
2 2341 2334
2 2324 2314
2 2310 2307
2 2304 2291
2 2290 2272
2 2263 2261
2 2260 2259
2 2248 2246
2 2244 2243
2 2233 2231
2 2224 2220
2 2219 2218
2 2207 2205
2 2198 2197
2 2191 2187
2 2174 2167
2 2166 2145
2 2139 2138
2 2137 2125
2 2123 2122
2 2109 2106
2 2092 2087
2 2083 2073
2 2064 2063
2 2056 2055
2 2053 2050
2 2049 2047
2 2045 2034
2 2024 2009
2 2005 2002
2 1990 1989
2 1987 1968
2 1929 1924
2 1910 1905
2 1904 1886
2 1883 1879
2 1866 1851
2 1850 1846
2 1831 1829
2 1823 1822
2 1818 1815
2 1810 1804
2 1800 1798
2 1797 1770
2 1761 1755
2 1752 1751
2 1747 1739
2 1733 1727
2 1708 1701
2 1694 1693
2 1685 1681
2 1676 1658
2 1657 1656
2 1649 1640
2 1637 1636
2 1633 1632
2 1629 1628
2 1627 1623
2 1619 1611
2 1592 1588
2 1584 1571
2 1560 1546
2 1545 1529
2 1524 1522
2 1511 1502
2 1501 1500
2 1496 1495
2 1459 1454
2 1450 1442
2 1441 1440
2 1437 1429
2 1421 1403
2 1390 1389
2 1388 1385
2 1370 1367
2 1360 1351
2 1348 1346
2 1320 1317
2 1315 1314
2 1312 1311
2 1301 1299
2 1295 1276
2 1265 1263
2 1262 1252
2 1247 1240
2 1239 1226
2 1216 1213
2 1202 1198
2 1186 1182
2 1180 1179
2 1171 1166
2 1165 1152
2 1151 1150
2 1147 1125
2 1120 1115
2 1101 1093
2 1062 1061
2 1054 1044
2 1037 1032
2 997 985
2 984 973
2 972 971
2 969 961
2 957 949
2 947 945
2 930 920
2 909 907
2 892 891
2 875 872
2 847 840
2 839 833
2 821 815
2 779 778
2 769 766
2 764 752
2 747 742
2 727 726
2 723 721
2 715 710
2 696 694
2 692 684
2 665 657
2 656 647
2 646 644
2 637 632
2 628 625
2 621 608
2 598 596
2 594 591
2 590 582
2 578 575
2 563 556
2 554 550
2 548 544
2 543 542
2 540 539
2 538 535
2 534 519
2 518 513
2 503 500
2 497 496
2 490 487
2 477 474
2 470 459
2 453 442
2 435 407
2 390 375
2 367 361
2 360 334
2 331 323
2 318 316
2 304 297
2 294 292
2 290 289
2 284 279
2 275 271
2 265 263
2 262 261
2 259 253
2 244 241
2 234 232
2 231 227
2 226 221
2 214 212
2 211 206
2 202 197
2 196 193
2 188 175
2 168 166
2 158 157
2 152 141
2 134 116
2 105 101
2 80 79
2 70 67
2 54 51
2 50 29
2 21 17
2 16 12
2 6 5
2 3 1
2 98840 90043
2 77794 76341
2 60310 46106
2 37948 36756
2 29760 25708
2 83942 83062
2 55283 48870
2 27350 26923
2 16640 13993
2 13440 11880
2 8294 7742
2 97666 92942
2 84043 81280
2 66165 65330
2 65032 63463
2 63368 58251
2 50671 40995
2 36008 35698
2 23015 12898
2 2573 83374
2 79563 75138
2 67926 66437
2 63779 63229
2 61112 59114
2 53960 53103
2 48349 48110
2 39689 34364
2 26662 17108
2 15766 10224
2 6463 6393
2 4520 4502
2 3979 95323
2 92780 91904
2 90928 83149
2 71598 67431
2 64705 60711
2 58496 53007
2 50572 50389
2 50326 48273
2 47583 45991
2 38486 38317
2 34905 31888
2 31752 29928
2 27683 24356
2 23974 22305
2 21374 21315
2 18778 14671
2 13579 12634
2 7552 95209
2 93335 91657
2 89062 83486
2 80502 78938
2 75282 74712
2 71672 69893
2 68253 58980
2 56206 53187
2 44496 44316
2 35555 29180
2 28902 21888
2 6751 5202
2 4617 3720
2 3705 3219
2 96441 94015
2 89220 88708
2 88520 85576
2 83576 81842
2 73834 72914
2 62748 62599
2 62033 54681
2 51332 47774
2 43917 40898
2 38095 36163
2 34273 32043
2 30470 24063
2 23130 18982
2 16714 14445
2 9387 8043
2 4131 78
2 98941 95275
2 94673 93307
2 93007 89786
2 88025 85432
2 83806 83325
2 77202 77120
2 77025 74582
2 72591 72458
2 70268 69719
2 69120 65275
2 64778 64173
2 63749 59440
2 58353 58271
2 56873 56824
2 56272 52386
2 52009 48399
2 47643 47603
2 44489 42908
2 41871 37213
2 36091 34264
2 28963 28344
2 28006 27626
2 23076 12990
2 12290 6141
2 2076 1837
2 1418 1029
2 832 620
2 385 99602
2 98205 97508
2 97484 96623
2 94725 94717
2 92038 87434
2 84684 81993
2 79043 77397
2 76291 75153
2 75071 73367
2 71427 70053
2 70045 67002
2 65094 64395
2 62257 61486
2 59336 58265
2 57809 57786
2 55795 55218
2 54564 54322
2 53962 52138
2 51546 51407
2 50288 49745
2 49227 48769
2 47887 46302
2 45701 39425
2 39151 38526
2 37860 36766
2 36174 35646
2 35231 33627
2 33129 31615
2 29569 25810
2 25626 24819
2 24748 24132
2 23705 23585
2 22539 17637
2 16758 15926
2 15098 14500
2 13726 10972
2 10304 9932
2 4857 3409
2 3406 3091
2 2328 1175
2 916 98270
2 97425 95806
2 94306 94029
2 92548 92099
2 90720 90217
2 89045 87780
2 86219 85025
2 84917 84718
2 83497 83101
2 81848 81714
2 81546 80984
2 80567 75878
2 75775 75338
2 74796 74295
2 73665 71147
2 68389 67147
2 64831 62357
2 61952 61670
2 61451 60913
2 59851 58880
2 56085 56058
2 54926 54303
2 49834 49817
2 49527 49276
2 49101 48441
2 46451 46124
2 45707 44865
2 44034 43438
2 39683 36781
2 35598 34954
2 34335 33340
2 32338 31084
2 30954 29743
2 29470 28545
2 27536 27111
2 26584 26537
2 26083 25884
2 25501 21967
2 20917 20294
2 19640 19552
2 16503 16482
2 16266 16096
2 15667 14538
2 13504 13344
2 12724 10927
2 9184 9120
2 7859 6849
2 6168 6067
2 4245 3619
2 3010 1337
2 419 99990
2 99986 99982
2 99980 99977
2 99958 99955
2 99954 99941
2 99939 99936
2 99933 99930
2 99929 99923
2 99918 99917
2 99902 99898
2 99897 99889
2 99884 99883
2 99878 99874
2 99871 99860
2 99856 99853
2 99844 99842
2 99841 99830
2 99821 99820
2 99818 99816
2 99807 99790
2 99787 99784
2 99780 99770
2 99769 99764
2 99749 99747
2 99742 99739
2 99734 99731
2 99730 99729
2 99727 99725
2 99720 99709
2 99701 99686
2 99684 99682
2 99675 99670
2 99667 99656
2 99653 99650
2 99643 99638
2 99632 99624
2 99623 99622
2 99617 99598
2 99595 99592
2 99591 99582
2 99574 99569
2 99568 99562
2 99560 99544
2 99541 99531
2 99530 99528
2 99519 99516
2 99514 99489
2 99488 99474
2 99470 99468
2 99467 99461
2 99460 99455
2 99451 99439
2 99429 99421
2 99415 99412
2 99401 99391
2 99389 99385
2 99361 99360
2 99357 99352
2 99351 99341
2 99337 99330
2 99329 99318
2 99315 99313
2 99312 99310
2 99308 99306
2 99305 99304
2 99283 99281
2 99274 99268
2 99261 99258
2 99255 99251
2 99250 99246
2 99243 99232
2 99230 99225
2 99224 99223
2 99218 99211
2 99210 99209
2 99197 99170
2 99169 99155
2 99147 99143
2 99142 99136
2 99135 99129
2 99126 99119
2 99118 99111
2 99110 99107
2 99101 99099
2 99098 99094
2 99092 99080
2 99079 99073
2 99065 99051
2 99050 99048
2 99039 99031
2 99024 99022
2 99021 99014
2 99012 98997
2 98990 98988
2 98980 98975
2 98971 98968
2 98964 98960
2 98958 98953
2 98946 98945
2 98928 98917
2 98916 98911
2 98907 98901
2 98896 98893
2 98890 98888
2 98886 98880
2 98865 98863
2 98856 98850
2 98847 98843
2 98837 98826
2 98812 98810
2 98804 98800
2 98797 98791
2 98781 98778
2 98773 98761
2 98755 98735
2 98730 98729
2 98728 98726
2 98723 98720
2 98715 98711
2 98706 98703
2 98696 98695
2 98683 98680
2 98677 98675
2 98669 98666
2 98659 98646
2 98641 98636
2 98635 98628
2 98621 98620
2 98618 98617
2 98614 98613
2 98604 98599
2 98591 98581
2 98580 98577
2 98573 98564
2 98541 98540
2 98527 98523
2 98522 98516
2 98514 98512
2 98511 98501
2 98498 98496
2 98494 98490
2 98489 98482
2 98479 98475
2 98471 98465
2 98461 98453
2 98451 98443
2 98441 98437
2 98436 98433
2 98424 98423
2 98421 98420
2 98416 98413
2 98409 98408
2 98407 98405
2 98402 98397
2 98377 98375
2 98361 98348
2 98346 98345
2 98344 98342
2 98340 98324
2 98321 98302
2 98301 98298
2 98297 98292
2 98287 98277
2 98259 98258
2 98256 98253
2 98252 98251
2 98243 98235
2 98223 98216
2 98213 98212
2 98211 98210
2 98207 98203
2 98200 98198
2 98194 98190
2 98185 98183
2 98180 98178
2 98174 98170
2 98169 98160
2 98149 98145
2 98137 98133
2 98129 98128
2 98110 98105
2 98098 98095
2 98087 98078
2 98072 98068
2 98063 98061
2 98058 98055
2 98048 98046
2 98042 98038
2 98037 98035
2 98030 98025
2 98018 98017
2 98015 98001
2 97996 97984
2 97980 97979
2 97966 97965
2 97963 97957
2 97956 97949
2 97944 97938
2 97931 97928
2 97924 97921
2 97912 97911
2 97902 97900
2 97890 97888
2 97885 97884
2 97869 97863
2 97861 97860
2 97849 97844
2 97841 97831
2 97820 97819
2 97816 97815
2 97814 97802
2 97795 97792
2 97789 97787
2 97784 97780
2 97778 97773
2 97764 97750
2 97744 97742
2 97741 97739
2 97707 97705
2 97699 97698
2 97692 97687
2 97675 97674
2 97667 97660
2 97657 97641
2 97639 97628
2 97621 97618
2 97615 97609
2 97606 97593
2 97587 97577
2 97565 97561
2 97554 97546
2 97530 97528
2 97511 97510
2 97502 97493
2 97492 97489
2 97482 97481
2 97478 97473
2 97472 97450
2 97447 97435
2 97427 97419
2 97416 97413
2 97411 97403
2 97395 97393
2 97392 97388
2 97383 97373
2 97367 97366
2 97358 97350
2 97346 97338
2 97335 97321
2 97318 97315
2 97312 97308
2 97301 97292
2 97288 97278
2 97245 97241
2 97237 97235
2 97219 97216
2 97211 97209
2 97205 97204
2 97200 97196
2 97194 97192
2 97189 97188
2 97187 97186
2 97183 97180
2 97176 97170
2 97167 97165
2 97157 97148
2 97144 97140
2 97137 97134
2 97129 97116
2 97114 97110
2 97108 97106
2 97101 97099
2 97097 97095
2 97091 97089
2 97084 97082
2 97080 97074
2 97073 97071
2 97069 97068
2 97065 97058
2 97057 97055
2 97040 97033
2 97028 97020
2 97017 97013
2 96998 96995
2 96994 96993
2 96992 96984
2 96978 96966
2 96963 96960
2 96958 96957
2 96953 96944
2 96943 96942
2 96937 96934
2 96930 96929
2 96928 96919
2 96918 96917
2 96909 96899
2 96888 96882
2 96875 96871
2 96864 96863
2 96860 96857
2 96854 96850
2 96849 96834
2 96816 96814
2 96813 96809
2 96806 96786
2 96783 96782
2 96780 96776
2 96771 96763
2 96760 96753
2 96752 96749
2 96744 96736
2 96735 96734
2 96728 96719
2 96716 96714
2 96709 96706
2 96700 96699
2 96690 96687
2 96681 96678
2 96676 96669
2 96667 96655
2 96654 96649
2 96648 96646
2 96627 96625
2 96616 96605
2 96601 96598
2 96595 96593
2 96579 96572
2 96570 96556
2 96535 96533
2 96531 96521
2 96516 96515
2 96514 96511
2 96500 96482
2 96480 96477
2 96475 96471
2 96468 96466
2 96464 96458
2 96457 96452
2 96440 96432
2 96430 96426
2 96424 96423
2 96421 96420
2 96410 96402
2 96371 96365
2 96362 96361
2 96356 96354
2 96344 96343
2 96338 96335
2 96332 96330
2 96327 96318
2 96305 96296
2 96295 96290
2 96286 96284
2 96272 96269
2 96259 96257
2 96253 96249
2 96246 96244
2 96240 96232
2 96227 96225
2 96223 96213
2 96206 96202
2 96197 96193
2 96192 96191
2 96190 96185
2 96184 96183
2 96179 96175
2 96161 96155
2 96153 96149
2 96130 96128
2 96116 96097
2 96093 96087
2 96080 96078
2 96071 96069
2 96066 96065
2 96060 96059
2 96054 96053
2 96047 96038
2 96030 96028
2 96025 96019
2 96015 96011
2 96010 95994
2 95978 95976
2 95972 95968
2 95965 95962
2 95954 95951
2 95945 95940
2 95939 95935
2 95928 95922
2 95918 95917
2 95913 95911
2 95897 95891
2 95889 95886
2 95879 95878
2 95871 95866
2 95864 95861
2 95847 95842
2 95840 95838
2 95837 95836
2 95834 95826
2 95821 95819
2 95812 95811
2 95810 95807
2 95802 95801
2 95798 95797
2 95789 95788
2 95783 95779
2 95774 95772
2 95769 95761
2 95756 95753
2 95749 95743
2 95742 95734
2 95730 95713
2 95712 95705
2 95689 95681
2 95680 95679
2 95677 95676
2 95674 95673
2 95669 95666
2 95664 95658
2 95653 95650
2 95648 95647
2 95644 95639
2 95636 95629
2 95628 95618
2 95613 95612
2 95610 95606
2 95598 95596
2 95590 95576
2 95571 95567
2 95562 95560
2 95559 95544
2 95534 95533
2 95531 95527
2 95526 95515
2 95513 95509
2 95507 95505
2 95503 95501
2 95494 95493
2 95491 95489
2 95488 95486
2 95483 95473
2 95467 95465
2 95455 95443
2 95442 95439
2 95434 95428
2 95426 95424
2 95419 95411
2 95407 95404
2 95403 95399
2 95396 95391
2 95390 95386
2 95380 95362
2 95361 95356
2 95335 95330
2 95325 95320
2 95301 95300
2 95295 95293
2 95291 95287
2 95285 95263
2 95262 95247
2 95237 95233
2 95222 95221
2 95214 95207
2 95202 95193
2 95187 95181
2 95168 95156
2 95150 95146
2 95135 95133
2 95129 95122
2 95114 95107
2 95104 95100
2 95092 95083
2 95082 95079
2 95066 95064
2 95048 95042
2 95040 95030
2 95028 95023
2 95013 94993
2 94983 94975
2 94973 94971
2 94969 94964
2 94961 94959
2 94953 94946
2 94942 94930
2 94924 94912
2 94908 94906
2 94900 94899
2 94889 94886
2 94880 94878
2 94873 94869
2 94864 94863
2 94856 94851
2 94841 94834
2 94833 94832
2 94830 94827
2 94824 94821
2 94819 94818
2 94814 94800
2 94796 94794
2 94786 94785
2 94770 94769
2 94766 94760
2 94757 94753
2 94751 94750
2 94748 94741
2 94727 94713
2 94711 94699
2 94696 94695
2 94688 94676
2 94662 94650
2 94647 94640
2 94636 94628
2 94617 94611
2 94597 94596
2 94593 94592
2 94588 94580
2 94578 94577
2 94575 94564
2 94560 94558
2 94552 94551
2 94550 94548
2 94541 94537
2 94530 94524
2 94523 94521
2 94510 94508
2 94507 94506
2 94498 94489
2 94486 94482
2 94480 94469
2 94466 94457
2 94456 94450
2 94449 94443
2 94434 94429
2 94420 94417
2 94416 94415
2 94407 94401
2 94398 94390
2 94387 94374
2 94372 94371
2 94367 94363
2 94354 94347
2 94343 94338
2 94332 94331
2 94326 94325
2 94319 94304
2 94303 94302
2 94295 94285
2 94279 94276
2 94272 94260
2 94259 94255
2 94250 94248
2 94247 94246
2 94242 94241
2 94238 94235
2 94227 94215
2 94206 94201
2 94198 94197
2 94196 94195
2 94192 94190
2 94188 94183
2 94177 94171
2 94170 94169
2 94166 94161
2 94157 94153
2 94152 94145
2 94140 94139
2 94137 94130
2 94122 94121
2 94116 94112
2 94110 94106
2 94103 94101
2 94094 94092
2 94091 94080
2 94076 94071
2 94064 94061
2 94055 94047
2 94025 94017
2 94005 93994
2 93981 93980
2 93959 93952
2 93948 93945
2 93943 93941
2 93933 93932
2 93930 93925
2 93917 93897
2 93896 93889
2 93884 93881
2 93880 93879
2 93878 93874
2 93868 93867
2 93865 93854
2 93845 93838
2 93828 93822
2 93820 93818
2 93815 93803
2 93802 93800
2 93794 93792
2 93787 93784
2 93783 93777
2 93776 93768
2 93759 93758
2 93756 93753
2 93749 93728
2 93723 93717
2 93716 93708
2 93701 93700
2 93691 93690
2 93686 93685
2 93680 93663
2 93660 93649
2 93648 93642
2 93637 93634
2 93632 93624
2 93621 93618
2 93595 93587
2 93586 93579
2 93575 93571
2 93570 93565
2 93548 93546
2 93537 93532
2 93526 93514
2 93512 93504
2 93503 93501
2 93499 93497
2 93485 93482
2 93479 93478
2 93475 93474
2 93472 93471
2 93465 93461
2 93460 93458
2 93444 93439
2 93433 93430
2 93413 93406
2 93404 93392
2 93391 93378
2 93376 93372
2 93368 93367
2 93364 93358
2 93357 93350
2 93348 93343
2 93340 93328
2 93324 93320
2 93316 93306
2 93300 93287
2 93282 93281
2 93280 93275
2 93268 93265
2 93258 93252
2 93243 93242
2 93230 93218
2 93215 93210
2 93206 93204
2 93195 93187
2 93179 93178
2 93177 93171
2 93154 93150
2 93147 93143
2 93132 93130
2 93129 93117
2 93111 93103
2 93101 93100
2 93090 93082
2 93080 93072
2 93066 93057
2 93050 93049
2 93048 93038
2 93036 93035
2 93026 93023
2 93022 93020
2 93018 93013
2 93008 93003
2 93002 93001
2 92998 92990
2 92986 92985
2 92980 92979
2 92977 92973
2 92969 92968
2 92967 92965
2 92955 92954
2 92953 92951
2 92940 92931
2 92929 92928
2 92917 92916
2 92913 92909
2 92905 92902
2 92901 92898
2 92895 92893
2 92888 92883
2 92869 92865
2 92855 92850
2 92845 92842
2 92837 92836
2 92830 92815
2 92792 92788
2 92786 92784
2 92774 92770
2 92769 92766
2 92763 92758
2 92756 92751
2 92749 92747
2 92744 92743
2 92740 92733
2 92730 92729
2 92724 92723
2 92721 92720
2 92718 92714
2 92708 92698
2 92689 92682
2 92667 92666
2 92661 92655
2 92647 92645
2 92638 92636
2 92633 92626
2 92621 92618
2 92617 92613
2 92607 92604
2 92598 92596
2 92593 92584
2 92581 92576
2 92573 92558
2 92553 92551
2 92547 92546
2 92542 92540
2 92539 92531
2 92527 92521
2 92519 92511
2 92502 92500
2 92478 92467
2 92465 92450
2 92441 92439
2 92437 92436
2 92429 92427
2 92399 92388
2 92387 92382
2 92380 92378
2 92374 92368
2 92366 92352
2 92348 92330
2 92326 92323
2 92311 92302
2 92301 92294
2 92288 92287
2 92285 92278
2 92266 92260
2 92258 92257
2 92239 92236
2 92235 92234
2 92233 92231
2 92221 92217
2 92215 92212
2 92210 92209
2 92208 92206
2 92204 92189
2 92185 92183
2 92180 92175
2 92171 92170
2 92166 92163
2 92162 92161
2 92157 92155
2 92153 92144
2 92141 92140
2 92136 92129
2 92128 92127
2 92118 92117
2 92114 92110
2 92103 92102
2 92084 92081
2 92076 92061
2 92041 92034
2 92029 92024
2 92017 92015
2 92013 92008
2 92005 92003
2 92001 91995
2 91993 91992
2 91990 91978
2 91973 91965
2 91963 91961
2 91957 91956
2 91949 91940
2 91934 91920
2 91918 91913
2 91906 91886
2 91872 91868
2 91867 91865
2 91861 91853
2 91851 91847
2 91844 91838
2 91830 91828
2 91826 91824
2 91808 91807
2 91803 91799
2 91790 91768
2 91766 91764
2 91761 91756
2 91749 91745
2 91743 91740
2 91729 91728
2 91726 91712
2 91711 91703
2 91693 91691
2 91681 91679
2 91676 91663
2 91656 91654
2 91648 91647
2 91643 91638
2 91636 91635
2 91633 91617
2 91614 91610
2 91606 91604
2 91597 91586
2 91581 91579
2 91572 91568
2 91567 91563
2 91557 91552
2 91551 91537
2 91533 91522
2 91506 91497
2 91496 91489
2 91488 91486
2 91484 91483
2 91480 91475
2 91473 91461
2 91460 91456
2 91453 91450
2 91433 91432
2 91425 91418
2 91412 91408
2 91406 91396
2 91392 91389
2 91382 91379
2 91366 91362
2 91354 91352
2 91341 91338
2 91329 91327
2 91324 91316
2 91312 91295
2 91291 91284
2 91280 91276
2 91275 91271
2 91266 91265
2 91252 91246
2 91243 91240
2 91239 91210
2 91202 91198
2 91196 91185
2 91179 91169
2 91167 91165
2 91157 91152
2 91144 91138
2 91135 91130
2 91129 91125
2 91124 91123
2 91121 91118
2 91114 91113
2 91103 91096
2 91082 91081
2 91078 91076
2 91075 91074
2 91068 91064
2 91056 91051
2 91044 91041
2 91040 91033
2 91031 91027
2 91015 91005
2 91000 90995
2 90978 90977
2 90975 90968
2 90964 90955
2 90948 90947
2 90938 90933
2 90924 90913
2 90909 90904
2 90893 90891
2 90886 90873
2 90866 90862
2 90852 90848
2 90838 90829
2 90821 90819
2 90805 90799
2 90798 90796
2 90779 90772
2 90770 90769
2 90763 90760
2 90759 90754
2 90752 90750
2 90742 90729
2 90725 90718
2 90712 90710
2 90703 90701
2 90694 90690
2 90689 90688
2 90687 90680
2 90672 90668
2 90662 90660
2 90659 90657
2 90648 90646
2 90645 90643
2 90636 90633
2 90631 90623
2 90622 90606
2 90600 90589
2 90577 90570
2 90566 90565
2 90564 90560
2 90546 90541
2 90538 90531
2 90529 90525
2 90524 90518
2 90515 90514
2 90512 90510
2 90505 90499
2 90497 90491
2 90489 90470
2 90467 90460
2 90456 90450
2 90446 90444
2 90440 90437
2 90434 90428
2 90427 90410
2 90409 90407
2 90406 90402
2 90401 90399
2 90395 90381
2 90380 90375
2 90374 90373
2 90364 90355
2 90353 90350
2 90348 90343
2 90337 90336
2 90334 90332
2 90328 90318
2 90313 90306
2 90299 90295
2 90291 90290
2 90288 90281
2 90277 90266
2 90261 90258
2 90257 90254
2 90252 90251
2 90243 90239
2 90235 90231
2 90228 90220
2 90213 90211
2 90209 90193
2 90192 90191
2 90190 90182
2 90181 90171
2 90169 90163
2 90153 90151
2 90146 90145
2 90131 90125
2 90124 90117
2 90110 90105
2 90104 90101
2 90099 90094
2 90092 90091
2 90087 90081
2 90076 90071
2 90070 90067
2 90065 90059
2 90055 90052
2 90050 90048
2 90046 90045
2 90040 90031
2 90028 90023
2 90003 90001
2 89984 89975
2 89974 89972
2 89968 89946
2 89941 89938
2 89934 89916
2 89908 89906
2 89892 89888
2 89886 89884
2 89876 89875
2 89861 89860
2 89857 89849
2 89844 89810
2 89807 89803
2 89792 89781
2 89776 89771
2 89769 89766
2 89762 89759
2 89756 89750
2 89748 89737
2 89734 89733
2 89726 89724
2 89722 89719
2 89717 89711
2 89709 89693
2 89689 89679
2 89677 89675
2 89672 89670
2 89664 89663
2 89659 89653
2 89651 89649
2 89635 89630
2 89626 89620
2 89614 89608
2 89605 89604
2 89603 89600
2 89592 89586
2 89585 89581
2 89580 89575
2 89573 89571
2 89566 89555
2 89553 89547
2 89543 89542
2 89537 89536
2 89531 89520
2 89504 89502
2 89496 89485
2 89479 89471
2 89469 89466
2 89459 89457
2 89454 89449
2 89447 89445
2 89434 89431
2 89424 89421
2 89420 89417
2 89413 89410
2 89399 89388
2 89384 89381
2 89378 89370
2 89366 89359
2 89354 89353
2 89352 89336
2 89325 89318
2 89315 89306
2 89305 89301
2 89295 89293
2 89289 89287
2 89281 89279
2 89274 89269
2 89263 89256
2 89254 89250
2 89245 89239
2 89222 89221
2 89213 89208
2 89202 89195
2 89189 89182
2 89171 89169
2 89157 89151
2 89135 89128
2 89123 89115
2 89111 89105
2 89103 89100
2 89092 89090
2 89086 89083
2 89071 89067
2 89064 89057
2 89053 89042
2 89041 89040
2 89031 89027
2 89023 89015
2 89013 89011
2 89008 88998
2 88997 88996
2 88991 88982
2 88973 88962
2 88960 88950
2 88947 88946
2 88940 88929
2 88924 88898
2 88896 88895
2 88886 88883
2 88880 88878
2 88872 88862
2 88857 88847
2 88845 88842
2 88835 88828
2 88814 88807
2 88803 88800
2 88795 88792
2 88779 88778
2 88777 88765
2 88762 88760
2 88759 88755
2 88752 88750
2 88734 88729
2 88727 88726
2 88724 88720
2 88691 88687
2 88681 88679
2 88675 88673
2 88667 88658
2 88654 88653
2 88651 88645
2 88636 88633
2 88624 88621
2 88618 88614
2 88612 88598
2 88591 88575
2 88563 88557
2 88548 88545
2 88538 88533
2 88532 88530
2 88505 88504
2 88503 88495
2 88487 88486
2 88481 88478
2 88469 88441
2 88439 88432
2 88431 88426
2 88423 88419
2 88417 88416
2 88410 88408
2 88405 88401
2 88397 88396
2 88393 88387
2 88383 88381
2 88378 88375
2 88362 88359
2 88357 88355
2 88351 88349
2 88346 88345
2 88331 88330
2 88329 88328
2 88327 88320
2 88314 88310
2 88308 88307
2 88306 88300
2 88297 88289
2 88284 88283
2 88272 88266
2 88265 88261
2 88257 88250
2 88239 88238
2 88236 88234
2 88233 88227
2 88217 88216
2 88209 88208
2 88205 88203
2 88201 88192
2 88182 88179
2 88176 88164
2 88162 88157
2 88147 88142
2 88139 88137
2 88134 88120
2 88099 88097
2 88078 88072
2 88069 88067
2 88064 88051
2 88047 88035
2 88022 88019
2 88015 87989
2 87983 87982
2 87958 87954
2 87951 87950
2 87944 87943
2 87938 87936
2 87927 87918
2 87911 87905
2 87898 87894
2 87888 87880
2 87878 87877
2 87876 87874
2 87857 87853
2 87843 87835
2 87834 87832
2 87820 87812
2 87810 87809
2 87798 87796
2 87783 87782
2 87770 87767
2 87759 87757
2 87755 87754
2 87744 87742
2 87741 87739
2 87726 87714
2 87709 87699
2 87687 87683
2 87674 87670
2 87666 87665
2 87664 87657
2 87655 87653
2 87649 87646
2 87642 87638
2 87637 87631
2 87623 87620
2 87611 87586
2 87581 87577
2 87572 87570
2 87568 87559
2 87557 87552
2 87551 87549
2 87548 87536
2 87528 87523
2 87515 87511
2 87508 87489
2 87483 87471
2 87468 87464
2 87461 87450
2 87448 87419
2 87417 87416
2 87414 87410
2 87404 87402
2 87401 87399
2 87398 87391
2 87390 87389
2 87383 87380
2 87367 87366
2 87364 87349
2 87342 87340
2 87332 87317
2 87301 87299
2 87298 87294
2 87290 87288
2 87278 87273
2 87266 87260
2 87255 87249
2 87242 87233
2 87230 87227
2 87211 87207
2 87200 87195
2 87192 87191
2 87187 87186
2 87184 87178
2 87175 87170
2 87168 87167
2 87163 87156
2 87155 87154
2 87147 87136
2 87127 87123
2 87119 87117
2 87105 87104
2 87102 87101
2 87100 87096
2 87095 87091
2 87090 87081
2 87075 87072
2 87071 87065
2 87061 87052
2 87050 87048
2 87044 87042
2 87040 87037
2 87036 87035
2 87005 87002
2 87000 86995
2 86987 86983
2 86968 86967
2 86965 86964
2 86962 86948
2 86945 86941
2 86939 86928
2 86926 86922
2 86918 86915
2 86913 86906
2 86894 86890
2 86889 86885
2 86881 86876
2 86874 86866
2 86861 86851
2 86849 86846
2 86834 86833
2 86830 86829
2 86822 86820
2 86819 86817
2 86815 86809
2 86804 86799
2 86796 86793
2 86788 86774
2 86763 86761
2 86752 86748
2 86745 86742
2 86738 86734
2 86729 86723
2 86722 86719
2 86716 86715
2 86713 86710
2 86699 86693
2 86688 86685
2 86684 86679
2 86671 86667
2 86666 86658
2 86652 86647
2 86639 86632
2 86631 86629
2 86628 86625
2 86623 86617
2 86616 86607
2 86606 86604
2 86603 86602
2 86600 86594
2 86590 86588
2 86580 86572
2 86568 86566
2 86565 86557
2 86556 86550
2 86546 86544
2 86542 86538
2 86531 86527
2 86516 86503
2 86499 86498
2 86490 86486
2 86482 86480
2 86473 86461
2 86448 86446
2 86445 86442
2 86432 86431
2 86430 86416
2 86412 86403
2 86401 86392
2 86387 86386
2 86372 86370
2 86368 86365
2 86361 86360
2 86359 86352
2 86351 86349
2 86342 86334
2 86328 86322
2 86315 86313
2 86311 86305
2 86288 86282
2 86281 86280
2 86270 86264
2 86256 86254
2 86242 86238
2 86236 86232
2 86229 86227
2 86226 86224
2 86218 86216
2 86215 86211
2 86210 86208
2 86202 86198
2 86197 86194
2 86187 86179
2 86175 86164
2 86163 86160
2 86158 86144
2 86141 86140
2 86132 86124
2 86117 86113
2 86110 86105
2 86102 86089
2 86087 86085
2 86084 86081
2 86072 86066
2 86063 86060
2 86057 86048
2 86047 86041
2 86035 86033
2 86031 86030
2 86029 86027
2 86020 86017
2 86009 86008
2 86002 86001
2 85994 85989
2 85987 85984
2 85972 85964
2 85963 85957
2 85956 85952
2 85943 85940
2 85936 85933
2 85928 85924
2 85904 85903
2 85899 85898
2 85888 85885
2 85857 85853
2 85851 85849
2 85848 85846
2 85835 85832
2 85826 85822
2 85821 85820
2 85816 85815
2 85812 85801
2 85800 85796
2 85795 85784
2 85782 85781
2 85777 85772
2 85768 85764
2 85763 85752
2 85750 85746
2 85743 85742
2 85741 85737
2 85736 85734
2 85727 85726
2 85723 85698
2 85696 85694
2 85692 85687
2 85686 85684
2 85679 85678
2 85666 85658
2 85651 85642
2 85638 85634
2 85633 85630
2 85612 85609
2 85597 85596
2 85594 85591
2 85586 85581
2 85580 85563
2 85554 85553
2 85545 85542
2 85538 85532
2 85531 85528
2 85526 85525
2 85524 85521
2 85519 85518
2 85505 85503
2 85499 85491
2 85481 85477
2 85472 85471
2 85470 85464
2 85451 85441
2 85431 85430
2 85428 85422
2 85419 85417
2 85410 85409
2 85402 85397
2 85396 85391
2 85389 85382
2 85376 85374
2 85373 85365
2 85357 85351
2 85347 85339
2 85323 85321
2 85315 85314
2 85306 85303
2 85302 85297
2 85286 85276
2 85270 85265
2 85263 85261
2 85258 85256
2 85253 85249
2 85247 85242
2 85241 85237
2 85233 85203
2 85201 85193
2 85192 85189
2 85188 85182
2 85178 85177
2 85171 85169
2 85167 85165
2 85156 85149
2 85147 85145
2 85142 85135
2 85133 85128
2 85125 85123
2 85112 85100
2 85092 85087
2 85086 85080
2 85074 85073
2 85068 85064
2 85058 85054
2 85052 85033
2 85029 85027
2 85026 85018
2 85008 85004
2 85003 84991
2 84989 84979
2 84971 84970
2 84969 84967
2 84961 84941
2 84933 84931
2 84928 84921
2 84920 84915
2 84913 84911
2 84899 84890
2 84888 84879
2 84865 84863
2 84855 84849
2 84847 84843
2 84841 84840
2 84836 84832
2 84827 84825
2 84821 84820
2 84815 84811
2 84810 84796
2 84790 84783
2 84776 84767
2 84766 84759
2 84751 84749
2 84729 84726
2 84720 84716
2 84713 84712
2 84708 84703
2 84698 84693
2 84692 84689
2 84688 84683
2 84678 84675
2 84670 84668
2 84665 84657
2 84650 84647
2 84646 84641
2 84637 84635
2 84634 84629
2 84618 84617
2 84610 84607
2 84602 84597
2 84595 84587
2 84582 84579
2 84575 84571
2 84548 84544
2 84539 84535
2 84531 84529
2 84527 84516
2 84515 84510
2 84506 84497
2 84491 84479
2 84473 84459
2 84458 84457
2 84456 84448
2 84447 84413
2 84412 84411
2 84408 84394
2 84393 84385
2 84383 84380
2 84373 84364
2 84360 84356
2 84355 84349
2 84345 84344
2 84339 84334
2 84331 84325
2 84317 84314
2 84312 84306
2 84289 84288
2 84286 84280
2 84278 84274
2 84267 84264
2 84260 84251
2 84247 84241
2 84236 84221
2 84217 84215
2 84207 84206
2 84205 84204
2 84203 84202
2 84189 84185
2 84178 84176
2 84173 84171
2 84167 84165
2 84160 84159
2 84155 84154
2 84152 84146
2 84145 84143
2 84142 84138
2 84134 84132
2 84129 84119
2 84112 84105
2 84103 84102
2 84075 84071
2 84068 84067
2 84064 84057
2 84044 84038
2 84022 84019
2 84008 84007
2 83983 83971
2 83963 83962
2 83961 83960
2 83954 83937
2 83926 83925
2 83904 83901
2 83898 83894
2 83892 83875
2 83870 83869
2 83868 83864
2 83863 83860
2 83859 83839
2 83834 83822
2 83820 83813
2 83809 83797
2 83795 83790
2 83789 83787
2 83785 83783
2 83774 83772
2 83769 83767
2 83763 83762
2 83746 83742
2 83736 83733
2 83729 83713
2 83707 83703
2 83694 83691
2 83677 83674
2 83670 83659
2 83657 83655
2 83646 83645
2 83636 83633
2 83623 83605
2 83596 83590
2 83589 83586
2 83584 83580
2 83579 83575
2 83573 83571
2 83567 83566
2 83552 83550
2 83543 83542
2 83536 83535
2 83526 83514
2 83501 83494
2 83493 83485
2 83484 83479
2 83478 83469
2 83444 83434
2 83428 83427
2 83417 83405
2 83400 83396
2 83394 83393
2 83390 83381
2 83380 83370
2 83361 83358
2 83354 83351
2 83346 83340
2 83331 83321
2 83315 83312
2 83305 83294
2 83278 83272
2 83270 83246
2 83245 83230
2 83218 83212
2 83194 83193
2 83191 83187
2 83186 83182
2 83181 83166
2 83162 83159
2 83158 83156
2 83153 83141
2 83137 83134
2 83130 83125
2 83122 83121
2 83118 83108
2 83107 83103
2 83098 83086
2 83080 83077
2 83071 83067
2 83065 83058
2 83055 83054
2 83052 83046
2 83039 83037
2 83035 83032
2 83026 83024
2 83015 83012
2 83011 83006
2 82996 82988
2 82980 82976
2 82975 82972
2 82968 82961
2 82958 82955
2 82948 82945
2 82943 82938
2 82936 82934
2 82921 82916
2 82915 82913
2 82911 82910
2 82902 82889
2 82885 82880
2 82868 82857
2 82856 82854
2 82849 82847
2 82846 82841
2 82840 82834
2 82828 82815
2 82814 82813
2 82810 82807
2 82806 82801
2 82791 82778
2 82767 82738
2 82736 82734
2 82733 82728
2 82713 82712
2 82704 82699
2 82691 82688
2 82686 82684
2 82679 82676
2 82672 82669
2 82665 82664
2 82660 82641
2 82627 82625
2 82623 82616
2 82615 82609
2 82607 82600
2 82596 82595
2 82593 82586
2 82577 82572
2 82568 82558
2 82557 82547
2 82535 82529
2 82522 82513
2 82511 82506
2 82505 82504
2 82496 82492
2 82489 82486
2 82483 82471
2 82470 82468
2 82467 82462
2 82461 82455
2 82446 82443
2 82441 82435
2 82430 82429
2 82422 82420
2 82419 82413
2 82411 82406
2 82399 82398
2 82397 82396
2 82391 82390
2 82389 82388
2 82382 82381
2 82380 82379
2 82378 82377
2 82374 82373
2 82369 82347
2 82343 82341
2 82336 82332
2 82325 82316
2 82315 82310
2 82308 82305
2 82302 82297
2 82290 82288
2 82285 82283
2 82280 82277
2 82273 82270
2 82264 82263
2 82261 82260
2 82259 82256
2 82246 82244
2 82232 82230
2 82219 82210
2 82201 82196
2 82194 82187
2 82181 82180
2 82174 82172
2 82170 82168
2 82167 82166
2 82165 82154
2 82148 82140
2 82136 82130
2 82128 82127
2 82124 82120
2 82116 82115
2 82107 82104
2 82102 82100
2 82096 82095
2 82089 82076
2 82075 82068
2 82067 82056
2 82053 82041
2 82039 82032
2 82028 82025
2 81995 81980
2 81978 81974
2 81967 81964
2 81963 81955
2 81950 81945
2 81930 81923
2 81919 81912
2 81905 81898
2 81891 81888
2 81886 81879
2 81871 81866
2 81859 81852
2 81850 81847
2 81828 81825
2 81822 81821
2 81820 81809
2 81808 81801
2 81797 81794
2 81791 81788
2 81779 81772
2 81771 81766
2 81761 81759
2 81757 81756
2 81752 81749
2 81745 81743
2 81739 81736
2 81723 81720
2 81708 81707
2 81702 81697
2 81689 81688
2 81678 81667
2 81659 81643
2 81638 81621
2 81612 81611
2 81610 81609
2 81604 81589
2 81569 81568
2 81556 81548
2 81545 81538
2 81537 81529
2 81528 81519
2 81517 81513
2 81501 81488
2 81482 81475
2 81467 81452
2 81450 81445
2 81441 81426
2 81421 81414
2 81395 81385
2 81383 81381
2 81374 81363
2 81360 81351
2 81348 81347
2 81338 81333
2 81320 81308
2 81307 81306
2 81302 81287
2 81285 81284
2 81276 81267
2 81254 81250
2 81228 81226
2 81225 81221
2 81216 81207
2 81202 81196
2 81194 81188
2 81181 81176
2 81173 81169
2 81164 81157
2 81154 81143
2 81139 81135
2 81129 81115
2 81112 81111
2 81103 81101
2 81099 81095
2 81090 81086
2 81083 81079
2 81077 81074
2 81073 81072
2 81071 81067
2 81066 81065
2 81060 81055
2 81050 81045
2 81034 81033
2 81021 81019
2 81018 81010
2 81007 80998
2 80996 80995
2 80987 80978
2 80977 80967
2 80966 80963
2 80962 80961
2 80958 80943
2 80940 80937
2 80934 80930
2 80913 80912
2 80900 80897
2 80886 80881
2 80878 80876
2 80872 80865
2 80849 80847
2 80839 80832
2 80821 80808
2 80800 80798
2 80796 80794
2 80790 80787
2 80782 80777
2 80776 80767
2 80765 80764
2 80763 80760
2 80757 80756
2 80751 80738
2 80721 80719
2 80718 80713
2 80704 80701
2 80693 80688
2 80685 80682
2 80675 80672
2 80664 80663
2 80660 80649
2 80648 80642
2 80641 80640
2 80637 80632
2 80623 80622
2 80620 80618
2 80614 80612
2 80603 80598
2 80596 80589
2 80588 80587
2 80579 80574
2 80573 80569
2 80566 80565
2 80563 80557
2 80549 80545
2 80536 80512
2 80507 80495
2 80491 80489
2 80486 80480
2 80479 80478
2 80472 80470
2 80453 80451
2 80450 80439
2 80435 80418
2 80417 80412
2 80402 80401
2 80399 80398
2 80396 80392
2 80391 80385
2 80384 80375
2 80356 80353
2 80341 80340
2 80336 80325
2 80317 80314
2 80308 80296
2 80291 80289
2 80268 80262
2 80257 80256
2 80253 80252
2 80248 80238
2 80232 80227
2 80220 80214
2 80210 80205
2 80198 80190
2 80189 80188
2 80184 80183
2 80178 80177
2 80175 80167
2 80162 80160
2 80158 80153
2 80150 80144
2 80132 80128
2 80125 80118
2 80113 80109
2 80088 80087
2 80084 80081
2 80080 80071
2 80068 80058
2 80050 80049
2 80045 80039
2 80031 80030
2 80029 80028
2 80019 80013
2 80007 79999
2 79997 79989
2 79980 79963
2 79952 79948
2 79937 79926
2 79921 79917
2 79906 79905
2 79902 79900
2 79899 79895
2 79891 79888
2 79884 79883
2 79877 79875
2 79873 79871
2 79868 79867
2 79862 79860
2 79856 79853
2 79848 79846
2 79835 79827
2 79825 79804
2 79796 79790
2 79784 79781
2 79775 79769
2 79766 79761
2 79756 79751
2 79750 79734
2 79727 79725
2 79719 79715
2 79712 79711
2 79700 79692
2 79688 79687
2 79684 79677
2 79672 79670
2 79668 79658
2 79648 79644
2 79638 79631
2 79630 79628
2 79622 79609
2 79606 79599
2 79597 79588
2 79574 79572
2 79568 79564
2 79562 79561
2 79560 79553
2 79550 79546
2 79542 79532
2 79523 79522
2 79519 79503
2 79501 79496
2 79492 79491
2 79485 79482
2 79481 79480
2 79465 79463
2 79462 79459
2 79454 79452
2 79445 79441
2 79434 79432
2 79429 79420
2 79419 79416
2 79411 79409
2 79408 79405
2 79401 79396
2 79387 79386
2 79382 79379
2 79377 79367
2 79354 79351
2 79349 79334
2 79332 79322
2 79308 79307
2 79297 79289
2 79280 79267
2 79266 79260
2 79253 79247
2 79241 79240
2 79236 79232
2 79230 79229
2 79222 79217
2 79215 79212
2 79191 79190
2 79189 79187
2 79180 79168
2 79164 79159
2 79156 79152
2 79149 79148
2 79137 79130
2 79117 79115
2 79113 79092
2 79085 79081
2 79079 79072
2 79064 79061
2 79053 79042
2 79038 79023
2 79017 79010
2 79009 79006
2 79004 78995
2 78989 78977
2 78976 78973
2 78966 78960
2 78959 78956
2 78955 78953
2 78949 78946
2 78932 78922
2 78911 78909
2 78907 78902
2 78890 78879
2 78874 78870
2 78869 78859
2 78854 78852
2 78843 78839
2 78837 78835
2 78828 78827
2 78825 78814
2 78812 78807
2 78798 78797
2 78796 78792
2 78775 78768
2 78765 78761
2 78754 78749
2 78745 78744
2 78737 78729
2 78727 78720
2 78711 78709
2 78697 78692
2 78690 78680
2 78671 78665
2 78643 78636
2 78633 78632
2 78631 78630
2 78623 78617
2 78614 78612
2 78609 78601
2 78597 78585
2 78584 78580
2 78567 78566
2 78564 78550
2 78543 78535
2 78530 78521
2 78520 78518
2 78503 78499
2 78493 78489
2 78481 78480
2 78475 78472
2 78471 78470
2 78462 78461
2 78456 78450
2 78441 78439
2 78432 78415
2 78407 78401
2 78396 78387
2 78370 78367
2 78351 78345
2 78341 78340
2 78339 78335
2 78329 78313
2 78312 78304
2 78289 78281
2 78270 78267
2 78266 78263
2 78253 78242
2 78234 78231
2 78229 78223
2 78218 78215
2 78211 78206
2 78202 78201
2 78197 78195
2 78194 78193
2 78190 78187
2 78185 78183
2 78174 78169
2 78166 78165
2 78162 78160
2 78156 78149
2 78148 78147
2 78129 78127
2 78125 78121
2 78109 78102
2 78095 78093
2 78086 78084
2 78075 78073
2 78072 78069
2 78067 78062
2 78057 78045
2 78041 78038
2 78032 78029
2 78028 78025
2 78022 78017
2 78011 78009
2 78007 78005
2 78000 77997
2 77986 77978
2 77972 77967
2 77966 77962
2 77956 77954
2 77952 77949
2 77945 77933
2 77932 77931
2 77923 77921
2 77907 77903
2 77902 77897
2 77876 77873
2 77871 77869
2 77863 77852
2 77842 77840
2 77835 77831
2 77824 77823
2 77814 77811
2 77810 77808
2 77791 77787
2 77781 77780
2 77774 77773
2 77772 77767
2 77762 77760
2 77758 77757
2 77755 77753
2 77748 77738
2 77735 77726
2 77725 77704
2 77702 77695
2 77694 77691
2 77687 77685
2 77678 77676
2 77671 77662
2 77657 77651
2 77649 77644
2 77641 77640
2 77637 77636
2 77632 77621
2 77616 77603
2 77597 77594
2 77578 77574
2 77572 77571
2 77560 77559
2 77558 77557
2 77554 77549
2 77531 77516
2 77512 77507
2 77503 77497
2 77493 77492
2 77491 77480
2 77464 77461
2 77457 77456
2 77453 77442
2 77438 77434
2 77427 77421
2 77417 77410
2 77381 77379
2 77375 77349
2 77348 77344
2 77312 77293
2 77286 77283
2 77274 77268
2 77265 77264
2 77258 77253
2 77251 77249
2 77248 77246
2 77242 77239
2 77238 77233
2 77231 77227
2 77222 77216
2 77208 77206
2 77205 77203
2 77201 77194
2 77189 77183
2 77180 77178
2 77174 77170
2 77169 77168
2 77163 77159
2 77157 77149
2 77147 77146
2 77143 77136
2 77126 77121
2 77116 77115
2 77106 77105
2 77103 77102
2 77092 77090
2 77086 77083
2 77077 77076
2 77074 77073
2 77072 77071
2 77070 77065
2 77060 77058
2 77041 77038
2 77030 77028
2 77023 77021
2 77009 77003
2 76988 76987
2 76986 76983
2 76982 76972
2 76968 76958
2 76956 76951
2 76948 76947
2 76943 76938
2 76933 76932
2 76916 76905
2 76901 76897
2 76895 76888
2 76883 76882
2 76879 76872
2 76864 76857
2 76855 76841
2 76838 76832
2 76827 76822
2 76817 76814
2 76813 76808
2 76807 76806
2 76804 76795
2 76794 76793
2 76786 76783
2 76777 76772
2 76759 76757
2 76756 76748
2 76746 76744
2 76742 76740
2 76732 76725
2 76716 76714
2 76713 76702
2 76698 76690
2 76685 76684
2 76675 76673
2 76669 76667
2 76659 76637
2 76631 76625
2 76622 76614
2 76610 76598
2 76589 76588
2 76578 76577
2 76556 76555
2 76554 76552
2 76544 76543
2 76539 76537
2 76519 76516
2 76503 76495
2 76493 76486
2 76480 76473
2 76469 76467
2 76458 76452
2 76450 76449
2 76447 76445
2 76443 76439
2 76438 76423
2 76421 76420
2 76414 76407
2 76406 76400
2 76394 76388
2 76385 76384
2 76380 76379
2 76376 76367
2 76360 76350
2 76340 76331
2 76326 76324
2 76317 76310
2 76308 76307
2 76302 76299
2 76298 76296
2 76295 76289
2 76275 76274
2 76271 76270
2 76268 76263
2 76262 76259
2 76255 76252
2 76245 76240
2 76234 76229
2 76227 76225
2 76218 76214
2 76204 76195
2 76192 76188
2 76186 76180
2 76170 76166
2 76161 76151
2 76134 76120
2 76114 76112
2 76111 76096
2 76094 76093
2 76084 76040
2 76029 76000
2 75998 75993
2 75991 75990
2 75989 75987
2 75984 75983
2 75969 75965
2 75960 75950
2 75942 75941
2 75924 75919
2 75916 75912
2 75910 75900
2 75897 75889
2 75883 75867
2 75863 75860
2 75853 75846
2 75829 75825
2 75824 75823
2 75822 75820
2 75811 75804
2 75797 75778
2 75777 75776
2 75773 75768
2 75765 75749
2 75747 75744
2 75742 75732
2 75717 75706
2 75703 75699
2 75689 75686
2 75681 75679
2 75669 75665
2 75659 75643
2 75642 75641
2 75633 75631
2 75630 75624
2 75617 75613
2 75611 75604
2 75597 75596
2 75590 75575
2 75569 75568
2 75567 75564
2 75556 75549
2 75541 75539
2 75538 75529
2 75524 75521
2 75520 75514
2 75503 75498
2 75494 75482
2 75480 75475
2 75474 75471
2 75470 75462
2 75453 75440
2 75429 75427
2 75424 75414
2 75413 75394
2 75381 75366
2 75364 75356
2 75346 75345
2 75344 75336
2 75334 75331
2 75329 75322
2 75310 75308
2 75300 75288
2 75287 75279
2 75267 75265
2 75264 75260
2 75259 75257
2 75250 75244
2 75243 75240
2 75237 75235
2 75232 75230
2 75225 75218
2 75216 75203
2 75198 75194
2 75182 75174
2 75170 75168
2 75166 75163
2 75159 75141
2 75128 75127
2 75124 75122
2 75111 75103
2 75102 75099
2 75098 75096
2 75095 75094
2 75093 75085
2 75078 75077
2 75074 75072
2 75053 75052
2 75051 75050
2 75046 75042
2 75034 75026
2 75024 75023
2 75014 75010
2 75002 74998
2 74996 74992
2 74985 74983
2 74974 74969
2 74968 74963
2 74961 74960
2 74953 74942
2 74940 74933
2 74922 74920
2 74919 74917
2 74909 74908
2 74907 74906
2 74896 74895
2 74888 74887
2 74871 74870
2 74869 74867
2 74854 74844
2 74837 74835
2 74828 74821
2 74816 74815
2 74813 74809
2 74806 74800
2 74794 74793
2 74791 74787
2 74786 74782
2 74780 74778
2 74775 74757
2 74756 74754
2 74744 74740
2 74738 74733
2 74730 74729
2 74727 74706
2 74701 74686
2 74684 74682
2 74678 74657
2 74656 74655
2 74652 74646
2 74645 74639
2 74637 74622
2 74621 74619
2 74615 74609
2 74608 74588
2 74584 74583
2 74577 74570
2 74569 74565
2 74552 74551
2 74547 74544
2 74536 74533
2 74528 74526
2 74524 74522
2 74513 74512
2 74501 74493
2 74489 74480
2 74474 74472
2 74471 74467
2 74461 74455
2 74450 74446
2 74445 74441
2 74437 74420
2 74417 74415
2 74412 74402
2 74401 74393
2 74390 74387
2 74383 74379
2 74368 74366
2 74361 74355
2 74353 74335
2 74328 74326
2 74324 74319
2 74318 74314
2 74313 74308
2 74307 74304
2 74302 74293
2 74290 74267
2 74266 74258
2 74254 74252
2 74246 74239
2 74234 74223
2 74221 74217
2 74216 74214
2 74212 74210
2 74209 74207
2 74200 74194
2 74193 74186
2 74182 74175
2 74162 74160
2 74153 74152
2 74145 74136
2 74120 74117
2 74112 74111
2 74109 74094
2 74091 74089
2 74088 74077
2 74074 74073
2 74063 74052
2 74032 74028
2 74023 74020
2 74016 74014
2 74012 74008
2 74003 73996
2 73984 73981
2 73977 73976
2 73975 73974
2 73969 73964
2 73963 73961
2 73957 73953
2 73945 73940
2 73932 73928
2 73919 73918
2 73914 73910
2 73906 73905
2 73898 73890
2 73868 73865
2 73864 73859
2 73849 73844
2 73839 73831
2 73826 73824
2 73821 73812
2 73806 73799
2 73795 73787
2 73785 73765
2 73758 73756
2 73755 73753
2 73736 73734
2 73730 73727
2 73726 73723
2 73722 73721
2 73717 73710
2 73704 73699
2 73691 73684
2 73683 73666
2 73661 73659
2 73658 73655
2 73654 73645
2 73639 73638
2 73635 73633
2 73632 73631
2 73628 73626
2 73620 73619
2 73617 73613
2 73608 73606
2 73600 73588
2 73583 73581
2 73572 73563
2 73562 73561
2 73555 73550
2 73543 73541
2 73538 73531
2 73528 73523
2 73521 73517
2 73515 73513
2 73504 73492
2 73488 73485
2 73481 73480
2 73476 73475
2 73470 73468
2 73460 73459
2 73447 73439
2 73424 73410
2 73404 73393
2 73389 73384
2 73375 73371
2 73361 73356
2 73350 73348
2 73345 73344
2 73341 73331
2 73328 73311
2 73301 73299
2 73298 73288
2 73278 73274
2 73265 73253
2 73247 73242
2 73241 73224
2 73215 73204
2 73203 73188
2 73181 73168
2 73167 73166
2 73163 73162
2 73153 73152
2 73150 73149
2 73146 73137
2 73135 73132
2 73130 73128
2 73127 73124
2 73121 73114
2 73111 73110
2 73104 73099
2 73092 73089
2 73087 73075
2 73065 73063
2 73059 73048
2 73044 73031
2 73023 73014
2 73005 73004
2 72994 72992
2 72982 72978
2 72977 72976
2 72967 72966
2 72965 72964
2 72960 72954
2 72946 72943
2 72942 72928
2 72927 72926
2 72924 72921
2 72911 72907
2 72904 72903
2 72902 72893
2 72888 72883
2 72882 72881
2 72880 72878
2 72869 72868
2 72866 72855
2 72852 72845
2 72839 72834
2 72833 72826
2 72825 72817
2 72815 72814
2 72808 72798
2 72794 72793
2 72789 72787
2 72784 72783
2 72778 72761
2 72756 72753
2 72752 72744
2 72735 72734
2 72732 72731
2 72730 72725
2 72713 72710
2 72700 72699
2 72693 72689
2 72686 72685
2 72683 72682
2 72677 72675
2 72667 72666
2 72653 72650
2 72647 72644
2 72642 72637
2 72627 72624
2 72623 72622
2 72618 72617
2 72615 72612
2 72598 72597
2 72581 72572
2 72568 72567
2 72563 72562
2 72560 72557
2 72555 72551
2 72549 72548
2 72539 72537
2 72536 72535
2 72534 72532
2 72530 72529
2 72528 72522
2 72521 72520
2 72516 72509
2 72493 72492
2 72489 72486
2 72482 72481
2 72477 72470
2 72462 72460
2 72457 72455
2 72449 72447
2 72446 72442
2 72441 72434
2 72431 72424
2 72403 72396
2 72392 72383
2 72378 72357
2 72340 72337
2 72334 72333
2 72329 72317
2 72314 72313
2 72310 72304
2 72290 72288
2 72273 72272
2 72271 72270
2 72264 72258
2 72256 72242
2 72232 72223
2 72222 72218
2 72215 72214
2 72213 72212
2 72210 72208
2 72206 72205
2 72203 72197
2 72195 72194
2 72186 72181
2 72179 72174
2 72172 72169
2 72168 72135
2 72132 72121
2 72119 72117
2 72114 72113
2 72107 72102
2 72098 72093
2 72083 72067
2 72065 72064
2 72049 72044
2 72040 72036
2 72035 72029
2 72027 72026
2 72022 72021
2 72014 72012
2 72001 72000
2 71997 71993
2 71987 71978
2 71961 71958
2 71946 71945
2 71933 71923
2 71915 71914
2 71907 71906
2 71904 71898
2 71897 71894
2 71893 71879
2 71867 71862
2 71854 71851
2 71844 71835
2 71833 71823
2 71820 71819
2 71817 71816
2 71814 71802
2 71798 71791
2 71787 71786
2 71785 71777
2 71768 71761
2 71753 71750
2 71746 71736
2 71735 71733
2 71726 71720
2 71718 71715
2 71703 71700
2 71692 71684
2 71683 71679
2 71675 71674
2 71667 71662
2 71660 71657
2 71651 71646
2 71644 71642
2 71628 71626
2 71624 71618
2 71616 71607
2 71606 71605
2 71602 71597
2 71593 71589
2 71587 71566
2 71564 71561
2 71559 71558
2 71557 71556
2 71551 71533
2 71524 71505
2 71495 71468
2 71465 71464
2 71463 71461
2 71451 71446
2 71444 71442
2 71431 71424
2 71421 71420
2 71415 71414
2 71404 71401
2 71393 71373
2 71372 71371
2 71366 71364
2 71352 71343
2 71336 71335
2 71332 71330
2 71321 71313
2 71310 71300
2 71296 71283
2 71280 71269
2 71256 71249
2 71246 71244
2 71242 71240
2 71239 71228
2 71225 71219
2 71218 71216
2 71214 71203
2 71201 71189
2 71182 71178
2 71172 71164
2 71160 71153
2 71148 71146
2 71132 71121
2 71115 71113
2 71112 71108
2 71102 71100
2 71098 71076
2 71064 71061
2 71055 71051
2 71049 71041
2 71033 71027
2 71024 71021
2 71018 71016
2 71012 71010
2 71003 70998
2 70991 70986
2 70984 70978
2 70976 70973
2 70969 70966
2 70959 70950
2 70948 70944
2 70942 70937
2 70935 70932
2 70931 70927
2 70921 70910
2 70902 70901
2 70898 70894
2 70893 70873
2 70872 70864
2 70862 70859
2 70857 70853
2 70849 70840
2 70838 70832
2 70822 70819
2 70816 70814
2 70813 70811
2 70798 70793
2 70790 70785
2 70769 70765
2 70760 70758
2 70756 70754
2 70753 70752
2 70743 70732
2 70731 70730
2 70723 70707
2 70706 70697
2 70677 70673
2 70667 70658
2 70632 70630
2 70629 70628
2 70615 70611
2 70609 70585
2 70570 70567
2 70563 70561
2 70556 70544
2 70533 70531
2 70530 70527
2 70515 70511
2 70481 70468
2 70463 70451
2 70442 70438
2 70436 70432
2 70429 70413
2 70412 70403
2 70400 70397
2 70396 70377
2 70369 70363
2 70360 70359
2 70358 70352
2 70350 70348
2 70345 70342
2 70332 70316
2 70315 70308
2 70274 70263
2 70258 70257
2 70252 70250
2 70245 70240
2 70239 70234
2 70230 70227
2 70222 70219
2 70212 70210
2 70208 70199
2 70185 70178
2 70171 70162
2 70161 70160
2 70148 70144
2 70143 70139
2 70134 70122
2 70120 70119
2 70118 70112
2 70105 70093
2 70086 70084
2 70082 70081
2 70059 70058
2 70055 70050
2 70049 70048
2 70044 70038
2 70029 70028
2 70024 70022
2 70012 70004
2 70001 69999
2 69987 69980
2 69961 69957
2 69935 69928
2 69926 69918
2 69916 69909
2 69907 69906
2 69900 69896
2 69890 69886
2 69876 69874
2 69872 69868
2 69865 69864
2 69860 69856
2 69855 69854
2 69853 69851
2 69848 69847
2 69841 69835
2 69834 69830
2 69825 69819
2 69817 69815
2 69810 69808
2 69800 69785
2 69783 69780
2 69771 69760
2 69753 69744
2 69738 69737
2 69736 69735
2 69734 69728
2 69726 69720
2 69718 69715
2 69708 69698
2 69695 69694
2 69689 69685
2 69680 69676
2 69673 69664
2 69662 69660
2 69656 69655
2 69654 69651
2 69643 69638
2 69637 69636
2 69635 69634
2 69631 69630
2 69595 69592
2 69586 69585
2 69577 69571
2 69570 69565
2 69561 69560
2 69552 69551
2 69550 69545
2 69544 69538
2 69529 69525
2 69520 69512
2 69507 69506
2 69501 69497
2 69491 69488
2 69478 69472
2 69466 69461
2 69460 69450
2 69444 69428
2 69427 69425
2 69421 69409
2 69401 69393
2 69391 69386
2 69381 69368
2 69362 69351
2 69349 69348
2 69346 69343
2 69335 69332
2 69322 69321
2 69317 69315
2 69308 69307
2 69296 69291
2 69287 69284
2 69277 69271
2 69267 69261
2 69238 69228
2 69226 69223
2 69222 69215
2 69213 69209
2 69206 69203
2 69202 69200
2 69199 69196
2 69193 69192
2 69185 69181
2 69177 69175
2 69173 69170
2 69162 69156
2 69152 69146
2 69141 69140
2 69135 69130
2 69127 69118
2 69117 69103
2 69098 69092
2 69073 69069
2 69059 69058
2 69051 69049
2 69048 69044
2 69043 69042
2 69041 69039
2 69036 69033
2 69030 69024
2 69020 69018
2 69010 69003
2 69001 69000
2 68999 68998
2 68990 68986
2 68971 68969
2 68966 68958
2 68955 68952
2 68941 68940
2 68936 68933
2 68907 68902
2 68893 68891
2 68889 68887
2 68886 68881
2 68880 68876
2 68875 68873
2 68869 68867
2 68860 68850
2 68849 68845
2 68843 68841
2 68833 68831
2 68817 68812
2 68811 68804
2 68785 68784
2 68783 68777
2 68769 68768
2 68750 68748
2 68741 68734
2 68731 68727
2 68722 68716
2 68713 68711
2 68709 68706
2 68699 68695
2 68690 68688
2 68681 68679
2 68669 68648
2 68642 68633
2 68628 68626
2 68625 68624
2 68619 68614
2 68600 68599
2 68586 68584
2 68582 68581
2 68580 68579
2 68573 68569
2 68567 68564
2 68561 68560
2 68558 68542
2 68540 68539
2 68533 68529
2 68522 68520
2 68518 68511
2 68508 68503
2 68502 68496
2 68495 68491
2 68486 68462
2 68459 68455
2 68454 68451
2 68449 68441
2 68424 68422
2 68418 68415
2 68414 68410
2 68395 68392
2 68386 68382
2 68375 68348
2 68335 68322
2 68314 68309
2 68305 68301
2 68298 68293
2 68284 68281
2 68274 68268
2 68246 68239
2 68235 68233
2 68232 68231
2 68226 68218
2 68204 68203
2 68192 68187
2 68183 68179
2 68173 68168
2 68167 68157
2 68145 68142
2 68140 68136
2 68125 68120
2 68100 68087
2 68080 68079
2 68078 68074
2 68070 68067
2 68056 68050
2 68048 68043
2 68040 68033
2 68029 68019
2 68016 68015
2 68014 68009
2 67998 67988
2 67986 67983
2 67978 67977
2 67972 67969
2 67958 67944
2 67943 67937
2 67935 67934
2 67931 67929
2 67925 67923
2 67920 67917
2 67916 67909
2 67908 67907
2 67906 67904
2 67896 67884
2 67881 67872
2 67870 67853
2 67840 67838
2 67837 67836
2 67834 67818
2 67815 67814
2 67796 67794
2 67785 67783
2 67778 67776
2 67743 67740
2 67735 67732
2 67720 67718
2 67710 67703
2 67692 67689
2 67688 67678
2 67673 67671
2 67667 67664
2 67662 67661
2 67659 67656
2 67648 67644
2 67640 67631
2 67629 67628
2 67617 67611
2 67605 67604
2 67599 67597
2 67594 67584
2 67579 67576
2 67572 67571
2 67567 67566
2 67554 67552
2 67546 67544
2 67529 67525
2 67522 67520
2 67512 67508
2 67507 67500
2 67495 67490
2 67488 67479
2 67475 67474
2 67472 67469
2 67462 67450
2 67434 67433
2 67405 67402
2 67400 67384
2 67378 67375
2 67358 67355
2 67352 67351
2 67350 67339
2 67333 67331
2 67330 67329
2 67323 67322
2 67306 67303
2 67299 67296
2 67295 67293
2 67291 67288
2 67283 67281
2 67277 67273
2 67266 67259
2 67253 67245
2 67243 67241
2 67238 67237
2 67235 67230
2 67212 67204
2 67193 67187
2 67181 67178
2 67177 67167
2 67166 67159
2 67156 67151
2 67150 67140
2 67139 67135
2 67134 67129
2 67121 67116
2 67114 67109
2 67104 67095
2 67088 67057
2 67056 67052
2 67042 67037
2 67035 67034
2 67027 67026
2 67025 67021
2 67019 67005
2 67000 66997
2 66992 66991
2 66988 66986
2 66982 66979
2 66974 66973
2 66972 66971
2 66969 66968
2 66947 66942
2 66933 66932
2 66918 66912
2 66904 66902
2 66889 66886
2 66884 66878
2 66876 66864
2 66863 66861
2 66859 66856
2 66853 66848
2 66841 66835
2 66834 66832
2 66828 66826
2 66824 66804
2 66801 66800
2 66799 66797
2 66793 66792
2 66787 66774
2 66767 66759
2 66758 66755
2 66753 66752
2 66751 66750
2 66744 66743
2 66740 66736
2 66730 66720
2 66710 66708
2 66694 66693
2 66682 66678
2 66672 66668
2 66666 66665
2 66662 66658
2 66655 66651
2 66648 66644
2 66634 66624
2 66621 66620
2 66614 66601
2 66598 66592
2 66589 66577
2 66576 66575
2 66545 66539
2 66538 66532
2 66522 66521
2 66517 66516
2 66507 66505
2 66503 66502
2 66500 66488
2 66479 66475
2 66474 66472
2 66453 66452
2 66445 66442
2 66436 66429
2 66427 66416
2 66407 66402
2 66389 66386
2 66382 66377
2 66372 66363
2 66362 66359
2 66356 66352
2 66347 66346
2 66342 66334
2 66323 66321
2 66318 66316
2 66311 66304
2 66303 66296
2 66295 66294
2 66289 66288
2 66285 66284
2 66281 66275
2 66262 66250
2 66247 66235
2 66229 66228
2 66220 66216
2 66214 66209
2 66207 66206
2 66199 66197
2 66188 66155
2 66123 66121
2 66119 66110
2 66108 66106
2 66089 66080
2 66075 66065
2 66062 66059
2 66048 66045
2 66038 66032
2 66025 66019
2 66016 66012
2 66004 65998
2 65991 65984
2 65979 65965
2 65959 65929
2 65924 65920
2 65918 65914
2 65901 65896
2 65887 65878
2 65866 65864
2 65859 65854
2 65852 65850
2 65843 65832
2 65830 65826
2 65821 65819
2 65817 65813
2 65804 65781
2 65776 65767
2 65762 65759
2 65757 65750
2 65740 65739
2 65736 65734
2 65732 65722
2 65720 65719
2 65704 65701
2 65697 65694
2 65691 65690
2 65683 65674
2 65672 65654
2 65649 65644
2 65638 65636
2 65635 65634
2 65626 65618
2 65613 65603
2 65602 65599
2 65593 65591
2 65587 65581
2 65576 65569
2 65559 65541
2 65536 65534
2 65531 65519
2 65515 65508
2 65502 65485
2 65484 65478
2 65475 65466
2 65463 65439
2 65422 65391
2 65384 65371
2 65370 65369
2 65367 65365
2 65361 65359
2 65357 65351
2 65348 65340
2 65336 65328
2 65327 65320
2 65319 65310
2 65307 65303
2 65299 65295
2 65293 65279
2 65276 65272
2 65269 65266
2 65265 65259
2 65247 65246
2 65245 65234
2 65232 65228
2 65219 65189
2 65185 65172
2 65170 65154
2 65138 65127
2 65125 65123
2 65122 65117
2 65115 65103
2 65097 65091
2 65086 65085
2 65082 65081
2 65079 65076
2 65074 65073
2 65067 65065
2 65054 65053
2 65051 65049
2 65045 65027
2 65017 65014
2 65012 65009
2 64998 64988
2 64987 64974
2 64971 64964
2 64959 64954
2 64951 64928
2 64921 64920
2 64916 64915
2 64908 64905
2 64902 64898
2 64896 64891
2 64889 64881
2 64880 64876
2 64863 64862
2 64839 64822
2 64819 64810
2 64798 64776
2 64775 64769
2 64768 64767
2 64761 64759
2 64756 64747
2 64740 64730
2 64724 64723
2 64721 64712
2 64700 64698
2 64692 64690
2 64682 64666
2 64654 64651
2 64647 64646
2 64639 64637
2 64633 64624
2 64621 64618
2 64617 64615
2 64601 64598
2 64586 64578
2 64575 64574
2 64573 64568
2 64549 64547
2 64539 64537
2 64535 64515
2 64505 64501
2 64498 64495
2 64493 64478
2 64474 64473
2 64470 64467
2 64460 64457
2 64447 64444
2 64441 64440
2 64436 64432
2 64430 64426
2 64420 64419
2 64414 64412
2 64406 64402
2 64376 64373
2 64353 64352
2 64350 64346
2 64343 64341
2 64333 64317
2 64316 64315
2 64310 64308
2 64304 64303
2 64295 64294
2 64293 64287
2 64285 64283
2 64281 64272
2 64270 64266
2 64253 64251
2 64249 64248
2 64247 64246
2 64244 64238
2 64232 64216
2 64214 64208
2 64207 64200
2 64192 64189
2 64184 64181
2 64177 64176
2 64169 64159
2 64156 64150
2 64144 64142
2 64140 64135
2 64122 64118
2 64117 64110
2 64108 64096
2 64090 64084
2 64077 64074
2 64073 64066
2 64061 64057
2 64055 64050
2 64038 64028
2 64026 64025
2 64014 64012
2 64005 63999
2 63998 63997
2 63995 63994
2 63977 63974
2 63963 63957
2 63956 63942
2 63941 63939
2 63937 63925
2 63924 63915
2 63912 63910
2 63901 63900
2 63883 63879
2 63876 63871
2 63859 63839
2 63834 63831
2 63826 63825
2 63821 63820
2 63818 63814
2 63777 63776
2 63763 63762
2 63760 63741
2 63733 63732
2 63724 63719
2 63716 63714
2 63713 63711
2 63710 63707
2 63705 63699
2 63697 63685
2 63679 63677
2 63674 63667
2 63665 63663
2 63654 63651
2 63649 63645
2 63644 63635
2 63630 63616
2 63610 63609
2 63608 63606
2 63602 63600
2 63587 63586
2 63574 63572
2 63571 63570
2 63568 63562
2 63557 63553
2 63546 63539
2 63537 63532
2 63530 63523
2 63518 63517
2 63511 63500
2 63497 63495
2 63473 63470
2 63466 63453
2 63447 63433
2 63420 63416
2 63415 63405
2 63403 63389
2 63380 63379
2 63373 63364
2 63357 63354
2 63351 63345
2 63343 63337
2 63315 63312
2 63311 63307
2 63301 63288
2 63285 63282
2 63266 63260
2 63257 63255
2 63250 63240
2 63236 63235
2 63224 63222
2 63206 63202
2 63197 63195
2 63193 63187
2 63182 63174
2 63171 63169
2 63154 63148
2 63146 63135
2 63115 63107
2 63104 63090
2 63088 63083
2 63079 63073
2 63061 63059
2 63058 63051
2 63047 63045
2 63039 63038
2 63037 63020
2 63011 63009
2 63008 63004
2 63003 63000
2 62999 62998
2 62995 62987
2 62983 62981
2 62978 62973
2 62961 62953
2 62952 62946
2 62943 62942
2 62940 62938
2 62934 62933
2 62931 62925
2 62921 62918
2 62911 62900
2 62896 62882
2 62876 62874
2 62861 62857
2 62847 62842
2 62837 62835
2 62824 62818
2 62815 62808
2 62807 62802
2 62798 62782
2 62776 62775
2 62773 62767
2 62763 62758
2 62757 62751
2 62747 62742
2 62739 62738
2 62734 62726
2 62717 62710
2 62709 62707
2 62704 62701
2 62698 62695
2 62690 62689
2 62682 62680
2 62677 62670
2 62667 62666
2 62665 62659
2 62656 62650
2 62647 62646
2 62636 62630
2 62621 62620
2 62606 62600
2 62595 62593
2 62577 62566
2 62563 62552
2 62550 62549
2 62547 62542
2 62540 62537
2 62526 62522
2 62517 62514
2 62505 62502
2 62496 62490
2 62487 62483
2 62481 62479
2 62478 62475
2 62474 62473
2 62455 62450
2 62442 62439
2 62436 62433
2 62430 62424
2 62419 62418
2 62417 62416
2 62411 62403
2 62388 62387
2 62386 62381
2 62379 62378
2 62366 62359
2 62358 62341
2 62336 62330
2 62325 62314
2 62313 62305
2 62303 62301
2 62292 62291
2 62290 62285
2 62283 62281
2 62277 62276
2 62273 62265
2 62251 62247
2 62240 62233
2 62230 62224
2 62220 62209
2 62199 62194
2 62188 62187
2 62176 62174
2 62171 62164
2 62157 62141
2 62136 62135
2 62129 62119
2 62117 62115
2 62109 62105
2 62103 62098
2 62097 62095
2 62094 62087
2 62083 62081
2 62066 62064
2 62039 62035
2 62032 62027
2 62022 62021
2 62019 62017
2 62014 61998
2 61993 61990
2 61979 61978
2 61974 61971
2 61966 61954
2 61950 61942
2 61939 61938
2 61931 61930
2 61929 61928
2 61919 61916
2 61912 61910
2 61908 61896
2 61895 61894
2 61886 61878
2 61872 61849
2 61846 61844
2 61842 61833
2 61830 61824
2 61807 61805
2 61801 61800
2 61790 61781
2 61775 61768
2 61766 61764
2 61758 61751
2 61745 61741
2 61735 61732
2 61731 61729
2 61727 61724
2 61702 61698
2 61697 61689
2 61688 61682
2 61675 61667
2 61663 61660
2 61658 61656
2 61651 61641
2 61640 61633
2 61626 61625
2 61618 61613
2 61607 61606
2 61598 61597
2 61589 61587
2 61585 61582
2 61580 61577
2 61574 61568
2 61566 61550
2 61537 61535
2 61532 61528
2 61516 61514
2 61513 61510
2 61509 61502
2 61500 61491
2 61489 61488
2 61487 61471
2 61468 61464
2 61461 61455
2 61449 61440
2 61438 61433
2 61423 61420
2 61418 61394
2 61389 61381
2 61368 61367
2 61366 61335
2 61331 61324
2 61321 61318
2 61311 61307
2 61301 61300
2 61282 61277
2 61268 61255
2 61251 61247
2 61243 61230
2 61226 61224
2 61221 61213
2 61211 61204
2 61202 61195
2 61192 61183
2 61179 61177
2 61174 61173
2 61171 61160
2 61152 61132
2 61129 61126
2 61111 61108
2 61104 61100
2 61092 61090
2 61089 61082
2 61078 61076
2 61075 61074
2 61047 61046
2 61040 61029
2 61027 61020
2 61019 61018
2 61016 61003
2 60989 60985
2 60982 60978
2 60974 60965
2 60963 60957
2 60956 60954
2 60947 60946
2 60943 60936
2 60931 60925
2 60911 60906
2 60900 60896
2 60895 60893
2 60885 60880
2 60860 60859
2 60858 60847
2 60845 60844
2 60843 60842
2 60840 60833
2 60831 60830
2 60828 60824
2 60822 60818
2 60817 60811
2 60807 60796
2 60785 60780
2 60779 60775
2 60773 60772
2 60756 60755
2 60750 60749
2 60747 60737
2 60736 60732
2 60728 60716
2 60708 60707
2 60698 60690
2 60687 60684
2 60662 60656
2 60645 60642
2 60638 60627
2 60625 60621
2 60619 60610
2 60606 60598
2 60596 60590
2 60579 60571
2 60566 60563
2 60561 60549
2 60536 60530
2 60518 60513
2 60496 60494
2 60491 60489
2 60483 60479
2 60475 60474
2 60470 60457
2 60450 60441
2 60439 60438
2 60432 60429
2 60427 60422
2 60415 60412
2 60404 60402
2 60398 60387
2 60383 60378
2 60377 60375
2 60371 60368
2 60364 60360
2 60357 60355
2 60342 60340
2 60337 60324
2 60322 60317
2 60309 60303
2 60290 60287
2 60286 60266
2 60265 60259
2 60256 60251
2 60243 60240
2 60229 60228
2 60222 60219
2 60210 60205
2 60203 60198
2 60197 60196
2 60191 60170
2 60154 60153
2 60148 60124
2 60121 60118
2 60106 60101
2 60100 60090
2 60085 60082
2 60079 60077
2 60076 60062
2 60045 60034
2 60023 60017
2 60013 60004
2 60003 60002
2 60001 59998
2 59989 59982
2 59979 59973
2 59969 59967
2 59958 59955
2 59939 59932
2 59929 59913
2 59909 59908
2 59907 59901
2 59897 59896
2 59890 59886
2 59885 59878
2 59875 59872
2 59863 59859
2 59858 59847
2 59841 59840
2 59837 59836
2 59828 59827
2 59812 59807
2 59805 59802
2 59801 59799
2 59784 59781
2 59778 59769
2 59765 59764
2 59758 59757
2 59756 59754
2 59752 59748
2 59736 59733
2 59732 59718
2 59711 59707
2 59705 59704
2 59701 59694
2 59693 59692
2 59685 59683
2 59680 59663
2 59644 59640
2 59632 59629
2 59626 59621
2 59614 59609
2 59599 59591
2 59585 59584
2 59577 59560
2 59556 59551
2 59548 59545
2 59540 59534
2 59528 59517
2 59513 59512
2 59492 59488
2 59487 59484
2 59482 59479
2 59476 59474
2 59471 59458
2 59454 59448
2 59437 59435
2 59432 59428
2 59426 59425
2 59415 59414
2 59412 59411
2 59397 59384
2 59381 59379
2 59378 59374
2 59371 59362
2 59357 59355
2 59354 59348
2 59344 59343
2 59330 59320
2 59319 59316
2 59304 59302
2 59294 59289
2 59287 59279
2 59276 59259
2 59258 59257
2 59249 59247
2 59246 59226
2 59224 59221
2 59198 59194
2 59193 59192
2 59187 59185
2 59176 59172
2 59167 59164
2 59163 59159
2 59150 59141
2 59140 59134
2 59125 59124
2 59123 59122
2 59119 59118
2 59108 59103
2 59091 59088
2 59086 59075
2 59074 59057
2 59056 59054
2 59046 59044
2 59039 59037
2 59034 59024
2 59023 59022
2 59014 59011
2 59008 58999
2 58994 58988
2 58987 58982
2 58977 58969
2 58962 58961
2 58958 58954
2 58945 58940
2 58939 58936
2 58923 58912
2 58881 58874
2 58862 58861
2 58854 58853
2 58832 58828
2 58819 58813
2 58811 58809
2 58789 58778
2 58775 58773
2 58772 58769
2 58763 58760
2 58758 58753
2 58752 58751
2 58748 58746
2 58740 58701
2 58692 58683
2 58678 58676
2 58664 58658
2 58654 58652
2 58649 58645
2 58613 58607
2 58605 58602
2 58601 58594
2 58593 58589
2 58568 58564
2 58560 58550
2 58541 58539
2 58534 58522
2 58505 58503
2 58502 58501
2 58497 58493
2 58490 58486
2 58485 58483
2 58480 58479
2 58472 58465
2 58457 58428
2 58427 58425
2 58421 58420
2 58417 58414
2 58407 58404
2 58403 58395
2 58394 58389
2 58377 58374
2 58365 58361
2 58360 58357
2 58351 58342
2 58340 58339
2 58334 58328
2 58327 58324
2 58319 58314
2 58308 58307
2 58305 58290
2 58283 58269
2 58263 58258
2 58249 58246
2 58241 58239
2 58237 58235
2 58234 58230
2 58227 58226
2 58223 58216
2 58203 58194
2 58192 58191
2 58168 58166
2 58162 58161
2 58154 58151
2 58149 58142
2 58140 58136
2 58126 58125
2 58124 58120
2 58117 58114
2 58105 58102
2 58101 58089
2 58080 58079
2 58078 58066
2 58061 58060
2 58059 58043
2 58040 58030
2 58026 58019
2 58018 58010
2 58003 58002
2 57997 57995
2 57980 57962
2 57955 57938
2 57935 57928
2 57926 57920
2 57916 57910
2 57903 57896
2 57894 57893
2 57892 57890
2 57884 57881
2 57875 57869
2 57868 57860
2 57854 57853
2 57852 57850
2 57848 57825
2 57824 57823
2 57822 57817
2 57811 57804
2 57803 57787
2 57776 57767
2 57764 57760
2 57752 57751
2 57747 57745
2 57737 57733
2 57730 57723
2 57706 57699
2 57686 57671
2 57668 57660
2 57646 57630
2 57626 57625
2 57615 57610
2 57608 57592
2 57585 57579
2 57578 57571
2 57560 57559
2 57556 57552
2 57543 57538
2 57537 57530
2 57522 57518
2 57514 57507
2 57502 57501
2 57496 57479
2 57475 57469
2 57465 57453
2 57452 57449
2 57445 57439
2 57426 57419
2 57409 57406
2 57393 57391
2 57387 57380
2 57378 57377
2 57376 57375
2 57373 57369
2 57360 57358
2 57357 57354
2 57348 57341
2 57337 57329
2 57328 57322
2 57312 57308
2 57307 57306
2 57301 57295
2 57291 57290
2 57281 57278
2 57275 57272
2 57267 57265
2 57249 57245
2 57242 57239
2 57238 57232
2 57225 57223
2 57210 57201
2 57199 57197
2 57196 57192
2 57190 57188
2 57180 57173
2 57170 57168
2 57167 57165
2 57159 57156
2 57151 57147
2 57146 57140
2 57136 57129
2 57125 57124
2 57123 57113
2 57112 57104
2 57103 57100
2 57091 57088
2 57076 57065
2 57056 57055
2 57054 57053
2 57041 57038
2 57033 57032
2 57025 57022
2 57012 57004
2 56996 56988
2 56980 56979
2 56978 56971
2 56962 56961
2 56956 56955
2 56953 56950
2 56948 56946
2 56945 56944
2 56939 56930
2 56929 56924
2 56923 56920
2 56917 56915
2 56907 56900
2 56897 56894
2 56876 56872
2 56868 56864
2 56863 56859
2 56858 56856
2 56855 56852
2 56851 56837
2 56833 56800
2 56798 56792
2 56788 56766
2 56762 56761
2 56759 56753
2 56731 56727
2 56723 56720
2 56713 56712
2 56710 56707
2 56687 56679
2 56675 56672
2 56662 56658
2 56656 56639
2 56635 56633
2 56630 56629
2 56628 56625
2 56620 56612
2 56610 56601
2 56598 56597
2 56596 56594
2 56590 56589
2 56586 56585
2 56584 56575
2 56557 56551
2 56549 56546
2 56544 56543
2 56541 56539
2 56531 56527
2 56521 56518
2 56514 56512
2 56500 56499
2 56497 56487
2 56486 56481
2 56479 56477
2 56475 56469
2 56466 56459
2 56457 56449
2 56441 56436
2 56426 56425
2 56413 56408
2 56404 56403
2 56398 56393
2 56392 56390
2 56389 56375
2 56374 56373
2 56371 56361
2 56359 56356
2 56352 56349
2 56347 56343
2 56339 56336
2 56335 56334
2 56330 56327
2 56326 56321
2 56313 56310
2 56309 56305
2 56302 56296
2 56286 56281
2 56280 56279
2 56275 56271
2 56267 56252
2 56251 56249
2 56238 56235
2 56232 56231
2 56228 56221
2 56215 56209
2 56205 56204
2 56198 56197
2 56184 56183
2 56182 56178
2 56174 56170
2 56168 56167
2 56163 56161
2 56151 56147
2 56136 56130
2 56128 56112
2 56109 56105
2 56104 56102
2 56101 56097
2 56095 56094
2 56091 56088
2 56081 56077
2 56074 56072
2 56056 56054
2 56053 56040
2 56026 56025
2 56019 56016
2 56010 56005
2 56003 56002
2 55981 55977
2 55976 55969
2 55962 55952
2 55943 55936
2 55925 55913
2 55906 55904
2 55898 55892
2 55874 55873
2 55869 55868
2 55867 55866
2 55863 55860
2 55853 55849
2 55842 55838
2 55832 55819
2 55812 55806
2 55794 55785
2 55782 55781
2 55777 55769
2 55765 55759
2 55753 55749
2 55744 55741
2 55737 55732
2 55723 55722
2 55721 55720
2 55714 55705
2 55701 55698
2 55696 55692
2 55687 55686
2 55674 55670
2 55654 55650
2 55646 55644
2 55642 55638
2 55624 55620
2 55617 55605
2 55595 55593
2 55591 55586
2 55583 55578
2 55573 55556
2 55548 55536
2 55533 55529
2 55528 55527
2 55525 55519
2 55515 55511
2 55496 55487
2 55485 55477
2 55473 55470
2 55458 55455
2 55444 55442
2 55440 55439
2 55431 55427
2 55423 55413
2 55405 55404
2 55403 55401
2 55400 55385
2 55381 55375
2 55373 55371
2 55362 55353
2 55349 55339
2 55337 55335
2 55334 55332
2 55331 55328
2 55327 55317
2 55311 55307
2 55301 55300
2 55293 55291
2 55288 55284
2 55278 55273
2 55272 55270
2 55266 55261
2 55259 55251
2 55247 55238
2 55232 55216
2 55214 55205
2 55203 55194
2 55192 55191
2 55186 55173
2 55167 55124
2 55120 55118
2 55114 55109
2 55108 55103
2 55101 55094
2 55089 55080
2 55073 55050
2 55045 55044
2 55025 55022
2 55011 55008
2 54987 54981
2 54975 54973
2 54971 54968
2 54965 54954
2 54953 54947
2 54943 54941
2 54928 54921
2 54915 54906
2 54900 54893
2 54881 54879
2 54876 54872
2 54864 54861
2 54855 54854
2 54824 54813
2 54811 54808
2 54805 54804
2 54799 54794
2 54790 54789
2 54788 54784
2 54783 54774
2 54772 54768
2 54766 54764
2 54759 54755
2 54751 54747
2 54734 54723
2 54706 54705
2 54699 54691
2 54684 54669
2 54662 54658
2 54652 54651
2 54643 54630
2 54615 54614
2 54612 54611
2 54606 54601
2 54586 54585
2 54577 54575
2 54574 54570
2 54567 54558
2 54554 54551
2 54540 54529
2 54519 54518
2 54515 54509
2 54505 54502
2 54480 54478
2 54476 54463
2 54459 54458
2 54450 54448
2 54432 54430
2 54426 54425
2 54417 54416
2 54413 54412
2 54408 54390
2 54372 54370
2 54369 54368
2 54360 54356
2 54344 54343
2 54342 54338
2 54335 54332
2 54327 54320
2 54317 54316
2 54305 54302
2 54298 54292
2 54289 54288
2 54283 54280
2 54278 54270
2 54265 54254
2 54240 54239
2 54236 54224
2 54223 54221
2 54219 54217
2 54214 54209
2 54206 54203
2 54202 54197
2 54194 54189
2 54184 54179
2 54175 54172
2 54170 54169
2 54158 54156
2 54152 54147
2 54146 54142
2 54139 54126
2 54123 54121
2 54106 54102
2 54099 54092
2 54083 54079
2 54068 54064
2 54063 54061
2 54060 54057
2 54054 54050
2 54047 54046
2 54043 54040
2 54031 54030
2 54029 54027
2 54022 54019
2 54007 54005
2 54002 54001
2 53999 53992
2 53981 53974
2 53971 53970
2 53948 53945
2 53940 53939
2 53935 53933
2 53931 53924
2 53922 53921
2 53915 53910
2 53895 53878
2 53868 53865
2 53853 53852
2 53847 53845
2 53838 53834
2 53833 53829
2 53822 53811
2 53805 53804
2 53790 53787
2 53777 53776
2 53771 53770
2 53768 53756
2 53727 53719
2 53716 53705
2 53703 53695
2 53694 53690
2 53689 53687
2 53684 53673
2 53669 53665
2 53663 53660
2 53655 53653
2 53650 53643
2 53642 53637
2 53634 53633
2 53630 53628
2 53627 53619
2 53614 53609
2 53606 53583
2 53580 53575
2 53568 53565
2 53564 53558
2 53553 53549
2 53537 53530
2 53526 53515
2 53510 53506
2 53504 53502
2 53500 53498
2 53493 53490
2 53480 53476
2 53475 53470
2 53450 53446
2 53439 53437
2 53427 53422
2 53411 53408
2 53394 53383
2 53379 53377
2 53373 53372
2 53369 53365
2 53354 53352
2 53347 53344
2 53341 53338
2 53334 53319
2 53316 53306
2 53305 53297
2 53293 53286
2 53281 53270
2 53262 53261
2 53253 53238
2 53235 53228
2 53218 53208
2 53205 53199
2 53196 53195
2 53193 53191
2 53185 53179
2 53173 53168
2 53167 53159
2 53156 53145
2 53133 53130
2 53126 53124
2 53118 53115
2 53111 53105
2 53104 53099
2 53091 53087
2 53083 53077
2 53068 53064
2 53062 53051
2 53043 53033
2 53032 53008
2 53004 53003
2 52998 52994
2 52992 52983
2 52982 52978
2 52968 52967
2 52966 52965
2 52957 52955
2 52952 52944
2 52942 52941
2 52938 52937
2 52935 52929
2 52927 52922
2 52917 52912
2 52911 52908
2 52879 52860
2 52859 52857
2 52856 52853
2 52852 52848
2 52843 52838
2 52837 52828
2 52825 52812
2 52810 52808
2 52794 52791
2 52789 52787
2 52780 52747
2 52744 52736
2 52732 52731
2 52726 52724
2 52721 52719
2 52714 52708
2 52704 52703
2 52694 52687
2 52685 52681
2 52677 52676
2 52667 52657
2 52655 52647
2 52641 52639
2 52635 52633
2 52632 52622
2 52619 52617
2 52616 52611
2 52609 52603
2 52602 52601
2 52600 52595
2 52589 52587
2 52568 52560
2 52557 52554
2 52547 52546
2 52545 52527
2 52521 52518
2 52514 52509
2 52508 52507
2 52504 52499
2 52472 52465
2 52458 52449
2 52445 52444
2 52437 52431
2 52429 52423
2 52411 52398
2 52379 52374
2 52368 52352
2 52343 52342
2 52339 52338
2 52336 52334
2 52331 52330
2 52316 52311
2 52308 52299
2 52274 52268
2 52263 52258
2 52254 52248
2 52245 52237
2 52236 52235
2 52233 52229
2 52228 52224
2 52223 52208
2 52206 52204
2 52192 52191
2 52190 52189
2 52182 52176
2 52174 52169
2 52165 52162
2 52161 52159
2 52150 52148
2 52130 52129
2 52127 52123
2 52119 52118
2 52101 52098
2 52091 52088
2 52082 52073
2 52068 52064
2 52053 52039
2 52035 52029
2 52024 52022
2 52014 52011
2 52006 52002
2 52000 51997
2 51981 51972
2 51952 51951
2 51949 51927
2 51924 51922
2 51920 51902
2 51896 51894
2 51893 51887
2 51885 51883
2 51882 51880
2 51879 51878
2 51870 51869
2 51859 51856
2 51853 51851
2 51849 51844
2 51837 51824
2 51823 51814
2 51795 51787
2 51781 51777
2 51776 51769
2 51763 51757
2 51755 51749
2 51746 51724
2 51723 51718
2 51717 51715
2 51702 51693
2 51690 51685
2 51684 51682
2 51679 51677
2 51675 51673
2 51669 51668
2 51660 51653
2 51651 51648
2 51642 51637
2 51636 51630
2 51628 51627
2 51614 51612
2 51603 51598
2 51589 51579
2 51575 51574
2 51570 51560
2 51558 51551
2 51549 51545
2 51544 51542
2 51538 51537
2 51525 51524
2 51521 51519
2 51512 51509
2 51503 51494
2 51491 51487
2 51484 51467
2 51463 51454
2 51433 51429
2 51428 51417
2 51409 51403
2 51400 51388
2 51376 51368
2 51362 51359
2 51349 51348
2 51343 51339
2 51336 51334
2 51329 51326
2 51321 51320
2 51304 51299
2 51296 51291
2 51288 51284
2 51282 51276
2 51275 51260
2 51247 51236
2 51227 51222
2 51213 51209
2 51201 51199
2 51196 51194
2 51190 51187
2 51183 51177
2 51176 51175
2 51171 51168
2 51167 51165
2 51163 51153
2 51134 51133
2 51132 51127
2 51126 51119
2 51118 51113
2 51099 51097
2 51090 51089
2 51088 51085
2 51075 51073
2 51066 51065
2 51060 51059
2 51052 51040
2 51034 51026
2 51022 51021
2 51011 51007
2 50998 50991
2 50990 50987
2 50984 50978
2 50977 50970
2 50968 50964
2 50963 50958
2 50954 50952
2 50940 50939
2 50937 50934
2 50932 50928
2 50924 50923
2 50922 50916
2 50910 50893
2 50891 50886
2 50880 50878
2 50866 50863
2 50859 50856
2 50848 50844
2 50838 50836
2 50833 50826
2 50823 50818
2 50811 50809
2 50803 50801
2 50796 50784
2 50782 50777
2 50776 50775
2 50773 50771
2 50769 50767
2 50766 50758
2 50752 50748
2 50746 50741
2 50735 50732
2 50726 50725
2 50718 50717
2 50714 50713
2 50709 50705
2 50697 50695
2 50688 50687
2 50683 50675
2 50664 50655
2 50646 50645
2 50644 50643
2 50641 50635
2 50633 50632
2 50627 50625
2 50618 50612
2 50611 50604
2 50584 50583
2 50582 50564
2 50563 50560
2 50556 50551
2 50539 50536
2 50512 50506
2 50504 50497
2 50492 50491
2 50482 50480
2 50477 50473
2 50471 50467
2 50464 50456
2 50442 50440
2 50439 50436
2 50432 50430
2 50423 50417
2 50416 50415
2 50414 50413
2 50411 50401
2 50400 50394
2 50393 50386
2 50385 50383
2 50382 50377
2 50368 50367
2 50363 50361
2 50345 50340
2 50337 50334
2 50333 50328
2 50323 50320
2 50314 50307
2 50299 50284
2 50281 50278
2 50275 50274
2 50271 50269
2 50252 50251
2 50248 50247
2 50228 50223
2 50220 50218
2 50216 50208
2 50198 50196
2 50195 50192
2 50190 50187
2 50186 50185
2 50174 50173
2 50166 50150
2 50148 50147
2 50139 50138
2 50129 50123
2 50111 50108
2 50106 50102
2 50101 50095
2 50089 50088
2 50082 50079
2 50074 50051
2 50050 50047
2 50042 50040
2 50034 50033
2 50031 50028
2 50025 50024
2 50018 50017
2 50005 50003
2 50000 49993
2 49990 49985
2 49981 49965
2 49956 49955
2 49951 49948
2 49944 49943
2 49940 49939
2 49935 49931
2 49922 49911
2 49897 49896
2 49893 49891
2 49890 49885
2 49884 49883
2 49878 49876
2 49873 49871
2 49861 49857
2 49856 49849
2 49847 49846
2 49840 49836
2 49823 49820
2 49816 49815
2 49811 49802
2 49801 49798
2 49794 49793
2 49769 49767
2 49756 49751
2 49750 49738
2 49734 49729
2 49725 49717
2 49714 49703
2 49702 49681
2 49680 49679
2 49675 49673
2 49659 49656
2 49651 49648
2 49642 49640
2 49639 49623
2 49620 49616
2 49607 49605
2 49601 49592
2 49586 49570
2 49566 49562
2 49560 49558
2 49557 49554
2 49551 49550
2 49544 49541
2 49529 49528
2 49524 49510
2 49509 49496
2 49492 49482
2 49474 49473
2 49464 49459
2 49455 49451
2 49435 49429
2 49427 49419
2 49418 49417
2 49416 49414
2 49408 49402
2 49399 49395
2 49390 49389
2 49388 49385
2 49384 49380
2 49379 49376
2 49375 49355
2 49347 49344
2 49342 49329
2 49326 49321
2 49318 49315
2 49310 49309
2 49299 49293
2 49286 49283
2 49271 49269
2 49265 49258
2 49254 49243
2 49239 49237
2 49225 49211
2 49210 49206
2 49205 49204
2 49201 49199
2 49197 49191
2 49188 49176
2 49160 49156
2 49151 49142
2 49141 49123
2 49120 49115
2 49114 49113
2 49102 49094
2 49089 49085
2 49082 49079
2 49075 49069
2 49061 49058
2 49057 49055
2 49051 49039
2 49038 49035
2 49032 49023
2 49020 49013
2 49007 49006
2 49003 48998
2 48990 48987
2 48986 48983
2 48982 48976
2 48973 48954
2 48953 48941
2 48937 48933
2 48930 48928
2 48927 48919
2 48908 48906
2 48896 48892
2 48890 48887
2 48885 48881
2 48879 48873
2 48869 48868
2 48854 48844
2 48824 48821
2 48818 48815
2 48813 48808
2 48788 48783
2 48780 48776
2 48775 48764
2 48761 48744
2 48737 48731
2 48725 48723
2 48722 48714
2 48699 48697
2 48685 48676
2 48664 48663
2 48659 48658
2 48657 48655
2 48654 48651
2 48649 48645
2 48634 48630
2 48629 48625
2 48619 48617
2 48615 48604
2 48597 48590
2 48588 48579
2 48575 48555
2 48553 48538
2 48535 48527
2 48519 48508
2 48504 48502
2 48500 48494
2 48484 48474
2 48472 48471
2 48463 48458
2 48454 48451
2 48450 48448
2 48446 48427
2 48423 48422
2 48417 48413
2 48408 48404
2 48402 48400
2 48398 48396
2 48395 48377
2 48371 48370
2 48360 48358
2 48356 48355
2 48350 48347
2 48341 48332
2 48330 48324
2 48311 48309
2 48305 48299
2 48298 48291
2 48274 48264
2 48262 48261
2 48260 48254
2 48245 48237
2 48234 48232
2 48230 48227
2 48225 48217
2 48215 48206
2 48203 48194
2 48193 48183
2 48181 48168
2 48162 48159
2 48156 48153
2 48143 48138
2 48136 48134
2 48130 48126
2 48120 48115
2 48104 48099
2 48089 48086
2 48076 48075
2 48071 48067
2 48064 48050
2 48046 48044
2 48043 48042
2 48039 48036
2 48033 48032
2 48031 48027
2 48021 48015
2 48014 48008
2 47998 47980
2 47975 47973
2 47972 47964
2 47957 47956
2 47955 47954
2 47953 47951
2 47941 47929
2 47915 47914
2 47913 47911
2 47907 47905
2 47904 47897
2 47891 47866
2 47865 47839
2 47808 47807
2 47803 47795
2 47787 47775
2 47770 47768
2 47767 47763
2 47751 47748
2 47747 47742
2 47736 47733
2 47732 47725
2 47713 47707
2 47702 47697
2 47695 47679
2 47671 47668
2 47662 47661
2 47650 47642
2 47640 47637
2 47635 47634
2 47627 47625
2 47622 47621
2 47616 47612
2 47610 47606
2 47602 47596
2 47594 47588
2 47582 47580
2 47576 47573
2 47570 47567
2 47563 47560
2 47558 47557
2 47550 47549
2 47540 47538
2 47535 47534
2 47533 47506
2 47500 47497
2 47494 47473
2 47469 47467
2 47455 47438
2 47416 47414
2 47413 47410
2 47404 47388
2 47385 47384
2 47382 47367
2 47361 47352
2 47349 47342
2 47336 47335
2 47328 47320
2 47316 47312
2 47311 47297
2 47288 47282
2 47281 47275
2 47274 47273
2 47264 47261
2 47260 47256
2 47249 47247
2 47245 47229
2 47228 47221
2 47211 47210
2 47208 47204
2 47202 47185
2 47178 47176
2 47171 47164
2 47160 47154
2 47149 47147
2 47146 47139
2 47132 47128
2 47126 47117
2 47116 47113
2 47108 47088
2 47083 47082
2 47074 47064
2 47062 47056
2 47054 47048
2 47047 47036
2 47008 47000
2 46997 46989
2 46979 46977
2 46972 46959
2 46958 46955
2 46949 46947
2 46946 46939
2 46929 46924
2 46915 46914
2 46884 46881
2 46880 46879
2 46870 46867
2 46866 46864
2 46861 46858
2 46846 46843
2 46833 46830
2 46824 46812
2 46807 46804
2 46799 46788
2 46783 46771
2 46765 46759
2 46756 46749
2 46744 46725
2 46717 46715
2 46712 46708
2 46675 46674
2 46673 46659
2 46645 46642
2 46639 46629
2 46622 46621
2 46618 46612
2 46605 46595
2 46593 46591
2 46586 46583
2 46578 46558
2 46551 46550
2 46548 46545
2 46542 46529
2 46524 46518
2 46515 46514
2 46508 46499
2 46497 46496
2 46487 46481
2 46478 46475
2 46463 46461
2 46460 46459
2 46457 46452
2 46448 46444
2 46439 46435
2 46431 46426
2 46424 46419
2 46414 46393
2 46389 46386
2 46385 46374
2 46371 46365
2 46364 46363
2 46348 46347
2 46346 46344
2 46343 46340
2 46334 46331
2 46330 46329
2 46326 46325
2 46317 46316
2 46311 46310
2 46278 46268
2 46266 46263
2 46262 46256
2 46253 46251
2 46250 46249
2 46242 46241
2 46234 46227
2 46225 46220
2 46210 46191
2 46188 46185
2 46183 46180
2 46176 46175
2 46164 46161
2 46152 46149
2 46145 46142
2 46141 46134
2 46123 46112
2 46111 46109
2 46108 46107
2 46088 46072
2 46067 46062
2 46060 46056
2 46054 46048
2 46043 46036
2 46034 46029
2 46026 46004
2 46001 45997
2 45993 45985
2 45975 45967
2 45962 45952
2 45951 45947
2 45918 45909
2 45908 45906
2 45904 45902
2 45895 45894
2 45891 45885
2 45867 45862
2 45852 45848
2 45847 45839
2 45827 45813
2 45805 45802
2 45790 45789
2 45783 45771
2 45768 45767
2 45762 45758
2 45756 45755
2 45753 45747
2 45745 45743
2 45737 45733
2 45732 45725
2 45718 45716
2 45713 45704
2 45702 45699
2 45696 45695
2 45685 45682
2 45677 45671
2 45667 45666
2 45665 45653
2 45648 45647
2 45615 45614
2 45612 45610
2 45603 45599
2 45596 45578
2 45573 45563
2 45560 45557
2 45551 45547
2 45544 45540
2 45537 45536
2 45532 45529
2 45528 45516
2 45513 45509
2 45505 45503
2 45502 45490
2 45486 45470
2 45466 45462
2 45458 45455
2 45450 45449
2 45444 45440
2 45431 45428
2 45414 45411
2 45407 45406
2 45405 45403
2 45401 45397
2 45390 45379
2 45370 45369
2 45368 45365
2 45361 45353
2 45352 45351
2 45333 45330
2 45327 45324
2 45317 45312
2 45309 45304
2 45286 45276
2 45274 45273
2 45271 45265
2 45258 45255
2 45254 45249
2 45234 45228
2 45223 45203
2 45183 45173
2 45167 45161
2 45159 45158
2 45135 45133
2 45132 45124
2 45122 45112
2 45109 45104
2 45099 45079
2 45078 45071
2 45068 45060
2 45058 45056
2 45054 45049
2 45046 45037
2 45034 45024
2 45011 45003
2 45000 44997
2 44996 44992
2 44990 44984
2 44983 44975
2 44963 44962
2 44957 44954
2 44945 44942
2 44938 44927
2 44926 44925
2 44920 44918
2 44915 44912
2 44900 44894
2 44892 44890
2 44888 44877
2 44860 44857
2 44852 44845
2 44843 44839
2 44838 44835
2 44829 44827
2 44826 44822
2 44817 44816
2 44815 44811
2 44809 44806
2 44805 44800
2 44797 44792
2 44770 44769
2 44768 44766
2 44762 44745
2 44742 44729
2 44728 44723
2 44722 44719
2 44715 44714
2 44711 44709
2 44707 44706
2 44698 44697
2 44687 44683
2 44682 44680
2 44679 44678
2 44646 44645
2 44634 44620
2 44612 44609
2 44605 44604
2 44603 44601
2 44599 44596
2 44593 44582
2 44577 44576
2 44573 44554
2 44551 44547
2 44541 44535
2 44533 44527
2 44523 44520
2 44504 44503
2 44501 44494
2 44491 44482
2 44475 44468
2 44453 44452
2 44451 44449
2 44442 44437
2 44422 44412
2 44409 44407
2 44403 44394
2 44393 44389
2 44371 44349
2 44335 44334
2 44330 44324
2 44315 44313
2 44310 44308
2 44299 44298
2 44290 44263
2 44261 44260
2 44255 44252
2 44251 44245
2 44243 44242
2 44237 44232
2 44225 44224
2 44221 44220
2 44217 44209
2 44206 44205
2 44202 44201
2 44198 44197
2 44194 44188
2 44180 44174
2 44173 44169
2 44157 44155
2 44153 44145
2 44143 44142
2 44139 44138
2 44133 44124
2 44123 44122
2 44107 44103
2 44102 44080
2 44078 44073
2 44072 44070
2 44067 44054
2 44052 44047
2 44045 44037
2 44017 44016
2 44011 44005
2 44002 44000
2 43988 43985
2 43984 43974
2 43971 43964
2 43958 43951
2 43946 43932
2 43929 43925
2 43923 43903
2 43897 43895
2 43894 43884
2 43883 43873
2 43860 43851
2 43849 43842
2 43819 43810
2 43804 43795
2 43782 43780
2 43776 43773
2 43772 43767
2 43745 43742
2 43739 43737
2 43734 43733
2 43732 43731
2 43727 43724
2 43715 43713
2 43710 43706
2 43704 43700
2 43692 43690
2 43687 43684
2 43679 43676
2 43665 43658
2 43655 43650
2 43649 43634
2 43626 43621
2 43618 43611
2 43593 43592
2 43591 43587
2 43577 43575
2 43572 43569
2 43560 43559
2 43557 43554
2 43542 43541
2 43540 43530
2 43527 43517
2 43515 43513
2 43511 43503
2 43501 43499
2 43495 43493
2 43489 43479
2 43478 43475
2 43465 43461
2 43452 43451
2 43449 43447
2 43440 43437
2 43435 43434
2 43423 43418
2 43396 43395
2 43393 43385
2 43381 43380
2 43375 43367
2 43363 43358
2 43357 43340
2 43326 43320
2 43318 43317
2 43315 43313
2 43310 43300
2 43299 43292
2 43288 43282
2 43281 43280
2 43272 43268
2 43267 43258
2 43246 43240
2 43238 43231
2 43230 43221
2 43220 43219
2 43217 43212
2 43204 43202
2 43200 43196
2 43194 43190
2 43184 43174
2 43170 43169
2 43152 43148
2 43147 43146
2 43139 43135
2 43130 43129
2 43119 43116
2 43114 43113
2 43111 43110
2 43107 43104
2 43099 43097
2 43085 43084
2 43075 43042
2 43041 43037
2 43035 43029
2 43027 43024
2 43018 43013
2 43003 42998
2 42993 42987
2 42982 42968
2 42966 42962
2 42958 42954
2 42947 42937
2 42936 42929
2 42928 42917
2 42904 42900
2 42897 42895
2 42889 42888
2 42873 42872
2 42868 42866
2 42860 42855
2 42853 42850
2 42845 42827
2 42822 42820
2 42818 42811
2 42810 42802
2 42799 42794
2 42784 42776
2 42775 42769
2 42768 42759
2 42758 42747
2 42743 42737
2 42725 42722
2 42720 42718
2 42715 42709
2 42704 42703
2 42702 42695
2 42690 42683
2 42668 42661
2 42659 42658
2 42648 42641
2 42638 42630
2 42625 42624
2 42605 42590
2 42565 42564
2 42560 42559
2 42554 42550
2 42549 42548
2 42545 42540
2 42538 42533
2 42532 42524
2 42522 42510
2 42509 42491
2 42489 42459
2 42453 42441
2 42437 42431
2 42429 42426
2 42418 42404
2 42400 42390
2 42387 42386
2 42384 42383
2 42382 42372
2 42369 42366
2 42364 42358
2 42349 42347
2 42342 42339
2 42337 42334
2 42326 42324
2 42317 42315
2 42308 42304
2 42302 42295
2 42290 42285
2 42284 42275
2 42269 42265
2 42262 42256
2 42252 42243
2 42242 42234
2 42223 42212
2 42205 42203
2 42194 42190
2 42187 42184
2 42175 42164
2 42162 42161
2 42158 42142
2 42139 42134
2 42133 42128
2 42123 42119
2 42114 42112
2 42102 42101
2 42087 42075
2 42073 42072
2 42070 42060
2 42057 42054
2 42049 42027
2 42026 42022
2 42012 41992
2 41991 41989
2 41987 41986
2 41978 41976
2 41968 41958
2 41955 41944
2 41941 41935
2 41932 41930
2 41927 41926
2 41920 41917
2 41910 41908
2 41900 41894
2 41889 41866
2 41865 41860
2 41832 41831
2 41829 41820
2 41811 41810
2 41807 41799
2 41796 41795
2 41793 41783
2 41778 41776
2 41775 41770
2 41767 41766
2 41764 41756
2 41754 41723
2 41720 41710
2 41708 41690
2 41688 41687
2 41680 41667
2 41663 41662
2 41655 41654
2 41646 41642
2 41628 41627
2 41625 41613
2 41610 41597
2 41590 41583
2 41576 41568
2 41565 41556
2 41547 41518
2 41500 41498
2 41496 41492
2 41491 41483
2 41479 41462
2 41460 41455
2 41448 41443
2 41440 41439
2 41435 41415
2 41412 41410
2 41402 41400
2 41395 41390
2 41389 41381
2 41380 41377
2 41375 41371
2 41367 41353
2 41350 41348
2 41347 41346
2 41344 41338
2 41337 41321
2 41319 41311
2 41308 41286
2 41285 41284
2 41283 41272
2 41271 41269
2 41268 41267
2 41261 41254
2 41241 41237
2 41233 41232
2 41225 41221
2 41215 41213
2 41208 41206
2 41204 41201
2 41199 41193
2 41190 41189
2 41185 41179
2 41178 41149
2 41137 41136
2 41130 41125
2 41115 41112
2 41111 41104
2 41094 41088
2 41087 41069
2 41068 41065
2 41060 41059
2 41050 41047
2 41046 41031
2 41016 41001
2 41000 40999
2 40994 40989
2 40988 40981
2 40979 40977
2 40975 40964
2 40962 40952
2 40951 40949
2 40946 40943
2 40941 40939
2 40933 40922
2 40920 40913
2 40908 40905
2 40899 40885
2 40881 40879
2 40878 40877
2 40876 40874
2 40871 40870
2 40861 40860
2 40853 40845
2 40844 40843
2 40841 40834
2 40831 40828
2 40823 40819
2 40816 40812
2 40810 40805
2 40802 40800
2 40791 40790
2 40771 40767
2 40761 40759
2 40748 40742
2 40740 40739
2 40733 40730
2 40727 40719
2 40707 40706
2 40705 40704
2 40700 40690
2 40683 40678
2 40669 40668
2 40666 40659
2 40638 40635
2 40620 40596
2 40593 40583
2 40581 40579
2 40577 40571
2 40556 40555
2 40539 40532
2 40531 40525
2 40518 40513
2 40511 40506
2 40503 40501
2 40498 40486
2 40480 40479
2 40470 40469
2 40464 40457
2 40454 40450
2 40442 40441
2 40433 40428
2 40421 40417
2 40414 40412
2 40410 40402
2 40401 40382
2 40381 40380
2 40379 40374
2 40354 40348
2 40345 40339
2 40327 40323
2 40313 40300
2 40299 40294
2 40289 40285
2 40282 40280
2 40270 40268
2 40266 40264
2 40253 40249
2 40243 40240
2 40238 40228
2 40221 40216
2 40210 40197
2 40192 40179
2 40178 40173
2 40169 40167
2 40165 40164
2 40159 40151
2 40148 40141
2 40136 40130
2 40128 40127
2 40126 40123
2 40117 40112
2 40109 40108
2 40095 40088
2 40084 40079
2 40077 40070
2 40059 40057
2 40056 40052
2 40051 40048
2 40044 40043
2 40041 40038
2 40032 40031
2 40025 40024
2 40018 40009
2 39999 39984
2 39975 39958
2 39953 39948
2 39945 39943
2 39929 39928
2 39921 39905
2 39886 39884
2 39878 39872
2 39870 39865
2 39864 39852
2 39848 39845
2 39840 39831
2 39826 39822
2 39816 39811
2 39808 39799
2 39789 39785
2 39767 39758
2 39743 39741
2 39740 39732
2 39723 39709
2 39700 39697
2 39693 39692
2 39684 39680
2 39678 39673
2 39671 39669
2 39665 39664
2 39654 39647
2 39641 39634
2 39627 39625
2 39622 39614
2 39608 39607
2 39606 39604
2 39602 39599
2 39591 39579
2 39576 39574
2 39573 39566
2 39562 39557
2 39549 39548
2 39545 39543
2 39539 39535
2 39530 39525
2 39522 39518
2 39516 39509
2 39504 39501
2 39499 39498
2 39490 39484
2 39475 39474
2 39473 39465
2 39446 39444
2 39443 39441
2 39436 39431
2 39430 39424
2 39418 39412
2 39411 39410
2 39409 39408
2 39399 39397
2 39396 39390
2 39389 39383
2 39365 39359
2 39353 39341
2 39326 39316
2 39315 39306
2 39297 39294
2 39293 39290
2 39288 39285
2 39281 39270
2 39269 39264
2 39263 39261
2 39259 39254
2 39242 39236
2 39221 39220
2 39208 39198
2 39194 39172
2 39168 39166
2 39145 39141
2 39134 39133
2 39124 39115
2 39112 39110
2 39102 39080
2 39079 39077
2 39072 39060
2 39058 39057
2 39054 39043
2 39034 39024
2 39015 39012
2 39008 38996
2 38994 38993
2 38991 38979
2 38978 38972
2 38969 38962
2 38947 38943
2 38941 38939
2 38936 38924
2 38919 38912
2 38910 38909
2 38906 38905
2 38904 38901
2 38893 38886
2 38880 38875
2 38872 38871
2 38869 38861
2 38859 38855
2 38843 38842
2 38841 38837
2 38831 38830
2 38823 38822
2 38820 38818
2 38817 38813
2 38809 38792
2 38789 38776
2 38767 38754
2 38750 38742
2 38738 38735
2 38733 38723
2 38721 38708
2 38703 38701
2 38700 38698
2 38694 38693
2 38692 38685
2 38681 38677
2 38673 38665
2 38649 38647
2 38645 38637
2 38636 38635
2 38628 38616
2 38612 38605
2 38597 38588
2 38581 38573
2 38571 38570
2 38569 38565
2 38563 38560
2 38554 38546
2 38534 38532
2 38525 38524
2 38520 38517
2 38516 38504
2 38503 38495
2 38491 38489
2 38487 38479
2 38475 38472
2 38471 38460
2 38448 38441
2 38434 38428
2 38423 38419
2 38411 38410
2 38403 38398
2 38397 38395
2 38389 38369
2 38367 38355
2 38354 38341
2 38333 38331
2 38328 38327
2 38324 38313
2 38311 38309
2 38307 38294
2 38292 38282
2 38267 38260
2 38251 38250
2 38246 38234
2 38221 38218
2 38212 38209
2 38203 38202
2 38189 38184
2 38174 38163
2 38159 38147
2 38145 38144
2 38142 38139
2 38134 38123
2 38086 38081
2 38080 38078
2 38075 38073
2 38071 38070
2 38042 38021
2 38020 38016
2 38013 38011
2 38009 38006
2 38002 37996
2 37994 37993
2 37991 37985
2 37983 37980
2 37965 37964
2 37958 37956
2 37952 37951
2 37938 37936
2 37925 37924
2 37920 37916
2 37915 37911
2 37900 37899
2 37898 37894
2 37887 37884
2 37883 37882
2 37863 37856
2 37852 37840
2 37838 37806
2 37805 37804
2 37795 37793
2 37783 37780
2 37779 37775
2 37774 37769
2 37767 37766
2 37764 37761
2 37760 37756
2 37751 37749
2 37741 37740
2 37734 37732
2 37722 37719
2 37717 37713
2 37705 37695
2 37693 37680
2 37675 37661
2 37655 37652
2 37649 37634
2 37633 37627
2 37626 37625
2 37623 37613
2 37612 37611
2 37605 37602
2 37594 37593
2 37586 37584
2 37578 37573
2 37569 37560
2 37556 37554
2 37551 37550
2 37548 37543
2 37542 37541
2 37540 37531
2 37529 37526
2 37521 37514
2 37502 37497
2 37495 37491
2 37487 37485
2 37484 37483
2 37478 37476
2 37475 37472
2 37471 37466
2 37464 37460
2 37456 37447
2 37444 37443
2 37441 37437
2 37436 37431
2 37425 37421
2 37419 37416
2 37409 37407
2 37406 37405
2 37401 37396
2 37395 37393
2 37391 37385
2 37383 37381
2 37378 37373
2 37340 37335
2 37330 37328
2 37325 37307
2 37303 37297
2 37294 37290
2 37286 37279
2 37278 37276
2 37272 37269
2 37264 37258
2 37246 37241
2 37240 37238
2 37234 37232
2 37227 37222
2 37219 37215
2 37189 37181
2 37177 37172
2 37166 37162
2 37157 37155
2 37152 37139
2 37127 37122
2 37117 37113
2 37111 37110
2 37108 37107
2 37106 37104
2 37103 37102
2 37096 37090
2 37086 37084
2 37082 37069
2 37066 37065
2 37053 37050
2 37046 37026
2 37025 37018
2 37017 37014
2 37013 36998
2 36984 36977
2 36976 36969
2 36950 36949
2 36948 36934
2 36929 36923
2 36922 36921
2 36918 36917
2 36914 36913
2 36909 36900
2 36899 36894
2 36885 36878
2 36877 36875
2 36869 36868
2 36865 36864
2 36856 36848
2 36842 36828
2 36820 36815
2 36811 36807
2 36806 36799
2 36798 36791
2 36776 36775
2 36774 36770
2 36768 36759
2 36743 36738
2 36715 36705
2 36704 36701
2 36699 36686
2 36681 36678
2 36676 36663
2 36660 36656
2 36653 36651
2 36647 36646
2 36641 36640
2 36635 36634
2 36633 36630
2 36624 36618
2 36599 36597
2 36587 36583
2 36572 36560
2 36554 36553
2 36551 36541
2 36526 36512
2 36511 36510
2 36503 36488
2 36486 36468
2 36467 36456
2 36452 36436
2 36419 36412
2 36409 36404
2 36397 36391
2 36381 36380
2 36376 36371
2 36360 36349
2 36348 36336
2 36320 36319
2 36315 36309
2 36307 36306
2 36305 36304
2 36297 36288
2 36285 36275
2 36266 36259
2 36256 36233
2 36229 36228
2 36227 36224
2 36198 36194
2 36181 36178
2 36172 36165
2 36162 36158
2 36157 36150
2 36148 36146
2 36143 36137
2 36126 36122
2 36121 36118
2 36116 36109
2 36105 36094
2 36075 36060
2 36059 36058
2 36057 36054
2 36038 36037
2 36021 36019
2 36018 36010
2 36009 36004
2 35996 35994
2 35988 35987
2 35982 35979
2 35975 35974
2 35963 35962
2 35958 35951
2 35948 35939
2 35927 35924
2 35915 35911
2 35901 35898
2 35893 35886
2 35878 35877
2 35874 35871
2 35869 35866
2 35861 35860
2 35856 35848
2 35836 35833
2 35831 35822
2 35821 35813
2 35812 35798
2 35794 35785
2 35782 35781
2 35779 35778
2 35777 35772
2 35771 35762
2 35757 35756
2 35744 35743
2 35741 35739
2 35735 35729
2 35721 35718
2 35717 35713
2 35712 35705
2 35704 35702
2 35700 35695
2 35694 35693
2 35687 35686
2 35681 35679
2 35674 35673
2 35669 35666
2 35663 35660
2 35655 35649
2 35647 35645
2 35643 35642
2 35640 35630
2 35621 35619
2 35609 35604
2 35601 35596
2 35592 35586
2 35583 35579
2 35576 35572
2 35565 35563
2 35558 35551
2 35545 35542
2 35534 35529
2 35525 35523
2 35515 35512
2 35507 35505
2 35497 35492
2 35481 35470
2 35466 35465
2 35444 35441
2 35431 35430
2 35421 35420
2 35419 35415
2 35399 35395
2 35391 35390
2 35374 35372
2 35369 35364
2 35356 35351
2 35350 35348
2 35346 35343
2 35338 35337
2 35332 35324
2 35314 35312
2 35303 35301
2 35297 35294
2 35290 35283
2 35282 35277
2 35273 35270
2 35269 35268
2 35265 35262
2 35254 35253
2 35244 35238
2 35232 35219
2 35217 35209
2 35208 35193
2 35192 35191
2 35190 35181
2 35178 35174
2 35172 35155
2 35150 35147
2 35146 35140
2 35131 35125
2 35120 35111
2 35110 35109
2 35107 35093
2 35085 35081
2 35080 35065
2 35064 35063
2 35062 35058
2 35054 35044
2 35043 35029
2 35017 35015
2 35013 35009
2 35007 34995
2 34986 34985
2 34983 34982
2 34981 34979
2 34978 34976
2 34968 34966
2 34962 34958
2 34957 34951
2 34946 34944
2 34942 34929
2 34925 34919
2 34914 34898
2 34888 34877
2 34871 34868
2 34865 34862
2 34853 34847
2 34842 34840
2 34837 34824
2 34821 34820
2 34818 34812
2 34808 34807
2 34806 34780
2 34775 34769
2 34764 34763
2 34756 34755
2 34748 34745
2 34737 34736
2 34729 34715
2 34712 34710
2 34703 34699
2 34698 34683
2 34677 34675
2 34673 34659
2 34650 34649
2 34647 34646
2 34636 34633
2 34626 34613
2 34611 34609
2 34608 34606
2 34604 34593
2 34591 34588
2 34577 34569
2 34565 34560
2 34554 34552
2 34544 34541
2 34537 34530
2 34524 34522
2 34521 34511
2 34509 34502
2 34501 34500
2 34499 34497
2 34484 34475
2 34461 34458
2 34454 34453
2 34450 34449
2 34446 34441
2 34439 34438
2 34436 34434
2 34426 34418
2 34409 34399
2 34397 34391
2 34388 34387
2 34380 34367
2 34363 34349
2 34344 34326
2 34316 34306
2 34305 34292
2 34289 34285
2 34281 34280
2 34267 34256
2 34253 34249
2 34245 34240
2 34238 34237
2 34235 34230
2 34228 34220
2 34213 34212
2 34199 34189
2 34185 34180
2 34173 34172
2 34171 34168
2 34163 34150
2 34145 34142
2 34135 34132
2 34130 34124
2 34119 34117
2 34110 34083
2 34082 34069
2 34067 34066
2 34065 34059
2 34047 34039
2 34037 34026
2 34018 34017
2 34012 34005
2 34002 33988
2 33986 33980
2 33973 33971
2 33969 33966
2 33963 33953
2 33936 33934
2 33933 33932
2 33930 33927
2 33923 33922
2 33921 33917
2 33914 33909
2 33907 33903
2 33888 33883
2 33875 33867
2 33865 33861
2 33860 33850
2 33840 33839
2 33834 33811
2 33808 33806
2 33786 33780
2 33778 33777
2 33754 33746
2 33734 33732
2 33730 33725
2 33711 33706
2 33702 33700
2 33695 33693
2 33690 33683
2 33676 33655
2 33653 33652
2 33645 33637
2 33628 33624
2 33612 33606
2 33601 33591
2 33574 33572
2 33546 33538
2 33531 33507
2 33501 33494
2 33489 33480
2 33477 33474
2 33462 33457
2 33454 33450
2 33447 33446
2 33443 33440
2 33433 33431
2 33426 33423
2 33397 33395
2 33394 33390
2 33388 33383
2 33382 33358
2 33357 33352
2 33342 33341
2 33317 33312
2 33295 33294
2 33291 33284
2 33282 33276
2 33267 33265
2 33261 33258
2 33246 33240
2 33235 33234
2 33233 33230
2 33221 33220
2 33214 33185
2 33170 33164
2 33161 33158
2 33154 33153
2 33147 33131
2 33130 33126
2 33124 33119
2 33118 33107
2 33102 33101
2 33098 33092
2 33087 33084
2 33073 33069
2 33068 33065
2 33060 33059
2 33055 33051
2 33045 33038
2 33023 33022
2 33011 33008
2 33005 32998
2 32978 32977
2 32971 32966
2 32965 32942
2 32933 32927
2 32923 32910
2 32904 32892
2 32873 32861
2 32860 32843
2 32840 32836
2 32828 32825
2 32821 32819
2 32815 32814
2 32805 32801
2 32791 32790
2 32787 32784
2 32766 32763
2 32762 32758
2 32749 32746
2 32742 32738
2 32732 32730
2 32729 32724
2 32692 32687
2 32679 32677
2 32676 32673
2 32669 32659
2 32657 32642
2 32638 32637
2 32631 32629
2 32628 32620
2 32612 32597
2 32593 32592
2 32586 32583
2 32579 32578
2 32573 32569
2 32566 32556
2 32555 32550
2 32549 32547
2 32542 32536
2 32535 32534
2 32531 32520
2 32518 32504
2 32490 32485
2 32479 32467
2 32466 32459
2 32442 32431
2 32430 32429
2 32426 32424
2 32423 32422
2 32417 32415
2 32395 32393
2 32389 32377
2 32373 32368
2 32365 32355
2 32348 32347
2 32344 32335
2 32329 32325
2 32319 32318
2 32316 32304
2 32302 32300
2 32297 32294
2 32293 32288
2 32281 32275
2 32273 32269
2 32265 32260
2 32254 32249
2 32237 32223
2 32195 32186
2 32185 32184
2 32182 32180
2 32179 32170
2 32168 32165
2 32161 32159
2 32158 32157
2 32153 32150
2 32145 32142
2 32137 32123
2 32109 32100
2 32098 32095
2 32093 32081
2 32080 32074
2 32070 32063
2 32062 32060
2 32053 32035
2 32024 32018
2 32017 32009
2 31994 31985
2 31982 31979
2 31975 31974
2 31971 31966
2 31957 31929
2 31924 31907
2 31893 31890
2 31883 31881
2 31876 31873
2 31871 31870
2 31864 31860
2 31859 31858
2 31854 31844
2 31841 31836
2 31834 31829
2 31828 31827
2 31816 31799
2 31793 31788
2 31778 31777
2 31773 31765
2 31751 31744
2 31727 31724
2 31720 31712
2 31706 31704
2 31695 31692
2 31690 31686
2 31683 31681
2 31672 31671
2 31669 31668
2 31664 31655
2 31651 31649
2 31643 31641
2 31633 31626
2 31607 31601
2 31590 31588
2 31583 31580
2 31573 31567
2 31549 31548
2 31545 31538
2 31530 31526
2 31525 31522
2 31518 31515
2 31513 31511
2 31507 31506
2 31502 31496
2 31495 31494
2 31483 31474
2 31471 31463
2 31449 31443
2 31429 31428
2 31425 31411
2 31410 31406
2 31402 31401
2 31399 31395
2 31391 31380
2 31376 31374
2 31360 31359
2 31358 31356
2 31352 31346
2 31342 31303
2 31292 31291
2 31287 31277
2 31274 31270
2 31266 31265
2 31262 31259
2 31256 31252
2 31240 31239
2 31235 31210
2 31209 31203
2 31201 31199
2 31197 31185
2 31163 31156
2 31154 31133
2 31129 31126
2 31121 31117
2 31107 31100
2 31097 31096
2 31094 31092
2 31087 31085
2 31083 31081
2 31066 31059
2 31056 31053
2 31045 31043
2 31040 31035
2 31024 31020
2 31013 31011
2 31008 31002
2 30995 30985
2 30984 30977
2 30970 30963
2 30960 30955
2 30931 30928
2 30927 30925
2 30924 30910
2 30905 30903
2 30889 30887
2 30881 30857
2 30854 30847
2 30846 30841
2 30836 30834
2 30813 30811
2 30808 30796
2 30793 30791
2 30786 30783
2 30769 30763
2 30762 30758
2 30750 30748
2 30736 30731
2 30719 30716
2 30711 30710
2 30709 30708
2 30697 30693
2 30691 30684
2 30679 30669
2 30665 30662
2 30659 30652
2 30644 30639
2 30624 30622
2 30615 30609
2 30606 30599
2 30596 30593
2 30589 30587
2 30573 30570
2 30563 30558
2 30555 30537
2 30528 30524
2 30522 30520
2 30519 30518
2 30517 30516
2 30507 30497
2 30494 30490
2 30485 30475
2 30467 30465
2 30463 30462
2 30460 30457
2 30447 30441
2 30439 30437
2 30433 30431
2 30427 30424
2 30421 30420
2 30408 30403
2 30398 30394
2 30392 30386
2 30385 30377
2 30370 30363
2 30361 30360
2 30355 30346
2 30341 30339
2 30330 30325
2 30324 30322
2 30317 30316
2 30314 30310
2 30309 30297
2 30293 30292
2 30280 30278
2 30276 30264
2 30257 30254
2 30252 30245
2 30242 30240
2 30238 30237
2 30229 30222
2 30218 30190
2 30186 30182
2 30181 30180
2 30178 30177
2 30175 30173
2 30171 30167
2 30163 30160
2 30146 30145
2 30143 30140
2 30138 30137
2 30123 30121
2 30120 30116
2 30114 30111
2 30108 30105
2 30103 30102
2 30096 30095
2 30092 30090
2 30087 30082
2 30081 30070
2 30069 30065
2 30063 30053
2 30052 30046
2 30034 30031
2 30027 30024
2 30021 30019
2 30009 30007
2 30006 29997
2 29991 29985
2 29980 29979
2 29971 29968
2 29964 29961
2 29960 29956
2 29955 29945
2 29931 29927
2 29916 29914
2 29910 29906
2 29902 29900
2 29899 29898
2 29884 29882
2 29878 29876
2 29873 29869
2 29867 29853
2 29839 29837
2 29836 29835
2 29831 29830
2 29826 29821
2 29815 29801
2 29798 29793
2 29788 29781
2 29771 29770
2 29765 29742
2 29741 29740
2 29738 29735
2 29734 29732
2 29726 29717
2 29712 29710
2 29705 29692
2 29689 29669
2 29666 29665
2 29659 29653
2 29651 29647
2 29641 29638
2 29636 29634
2 29627 29620
2 29618 29605
2 29604 29602
2 29595 29590
2 29589 29576
2 29564 29556
2 29551 29550
2 29549 29548
2 29539 29537
2 29535 29534
2 29526 29517
2 29510 29505
2 29501 29489
2 29488 29482
2 29468 29460
2 29458 29450
2 29436 29427
2 29422 29420
2 29418 29405
2 29394 29393
2 29389 29387
2 29378 29361
2 29358 29349
2 29331 29330
2 29329 29326
2 29322 29316
2 29315 29311
2 29309 29308
2 29306 29298
2 29296 29291
2 29290 29283
2 29277 29274
2 29261 29260
2 29258 29256
2 29254 29251
2 29249 29248
2 29246 29239
2 29237 29236
2 29224 29214
2 29196 29195
2 29194 29189
2 29184 29183
2 29178 29175
2 29167 29155
2 29145 29144
2 29142 29139
2 29132 29126
2 29124 29123
2 29116 29110
2 29106 29105
2 29102 29091
2 29087 29086
2 29076 29074
2 29065 29060
2 29058 29053
2 29052 29050
2 29048 29045
2 29043 29039
2 29036 29028
2 29026 29023
2 29021 29019
2 29016 29009
2 28995 28986
2 28983 28942
2 28936 28935
2 28932 28931
2 28929 28927
2 28916 28909
2 28908 28903
2 28899 28887
2 28881 28879
2 28878 28875
2 28868 28864
2 28856 28844
2 28842 28838
2 28836 28835
2 28824 28821
2 28820 28815
2 28811 28810
2 28787 28781
2 28774 28767
2 28765 28761
2 28745 28742
2 28737 28734
2 28731 28730
2 28723 28713
2 28711 28710
2 28708 28707
2 28698 28697
2 28676 28675
2 28674 28673
2 28666 28662
2 28660 28657
2 28650 28637
2 28612 28603
2 28602 28600
2 28580 28575
2 28569 28564
2 28552 28546
2 28542 28541
2 28539 28533
2 28521 28519
2 28518 28517
2 28515 28508
2 28503 28497
2 28496 28489
2 28482 28471
2 28469 28465
2 28459 28454
2 28442 28433
2 28422 28419
2 28412 28404
2 28391 28385
2 28383 28379
2 28370 28369
2 28368 28351
2 28340 28338
2 28324 28310
2 28306 28302
2 28292 28274
2 28267 28263
2 28257 28253
2 28250 28244
2 28241 28235
2 28233 28231
2 28221 28214
2 28213 28199
2 28193 28185
2 28183 28175
2 28169 28168
2 28164 28156
2 28151 28140
2 28132 28130
2 28128 28122
2 28118 28113
2 28112 28108
2 28107 28096
2 28089 28087
2 28084 28078
2 28066 28061
2 28053 28040
2 28033 28031
2 28025 28023
2 28018 28016
2 28008 28007
2 28000 27998
2 27995 27990
2 27989 27986
2 27984 27983
2 27970 27965
2 27962 27959
2 27957 27947
2 27945 27941
2 27940 27934
2 27929 27923
2 27913 27906
2 27899 27898
2 27890 27888
2 27886 27882
2 27865 27855
2 27854 27849
2 27847 27836
2 27833 27830
2 27828 27816
2 27809 27795
2 27787 27776
2 27772 27770
2 27768 27753
2 27745 27741
2 27734 27725
2 27724 27723
2 27720 27719
2 27715 27706
2 27705 27689
2 27686 27684
2 27676 27668
2 27667 27663
2 27655 27609
2 27600 27594
2 27587 27583
2 27578 27575
2 27566 27562
2 27558 27556
2 27551 27549
2 27547 27537
2 27533 27532
2 27531 27530
2 27526 27517
2 27505 27504
2 27496 27495
2 27494 27491
2 27479 27477
2 27466 27464
2 27463 27460
2 27450 27448
2 27446 27445
2 27443 27438
2 27431 27429
2 27427 27423
2 27417 27415
2 27413 27405
2 27399 27396
2 27394 27391
2 27386 27382
2 27377 27367
2 27349 27347
2 27341 27327
2 27325 27323
2 27320 27319
2 27318 27306
2 27304 27303
2 27302 27299
2 27297 27295
2 27287 27282
2 27278 27264
2 27263 27260
2 27257 27256
2 27254 27253
2 27245 27236
2 27229 27223
2 27222 27215
2 27203 27199
2 27195 27180
2 27174 27170
2 27169 27168
2 27155 27150
2 27146 27137
2 27134 27133
2 27131 27129
2 27123 27122
2 27117 27116
2 27108 27093
2 27091 27088
2 27087 27077
2 27073 27070
2 27065 27062
2 27055 27045
2 27028 27025
2 27022 27017
2 27010 27006
2 27001 26998
2 26997 26996
2 26990 26989
2 26987 26985
2 26981 26968
2 26958 26955
2 26949 26946
2 26936 26935
2 26931 26925
2 26902 26897
2 26889 26884
2 26878 26876
2 26874 26870
2 26867 26854
2 26844 26841
2 26826 26814
2 26813 26805
2 26802 26795
2 26774 26772
2 26771 26770
2 26767 26761
2 26760 26752
2 26751 26739
2 26738 26736
2 26727 26726
2 26725 26722
2 26713 26709
2 26708 26706
2 26703 26701
2 26700 26695
2 26694 26691
2 26688 26685
2 26684 26680
2 26678 26677
2 26672 26671
2 26669 26664
2 26660 26655
2 26642 26639
2 26627 26624
2 26621 26618
2 26615 26612
2 26611 26609
2 26606 26605
2 26593 26589
2 26581 26578
2 26558 26557
2 26551 26547
2 26539 26535
2 26533 26527
2 26517 26506
2 26503 26502
2 26501 26492
2 26482 26481
2 26478 26472
2 26461 26455
2 26449 26448
2 26441 26426
2 26418 26417
2 26415 26413
2 26412 26398
2 26397 26382
2 26375 26369
2 26364 26358
2 26337 26332
2 26324 26315
2 26313 26311
2 26309 26304
2 26299 26292
2 26290 26283
2 26278 26270
2 26260 26255
2 26252 26251
2 26249 26244
2 26239 26235
2 26223 26221
2 26219 26218
2 26210 26209
2 26207 26184
2 26183 26175
2 26168 26154
2 26153 26152
2 26146 26145
2 26132 26131
2 26130 26129
2 26126 26122
2 26121 26112
2 26107 26106
2 26104 26096
2 26093 26091
2 26084 26081
2 26076 26074
2 26072 26067
2 26063 26060
2 26059 26058
2 26053 26052
2 26044 26036
2 26031 26029
2 26009 25979
2 25971 25965
2 25930 25929
2 25923 25919
2 25918 25916
2 25912 25909
2 25904 25899
2 25895 25893
2 25870 25869
2 25840 25828
2 25824 25819
2 25818 25800
2 25797 25789
2 25773 25769
2 25757 25751
2 25749 25748
2 25747 25744
2 25740 25739
2 25734 25726
2 25724 25720
2 25711 25707
2 25706 25695
2 25690 25688
2 25684 25679
2 25663 25658
2 25654 25652
2 25645 25643
2 25627 25625
2 25619 25613
2 25610 25607
2 25600 25597
2 25596 25594
2 25593 25588
2 25579 25575
2 25566 25553
2 25540 25534
2 25532 25525
2 25520 25519
2 25515 25507
2 25506 25493
2 25492 25477
2 25475 25473
2 25468 25464
2 25461 25458
2 25455 25442
2 25441 25440
2 25436 25434
2 25423 25422
2 25413 25409
2 25404 25403
2 25398 25387
2 25383 25358
2 25355 25343
2 25342 25338
2 25330 25323
2 25321 25315
2 25308 25292
2 25288 25287
2 25285 25281
2 25275 25274
2 25270 25268
2 25265 25261
2 25258 25257
2 25247 25244
2 25233 25226
2 25222 25219
2 25218 25217
2 25214 25213
2 25211 25199
2 25198 25191
2 25177 25176
2 25175 25174
2 25169 25165
2 25154 25153
2 25145 25140
2 25139 25138
2 25137 25123
2 25106 25105
2 25104 25100
2 25096 25095
2 25094 25088
2 25087 25081
2 25075 25072
2 25071 25070
2 25067 25065
2 25061 25058
2 25057 25055
2 25049 25045
2 25039 25031
2 25027 25023
2 25022 25021
2 25017 25012
2 25010 24992
2 24989 24988
2 24979 24978
2 24976 24970
2 24967 24952
2 24946 24942
2 24941 24939
2 24938 24936
2 24918 24904
2 24903 24898
2 24888 24881
2 24874 24870
2 24850 24844
2 24838 24832
2 24827 24821
2 24818 24812
2 24806 24801
2 24797 24788
2 24784 24780
2 24775 24765
2 24762 24759
2 24758 24757
2 24749 24744
2 24735 24733
2 24732 24728
2 24727 24721
2 24716 24714
2 24708 24703
2 24701 24700
2 24690 24683
2 24677 24672
2 24668 24655
2 24615 24609
2 24606 24601
2 24588 24586
2 24569 24562
2 24558 24555
2 24550 24549
2 24548 24547
2 24535 24526
2 24518 24499
2 24489 24477
2 24475 24470
2 24463 24453
2 24446 24443
2 24441 24440
2 24432 24421
2 24419 24399
2 24392 24384
2 24381 24373
2 24368 24360
2 24354 24352
2 24350 24341
2 24337 24329
2 24327 24309
2 24303 24302
2 24297 24282
2 24279 24275
2 24273 24262
2 24246 24244
2 24243 24240
2 24239 24233
2 24228 24227
2 24226 24224
2 24221 24205
2 24203 24192
2 24186 24185
2 24184 24179
2 24159 24153
2 24152 24151
2 24150 24136
2 24135 24133
2 24131 24127
2 24123 24113
2 24112 24111
2 24105 24101
2 24095 24094
2 24077 24064
2 24053 24045
2 24039 24033
2 24032 24030
2 24026 24016
2 24003 23995
2 23991 23989
2 23985 23983
2 23973 23956
2 23955 23954
2 23948 23933
2 23929 23925
2 23913 23911
2 23909 23904
2 23898 23895
2 23894 23885
2 23882 23881
2 23880 23879
2 23878 23876
2 23871 23869
2 23866 23856
2 23848 23841
2 23840 23831
2 23829 23811
2 23806 23801
2 23796 23793
2 23784 23781
2 23777 23776
2 23774 23773
2 23772 23763
2 23761 23750
2 23746 23737
2 23733 23726
2 23724 23719
2 23694 23687
2 23678 23676
2 23671 23669
2 23665 23664
2 23663 23659
2 23654 23645
2 23643 23638
2 23634 23620
2 23617 23616
2 23613 23609
2 23608 23606
2 23602 23601
2 23595 23591
2 23590 23588
2 23587 23573
2 23571 23569
2 23566 23542
2 23539 23537
2 23535 23530
2 23523 23514
2 23508 23503
2 23502 23498
2 23491 23488
2 23468 23457
2 23456 23446
2 23441 23440
2 23438 23431
2 23430 23429
2 23423 23422
2 23418 23415
2 23414 23413
2 23407 23404
2 23402 23397
2 23392 23391
2 23390 23382
2 23375 23374
2 23367 23366
2 23353 23349
2 23344 23337
2 23330 23325
2 23324 23313
2 23309 23305
2 23303 23302
2 23290 23283
2 23280 23275
2 23274 23272
2 23255 23253
2 23239 23228
2 23227 23226
2 23222 23221
2 23217 23212
2 23210 23209
2 23208 23204
2 23193 23191
2 23180 23178
2 23174 23173
2 23171 23169
2 23168 23164
2 23162 23160
2 23158 23151
2 23141 23137
2 23136 23135
2 23133 23132
2 23128 23123
2 23119 23117
2 23108 23100
2 23093 23092
2 23086 23077
2 23074 23071
2 23064 23063
2 23060 23059
2 23058 23053
2 23052 23044
2 23035 23033
2 23029 23027
2 23026 23022
2 23018 22960
2 22959 22958
2 22957 22955
2 22950 22949
2 22948 22947
2 22944 22939
2 22936 22931
2 22926 22919
2 22909 22900
2 22895 22892
2 22887 22877
2 22876 22873
2 22851 22849
2 22848 22847
2 22839 22837
2 22835 22823
2 22822 22814
2 22811 22809
2 22802 22801
2 22798 22794
2 22786 22782
2 22780 22773
2 22763 22761
2 22754 22746
2 22741 22740
2 22739 22738
2 22724 22723
2 22721 22720
2 22716 22701
2 22694 22691
2 22687 22682
2 22681 22679
2 22671 22669
2 22648 22635
2 22634 22616
2 22612 22607
2 22601 22599
2 22593 22589
2 22582 22569
2 22568 22561
2 22514 22513
2 22506 22504
2 22497 22489
2 22487 22486
2 22485 22484
2 22481 22464
2 22455 22454
2 22446 22442
2 22439 22436
2 22428 22426
2 22423 22413
2 22404 22398
2 22392 22385
2 22374 22368
2 22365 22359
2 22346 22340
2 22336 22335
2 22334 22323
2 22315 22313
2 22311 22303
2 22302 22298
2 22288 22286
2 22280 22278
2 22274 22270
2 22256 22246
2 22231 22226
2 22224 22215
2 22210 22206
2 22201 22200
2 22198 22194
2 22191 22189
2 22173 22171
2 22169 22163
2 22162 22158
2 22156 22150
2 22144 22143
2 22137 22133
2 22122 22118
2 22117 22104
2 22095 22092
2 22091 22086
2 22076 22074
2 22069 22067
2 22066 22062
2 22059 22046
2 22045 22038
2 22034 22027
2 22026 22023
2 22016 22011
2 21997 21992
2 21978 21977
2 21965 21963
2 21961 21957
2 21950 21948
2 21945 21943
2 21942 21939
2 21928 21927
2 21926 21919
2 21916 21915
2 21914 21911
2 21910 21909
2 21908 21898
2 21894 21892
2 21883 21865
2 21858 21844
2 21831 21830
2 21820 21816
2 21811 21808
2 21804 21800
2 21794 21787
2 21774 21771
2 21768 21764
2 21753 21749
2 21745 21740
2 21738 21733
2 21730 21729
2 21728 21724
2 21722 21721
2 21717 21716
2 21711 21708
2 21687 21673
2 21670 21666
2 21662 21660
2 21647 21645
2 21641 21629
2 21624 21622
2 21606 21604
2 21589 21587
2 21585 21584
2 21572 21561
2 21558 21551
2 21546 21538
2 21526 21518
2 21516 21505
2 21504 21500
2 21498 21497
2 21490 21484
2 21483 21462
2 21460 21441
2 21440 21439
2 21437 21434
2 21431 21428
2 21425 21421
2 21419 21412
2 21411 21404
2 21387 21385
2 21376 21371
2 21359 21355
2 21353 21351
2 21340 21338
2 21330 21324
2 21310 21309
2 21301 21296
2 21295 21294
2 21290 21289
2 21287 21286
2 21272 21264
2 21254 21252
2 21250 21245
2 21243 21235
2 21234 21227
2 21225 21224
2 21223 21221
2 21217 21212
2 21208 21197
2 21196 21170
2 21165 21164
2 21162 21152
2 21140 21137
2 21127 21116
2 21105 21092
2 21091 21087
2 21086 21084
2 21067 21065
2 21059 21047
2 21046 21038
2 21035 21026
2 21017 21015
2 21006 21005
2 21001 21000
2 20986 20981
2 20980 20978
2 20976 20973
2 20967 20966
2 20964 20956
2 20950 20948
2 20935 20934
2 20933 20931
2 20927 20926
2 20924 20921
2 20908 20907
2 20906 20904
2 20901 20898
2 20893 20892
2 20885 20880
2 20877 20870
2 20869 20868
2 20865 20858
2 20848 20845
2 20844 20843
2 20829 20826
2 20822 20815
2 20813 20803
2 20801 20800
2 20798 20792
2 20755 20748
2 20736 20732
2 20730 20728
2 20726 20721
2 20711 20703
2 20702 20700
2 20699 20695
2 20690 20684
2 20682 20677
2 20671 20666
2 20659 20657
2 20652 20647
2 20639 20636
2 20632 20620
2 20618 20616
2 20610 20608
2 20607 20606
2 20597 20593
2 20586 20585
2 20567 20565
2 20564 20554
2 20553 20551
2 20548 20539
2 20538 20524
2 20523 20521
2 20519 20516
2 20514 20513
2 20512 20501
2 20499 20481
2 20479 20472
2 20469 20460
2 20459 20451
2 20439 20436
2 20432 20431
2 20428 20426
2 20421 20420
2 20419 20418
2 20414 20410
2 20407 20405
2 20398 20375
2 20370 20363
2 20358 20341
2 20331 20329
2 20325 20313
2 20306 20292
2 20282 20272
2 20268 20259
2 20257 20253
2 20246 20227
2 20205 20202
2 20194 20171
2 20163 20162
2 20158 20156
2 20150 20143
2 20138 20133
2 20130 20123
2 20113 20111
2 20106 20101
2 20092 20080
2 20074 20067
2 20062 20055
2 20053 20048
2 20043 20042
2 20041 20034
2 20030 20027
2 20020 20011
2 20010 20009
2 20006 20005
2 19998 19996
2 19993 19984
2 19982 19980
2 19979 19970
2 19966 19956
2 19949 19946
2 19945 19940
2 19936 19925
2 19923 19917
2 19916 19911
2 19896 19886
2 19878 19875
2 19873 19872
2 19846 19844
2 19843 19831
2 19830 19823
2 19822 19819
2 19808 19798
2 19797 19792
2 19791 19782
2 19767 19763
2 19761 19760
2 19758 19748
2 19746 19741
2 19738 19730
2 19729 19722
2 19717 19712
2 19706 19705
2 19702 19693
2 19688 19686
2 19680 19679
2 19678 19674
2 19673 19672
2 19670 19660
2 19656 19651
2 19650 19646
2 19645 19643
2 19634 19626
2 19624 19620
2 19618 19612
2 19605 19603
2 19594 19588
2 19586 19577
2 19568 19563
2 19549 19542
2 19538 19520
2 19516 19511
2 19506 19495
2 19487 19486
2 19485 19482
2 19474 19471
2 19470 19465
2 19462 19450
2 19449 19442
2 19433 19428
2 19422 19417
2 19415 19407
2 19405 19400
2 19397 19396
2 19390 19385
2 19382 19379
2 19377 19367
2 19366 19364
2 19357 19345
2 19341 19338
2 19326 19325
2 19318 19311
2 19302 19301
2 19299 19293
2 19292 19282
2 19281 19278
2 19271 19268
2 19261 19255
2 19254 19252
2 19251 19242
2 19230 19226
2 19215 19208
2 19207 19205
2 19188 19183
2 19180 19168
2 19167 19151
2 19144 19138
2 19136 19135
2 19130 19122
2 19116 19089
2 19080 19078
2 19077 19069
2 19068 19061
2 19057 19052
2 19051 19048
2 19040 19025
2 19012 19009
2 19008 19007
2 18995 18993
2 18986 18978
2 18970 18969
2 18962 18961
2 18949 18945
2 18944 18939
2 18937 18935
2 18934 18924
2 18922 18914
2 18912 18908
2 18899 18898
2 18881 18877
2 18876 18874
2 18863 18862
2 18859 18828
2 18824 18823
2 18810 18808
2 18805 18800
2 18798 18795
2 18775 18774
2 18765 18754
2 18751 18750
2 18749 18742
2 18731 18727
2 18725 18723
2 18722 18717
2 18710 18707
2 18706 18700
2 18699 18689
2 18686 18682
2 18679 18672
2 18671 18660
2 18659 18641
2 18637 18630
2 18628 18623
2 18620 18619
2 18616 18613
2 18610 18609
2 18606 18595
2 18584 18581
2 18580 18579
2 18576 18568
2 18560 18558
2 18557 18556
2 18553 18545
2 18537 18528
2 18523 18520
2 18517 18514
2 18506 18501
2 18496 18494
2 18491 18480
2 18476 18475
2 18469 18460
2 18451 18443
2 18441 18432
2 18429 18425
2 18419 18415
2 18413 18395
2 18394 18393
2 18388 18385
2 18384 18382
2 18381 18376
2 18368 18359
2 18358 18356
2 18337 18335
2 18330 18329
2 18323 18304
2 18297 18294
2 18288 18285
2 18284 18283
2 18276 18272
2 18270 18269
2 18267 18262
2 18256 18249
2 18245 18236
2 18229 18224
2 18219 18216
2 18201 18200
2 18193 18191
2 18181 18171
2 18165 18161
2 18159 18155
2 18154 18150
2 18147 18145
2 18134 18133
2 18130 18126
2 18122 18118
2 18113 18108
2 18103 18099
2 18097 18091
2 18079 18078
2 18070 18069
2 18062 18059
2 18054 18050
2 18039 18022
2 18014 18009
2 17998 17997
2 17988 17986
2 17985 17980
2 17970 17964
2 17963 17960
2 17959 17944
2 17943 17934
2 17928 17927
2 17917 17912
2 17893 17891
2 17886 17885
2 17882 17872
2 17868 17865
2 17864 17863
2 17859 17850
2 17849 17847
2 17841 17817
2 17809 17802
2 17801 17793
2 17792 17791
2 17790 17782
2 17777 17772
2 17767 17762
2 17757 17756
2 17751 17750
2 17749 17738
2 17735 17721
2 17720 17717
2 17699 17698
2 17683 17671
2 17670 17667
2 17665 17652
2 17650 17649
2 17647 17646
2 17642 17638
2 17635 17625
2 17624 17623
2 17616 17613
2 17607 17603
2 17599 17596
2 17592 17590
2 17588 17587
2 17586 17585
2 17579 17578
2 17575 17573
2 17564 17563
2 17561 17557
2 17555 17547
2 17545 17541
2 17539 17532
2 17530 17520
2 17515 17511
2 17505 17502
2 17499 17493
2 17488 17486
2 17474 17472
2 17470 17469
2 17464 17463
2 17462 17459
2 17457 17456
2 17453 17443
2 17439 17436
2 17428 17423
2 17407 17402
2 17396 17395
2 17388 17386
2 17379 17375
2 17371 17370
2 17367 17340
2 17330 17324
2 17309 17299
2 17296 17293
2 17288 17282
2 17278 17270
2 17267 17261
2 17260 17259
2 17258 17251
2 17241 17231
2 17229 17224
2 17195 17190
2 17189 17184
2 17181 17163
2 17154 17147
2 17133 17129
2 17127 17119
2 17118 17105
2 17104 17099
2 17090 17086
2 17080 17074
2 17073 17068
2 17065 17063
2 17058 17057
2 17053 17040
2 17031 17026
2 17024 17018
2 17017 17013
2 17011 17005
2 17003 16984
2 16979 16978
2 16968 16964
2 16953 16948
2 16946 16929
2 16927 16926
2 16918 16909
2 16905 16894
2 16881 16876
2 16867 16849
2 16836 16833
2 16828 16827
2 16826 16818
2 16817 16802
2 16800 16792
2 16790 16786
2 16783 16780
2 16776 16760
2 16752 16746
2 16740 16739
2 16736 16735
2 16728 16725
2 16723 16722
2 16720 16713
2 16708 16707
2 16704 16699
2 16698 16696
2 16693 16685
2 16681 16672
2 16670 16668
2 16665 16656
2 16653 16649
2 16641 16633
2 16630 16619
2 16613 16607
2 16605 16597
2 16592 16581
2 16576 16573
2 16566 16564
2 16562 16560
2 16555 16552
2 16548 16544
2 16510 16508
2 16504 16502
2 16498 16495
2 16493 16490
2 16486 16480
2 16475 16464
2 16458 16454
2 16432 16429
2 16427 16426
2 16403 16397
2 16386 16381
2 16372 16349
2 16344 16340
2 16338 16311
2 16309 16301
2 16298 16294
2 16286 16285
2 16275 16273
2 16271 16270
2 16261 16254
2 16253 16239
2 16237 16235
2 16231 16225
2 16223 16222
2 16219 16213
2 16210 16207
2 16206 16201
2 16197 16196
2 16195 16194
2 16190 16181
2 16176 16171
2 16169 16166
2 16164 16161
2 16150 16149
2 16135 16127
2 16119 16102
2 16100 16092
2 16088 16085
2 16084 16082
2 16081 16080
2 16075 16066
2 16062 16060
2 16058 16055
2 16048 16042
2 16039 16035
2 16034 16026
2 16024 16023
2 16016 16012
2 15986 15985
2 15974 15972
2 15965 15952
2 15951 15944
2 15940 15939
2 15937 15923
2 15913 15908
2 15907 15902
2 15899 15895
2 15889 15883
2 15881 15879
2 15878 15873
2 15872 15863
2 15860 15853
2 15852 15838
2 15833 15829
2 15801 15798
2 15797 15786
2 15772 15758
2 15757 15756
2 15754 15750
2 15748 15742
2 15740 15736
2 15735 15732
2 15728 15725
2 15723 15717
2 15715 15701
2 15700 15697
2 15693 15690
2 15684 15676
2 15675 15670
2 15669 15663
2 15662 15655
2 15653 15651
2 15644 15640
2 15630 15615
2 15603 15598
2 15596 15593
2 15583 15580
2 15579 15578
2 15572 15548
2 15537 15527
2 15523 15511
2 15507 15505
2 15502 15495
2 15480 15478
2 15473 15469
2 15463 15455
2 15454 15451
2 15447 15440
2 15439 15436
2 15429 15428
2 15425 15416
2 15415 15408
2 15402 15390
2 15387 15384
2 15374 15366
2 15353 15351
2 15349 15341
2 15334 15324
2 15318 15296
2 15289 15283
2 15277 15265
2 15263 15260
2 15256 15254
2 15252 15251
2 15249 15248
2 15245 15240
2 15236 15235
2 15229 15227
2 15222 15220
2 15216 15209
2 15208 15201
2 15186 15184
2 15173 15169
2 15164 15163
2 15156 15144
2 15140 15139
2 15137 15135
2 15133 15128
2 15120 15119
2 15110 15106
2 15103 15089
2 15075 15073
2 15066 15061
2 15045 15044
2 15040 15036
2 15033 15028
2 15020 15017
2 15006 14998
2 14997 14993
2 14989 14987
2 14986 14976
2 14968 14964
2 14958 14956
2 14952 14949
2 14939 14935
2 14916 14914
2 14902 14894
2 14884 14883
2 14882 14878
2 14876 14868
2 14861 14856
2 14853 14851
2 14835 14831
2 14821 14814
2 14810 14800
2 14799 14795
2 14793 14791
2 14790 14789
2 14787 14782
2 14775 14766
2 14762 14756
2 14749 14739
2 14734 14732
2 14730 14725
2 14724 14720
2 14717 14708
2 14703 14699
2 14695 14691
2 14689 14687
2 14678 14677
2 14669 14664
2 14662 14659
2 14653 14652
2 14648 14626
2 14617 14615
2 14606 14599
2 14598 14596
2 14585 14583
2 14575 14573
2 14567 14566
2 14556 14554
2 14546 14539
2 14537 14536
2 14534 14528
2 14525 14524
2 14520 14518
2 14517 14507
2 14498 14492
2 14486 14483
2 14481 14477
2 14471 14468
2 14467 14464
2 14459 14456
2 14451 14448
2 14440 14438
2 14436 14415
2 14408 14402
2 14396 14392
2 14387 14383
2 14381 14380
2 14376 14373
2 14370 14363
2 14357 14345
2 14343 14340
2 14337 14336
2 14333 14329
2 14326 14324
2 14309 14305
2 14304 14300
2 14299 14285
2 14283 14282
2 14279 14276
2 14272 14269
2 14266 14249
2 14236 14234
2 14227 14224
2 14223 14221
2 14216 14214
2 14208 14207
2 14206 14200
2 14199 14197
2 14191 14189
2 14186 14184
2 14170 14168
2 14165 14157
2 14148 14147
2 14146 14145
2 14142 14137
2 14130 14127
2 14122 14101
2 14098 14095
2 14091 14087
2 14083 14077
2 14068 14061
2 14060 14055
2 14053 14050
2 14048 14046
2 14034 14025
2 14024 14000
2 13997 13990
2 13989 13987
2 13983 13976
2 13975 13972
2 13962 13959
2 13958 13957
2 13956 13952
2 13951 13948
2 13947 13944
2 13938 13915
2 13914 13910
2 13908 13899
2 13894 13888
2 13886 13877
2 13873 13872
2 13871 13863
2 13858 13853
2 13852 13851
2 13849 13848
2 13846 13841
2 13824 13820
2 13815 13803
2 13790 13784
2 13782 13779
2 13777 13776
2 13764 13757
2 13753 13751
2 13749 13741
2 13732 13730
2 13719 13710
2 13707 13706
2 13693 13691
2 13672 13665
2 13661 13658
2 13650 13648
2 13640 13639
2 13630 13626
2 13622 13621
2 13616 13611
2 13602 13601
2 13591 13589
2 13586 13582
2 13578 13562
2 13553 13548
2 13541 13538
2 13534 13532
2 13518 13514
2 13507 13506
2 13490 13489
2 13486 13485
2 13484 13481
2 13471 13466
2 13463 13458
2 13456 13455
2 13450 13448
2 13446 13420
2 13419 13416
2 13404 13392
2 13375 13373
2 13370 13369
2 13367 13364
2 13362 13360
2 13356 13355
2 13352 13350
2 13349 13340
2 13339 13337
2 13335 13331
2 13326 13325
2 13322 13313
2 13294 13293
2 13286 13282
2 13279 13277
2 13274 13262
2 13261 13257
2 13244 13229
2 13227 13225
2 13220 13203
2 13199 13198
2 13193 13191
2 13188 13185
2 13179 13177
2 13166 13165
2 13161 13156
2 13152 13151
2 13147 13145
2 13144 13133
2 13132 13112
2 13110 13100
2 13099 13092
2 13091 13086
2 13074 13068
2 13064 13061
2 13059 13051
2 13035 13032
2 13022 13012
2 13011 13009
2 13007 13003
2 13002 12997
2 12996 12994
2 12992 12986
2 12975 12974
2 12972 12962
2 12957 12954
2 12941 12940
2 12923 12912
2 12909 12906
2 12896 12895
2 12885 12876
2 12873 12872
2 12868 12865
2 12864 12859
2 12854 12852
2 12846 12837
2 12836 12820
2 12819 12815
2 12813 12807
2 12802 12796
2 12795 12790
2 12785 12784
2 12780 12776
2 12773 12772
2 12764 12763
2 12760 12751
2 12749 12738
2 12731 12729
2 12706 12705
2 12702 12693
2 12692 12690
2 12686 12682
2 12665 12662
2 12659 12658
2 12657 12656
2 12643 12638
2 12628 12617
2 12613 12605
2 12604 12599
2 12593 12576
2 12574 12571
2 12566 12555
2 12548 12546
2 12544 12536
2 12535 12532
2 12526 12525
2 12521 12518
2 12515 12513
2 12508 12506
2 12500 12484
2 12477 12472
2 12471 12470
2 12459 12457
2 12455 12448
2 12441 12440
2 12439 12433
2 12432 12429
2 12424 12419
2 12412 12409
2 12406 12399
2 12375 12359
2 12335 12319
2 12313 12309
2 12307 12300
2 12298 12289
2 12282 12276
2 12265 12264
2 12257 12254
2 12217 12216
2 12215 12214
2 12212 12204
2 12200 12198
2 12195 12194
2 12191 12189
2 12184 12182
2 12172 12166
2 12164 12158
2 12150 12149
2 12140 12136
2 12132 12131
2 12118 12116
2 12111 12104
2 12101 12100
2 12097 12082
2 12077 12076
2 12069 12068
2 12067 12064
2 12063 12059
2 12057 12056
2 12055 12046
2 12034 12030
2 12021 12007
2 11999 11993
2 11986 11972
2 11964 11955
2 11952 11948
2 11941 11938
2 11934 11929
2 11921 11920
2 11918 11914
2 11910 11900
2 11896 11895
2 11885 11884
2 11878 11869
2 11868 11865
2 11838 11835
2 11813 11809
2 11800 11796
2 11793 11791
2 11786 11784
2 11780 11775
2 11772 11769
2 11761 11759
2 11757 11754
2 11752 11744
2 11729 11728
2 11725 11723
2 11708 11705
2 11700 11699
2 11692 11688
2 11687 11683
2 11674 11673
2 11664 11661
2 11660 11652
2 11650 11643
2 11641 11634
2 11611 11609
2 11605 11602
2 11585 11581
2 11579 11571
2 11566 11564
2 11560 11554
2 11552 11551
2 11544 11539
2 11527 11520
2 11511 11508
2 11504 11502
2 11499 11498
2 11497 11487
2 11477 11476
2 11474 11464
2 11458 11451
2 11447 11441
2 11430 11429
2 11427 11426
2 11425 11416
2 11413 11411
2 11408 11397
2 11393 11392
2 11391 11390
2 11370 11366
2 11361 11352
2 11351 11341
2 11336 11334
2 11325 11308
2 11302 11301
2 11291 11290
2 11289 11288
2 11277 11274
2 11273 11268
2 11266 11259
2 11254 11241
2 11231 11230
2 11229 11225
2 11224 11217
2 11212 11209
2 11207 11199
2 11198 11197
2 11196 11191
2 11187 11185
2 11174 11173
2 11172 11167
2 11155 11152
2 11140 11131
2 11130 11128
2 11123 11119
2 11102 11094
2 11090 11084
2 11076 11074
2 11067 11061
2 11055 11043
2 11041 11040
2 11039 11031
2 11030 11020
2 11017 11005
2 11003 10998
2 10994 10993
2 10992 10988
2 10986 10982
2 10980 10969
2 10965 10964
2 10963 10953
2 10947 10941
2 10936 10928
2 10926 10922
2 10919 10916
2 10914 10911
2 10908 10904
2 10903 10893
2 10891 10887
2 10884 10881
2 10875 10874
2 10871 10869
2 10856 10843
2 10839 10833
2 10808 10807
2 10798 10797
2 10793 10784
2 10783 10772
2 10754 10743
2 10742 10737
2 10729 10724
2 10722 10714
2 10710 10698
2 10695 10693
2 10689 10685
2 10681 10678
2 10675 10665
2 10656 10654
2 10639 10617
2 10609 10606
2 10603 10602
2 10595 10592
2 10578 10576
2 10571 10568
2 10565 10556
2 10545 10540
2 10532 10526
2 10525 10524
2 10523 10519
2 10508 10505
2 10503 10500
2 10490 10484
2 10470 10466
2 10457 10455
2 10451 10449
2 10446 10436
2 10415 10410
2 10409 10406
2 10399 10397
2 10384 10378
2 10375 10367
2 10361 10360
2 10359 10355
2 10354 10351
2 10326 10319
2 10317 10296
2 10286 10278
2 10268 10260
2 10249 10248
2 10238 10225
2 10221 10220
2 10208 10206
2 10193 10190
2 10187 10184
2 10179 10161
2 10151 10148
2 10140 10136
2 10133 10128
2 10115 10108
2 10106 10101
2 10095 10086
2 10083 10077
2 10061 10060
2 10050 10044
2 10041 10039
2 10035 10033
2 10029 10028
2 10022 10018
2 10015 10014
2 10001 9995
2 9993 9992
2 9984 9980
2 9978 9973
2 9970 9964
2 9954 9952
2 9935 9928
2 9924 9919
2 9915 9909
2 9908 9897
2 9891 9888
2 9886 9883
2 9880 9877
2 9871 9863
2 9859 9858
2 9857 9848
2 9846 9845
2 9843 9841
2 9840 9839
2 9836 9834
2 9829 9828
2 9819 9817
2 9816 9814
2 9809 9804
2 9801 9785
2 9777 9771
2 9765 9763
2 9760 9751
2 9748 9744
2 9743 9739
2 9731 9729
2 9722 9721
2 9716 9701
2 9697 9684
2 9683 9680
2 9675 9674
2 9673 9667
2 9661 9652
2 9635 9632
2 9628 9624
2 9623 9622
2 9617 9613
2 9610 9601
2 9597 9592
2 9584 9573
2 9567 9562
2 9557 9554
2 9542 9535
2 9530 9526
2 9525 9523
2 9519 9518
2 9515 9510
2 9507 9499
2 9493 9492
2 9488 9486
2 9472 9469
2 9457 9452
2 9442 9438
2 9437 9435
2 9427 9419
2 9415 9414
2 9401 9399
2 9397 9376
2 9374 9363
2 9361 9360
2 9359 9342
2 9331 9329
2 9320 9318
2 9312 9302
2 9294 9289
2 9287 9281
2 9280 9278
2 9274 9271
2 9264 9263
2 9261 9256
2 9245 9241
2 9220 9219
2 9218 9215
2 9213 9210
2 9208 9207
2 9192 9188
2 9172 9170
2 9167 9166
2 9160 9152
2 9147 9132
2 9119 9117
2 9114 9099
2 9095 9091
2 9086 9080
2 9067 9062
2 9054 9046
2 9045 9043
2 9038 9035
2 9033 9031
2 9030 9026
2 9022 9017
2 9013 9012
2 9002 8999
2 8997 8994
2 8993 8980
2 8974 8967
2 8966 8965
2 8964 8958
2 8954 8945
2 8937 8936
2 8934 8932
2 8928 8927
2 8925 8921
2 8913 8907
2 8897 8894
2 8892 8891
2 8872 8867
2 8866 8856
2 8849 8839
2 8827 8823
2 8800 8799
2 8790 8785
2 8775 8773
2 8770 8759
2 8755 8750
2 8732 8729
2 8727 8719
2 8714 8707
2 8697 8696
2 8693 8687
2 8669 8662
2 8657 8656
2 8647 8642
2 8641 8640
2 8638 8633
2 8628 8624
2 8622 8618
2 8615 8612
2 8611 8609
2 8606 8603
2 8602 8599
2 8597 8593
2 8592 8569
2 8568 8556
2 8550 8548
2 8544 8540
2 8532 8526
2 8525 8516
2 8513 8512
2 8511 8506
2 8503 8501
2 8500 8497
2 8494 8492
2 8470 8466
2 8462 8449
2 8441 8440
2 8430 8426
2 8424 8422
2 8417 8415
2 8414 8413
2 8408 8407
2 8402 8401
2 8400 8399
2 8395 8393
2 8389 8385
2 8376 8369
2 8368 8359
2 8355 8349
2 8339 8334
2 8328 8325
2 8322 8321
2 8318 8316
2 8315 8310
2 8309 8299
2 8298 8291
2 8290 8288
2 8283 8282
2 8279 8276
2 8275 8261
2 8257 8254
2 8253 8248
2 8241 8240
2 8230 8229
2 8226 8225
2 8221 8219
2 8217 8216
2 8208 8203
2 8189 8172
2 8168 8140
2 8137 8128
2 8105 8103
2 8099 8098
2 8093 8091
2 8088 8084
2 8083 8082
2 8070 8066
2 8062 8058
2 8054 8053
2 8051 8048
2 8044 8042
2 8033 8025
2 8023 8015
2 8007 7999
2 7995 7993
2 7992 7985
2 7982 7980
2 7973 7972
2 7970 7967
2 7962 7940
2 7932 7930
2 7924 7910
2 7908 7906
2 7904 7903
2 7902 7897
2 7896 7895
2 7889 7884
2 7879 7877
2 7876 7875
2 7866 7863
2 7860 7854
2 7852 7845
2 7839 7833
2 7831 7825
2 7820 7814
2 7810 7807
2 7804 7794
2 7793 7792
2 7787 7782
2 7774 7769
2 7768 7764
2 7761 7753
2 7751 7749
2 7733 7729
2 7722 7717
2 7713 7705
2 7702 7696
2 7695 7691
2 7687 7681
2 7678 7663
2 7661 7651
2 7650 7645
2 7644 7641
2 7639 7636
2 7632 7597
2 7596 7590
2 7589 7583
2 7582 7571
2 7569 7568
2 7567 7566
2 7557 7553
2 7545 7534
2 7529 7526
2 7523 7519
2 7517 7514
2 7512 7511
2 7503 7502
2 7501 7492
2 7490 7486
2 7479 7470
2 7466 7464
2 7460 7454
2 7451 7448
2 7416 7413
2 7412 7409
2 7400 7399
2 7398 7393
2 7357 7351
2 7319 7318
2 7309 7307
2 7306 7305
2 7300 7294
2 7289 7279
2 7278 7277
2 7273 7269
2 7268 7267
2 7262 7255
2 7246 7245
2 7242 7241
2 7234 7227
2 7220 7218
2 7214 7212
2 7206 7200
2 7197 7195
2 7176 7169
2 7168 7166
2 7161 7157
2 7147 7141
2 7140 7129
2 7126 7121
2 7119 7118
2 7108 7107
2 7097 7095
2 7087 7083
2 7069 7055
2 7053 7052
2 7051 7047
2 7043 7034
2 7031 7024
2 7022 7020
2 7018 7011
2 7004 7003
2 7002 6994
2 6993 6987
2 6984 6982
2 6974 6973
2 6972 6969
2 6961 6952
2 6935 6933
2 6931 6922
2 6921 6905
2 6903 6900
2 6899 6895
2 6887 6886
2 6884 6878
2 6871 6869
2 6865 6859
2 6857 6852
2 6831 6827
2 6824 6813
2 6809 6805
2 6803 6788
2 6776 6768
2 6762 6759
2 6754 6745
2 6744 6743
2 6736 6733
2 6730 6724
2 6714 6712
2 6706 6682
2 6681 6670
2 6666 6665
2 6660 6659
2 6631 6623
2 6621 6594
2 6593 6589
2 6588 6587
2 6583 6552
2 6544 6532
2 6522 6513
2 6500 6493
2 6492 6490
2 6479 6476
2 6470 6469
2 6464 6461
2 6452 6450
2 6432 6428
2 6425 6422
2 6419 6412
2 6408 6402
2 6397 6392
2 6390 6370
2 6363 6349
2 6343 6341
2 6337 6336
2 6331 6328
2 6325 6322
2 6318 6317
2 6314 6308
2 6307 6306
2 6297 6290
2 6286 6282
2 6279 6264
2 6261 6257
2 6255 6238
2 6237 6234
2 6223 6220
2 6213 6201
2 6188 6181
2 6155 6153
2 6148 6133
2 6129 6127
2 6119 6115
2 6106 6105
2 6101 6090
2 6086 6082
2 6081 6075
2 6074 6064
2 6062 6050
2 6047 6044
2 6031 6029
2 6022 6014
2 6013 6012
2 6009 5994
2 5981 5977
2 5972 5966
2 5936 5935
2 5933 5924
2 5922 5921
2 5916 5910
2 5900 5884
2 5870 5866
2 5862 5860
2 5845 5844
2 5843 5841
2 5839 5832
2 5831 5830
2 5829 5824
2 5822 5818
2 5808 5805
2 5804 5795
2 5794 5793
2 5790 5785
2 5784 5778
2 5770 5767
2 5763 5754
2 5747 5735
2 5729 5728
2 5720 5709
2 5708 5705
2 5703 5702
2 5701 5691
2 5690 5689
2 5688 5683
2 5672 5667
2 5660 5655
2 5641 5638
2 5619 5616
2 5613 5605
2 5596 5594
2 5590 5576
2 5573 5572
2 5568 5562
2 5552 5551
2 5548 5520
2 5514 5510
2 5504 5498
2 5491 5489
2 5479 5472
2 5467 5461
2 5456 5443
2 5442 5441
2 5438 5436
2 5422 5415
2 5412 5411
2 5400 5398
2 5396 5392
2 5385 5377
2 5351 5347
2 5342 5339
2 5337 5332
2 5331 5328
2 5327 5323
2 5322 5316
2 5314 5310
2 5308 5306
2 5305 5295
2 5294 5293
2 5280 5274
2 5266 5256
2 5253 5246
2 5245 5241
2 5237 5234
2 5226 5224
2 5222 5219
2 5218 5208
2 5204 5201
2 5198 5189
2 5182 5173
2 5168 5165
2 5163 5160
2 5154 5152
2 5149 5136
2 5124 5123
2 5114 5113
2 5112 5105
2 5099 5092
2 5089 5082
2 5080 5055
2 5050 5048
2 5040 5039
2 5031 5027
2 5024 5020
2 5009 4987
2 4985 4980
2 4977 4966
2 4958 4957
2 4956 4944
2 4943 4940
2 4935 4932
2 4917 4910
2 4909 4906
2 4905 4895
2 4887 4882
2 4881 4880
2 4858 4854
2 4849 4846
2 4840 4830
2 4828 4825
2 4823 4819
2 4809 4805
2 4799 4795
2 4787 4785
2 4784 4776
2 4770 4767
2 4749 4736
2 4732 4720
2 4714 4710
2 4708 4702
2 4690 4689
2 4681 4676
2 4675 4674
2 4670 4664
2 4660 4659
2 4658 4655
2 4648 4647
2 4646 4637
2 4627 4625
2 4624 4614
2 4608 4600
2 4593 4578
2 4571 4568
2 4567 4558
2 4550 4549
2 4546 4529
2 4517 4512
2 4509 4506
2 4501 4495
2 4491 4489
2 4488 4486
2 4481 4480
2 4474 4469
2 4457 4450
2 4445 4440
2 4429 4427
2 4425 4416
2 4413 4412
2 4411 4402
2 4391 4388
2 4386 4383
2 4381 4378
2 4375 4362
2 4356 4354
2 4348 4345
2 4344 4343
2 4339 4334
2 4333 4330
2 4329 4327
2 4318 4311
2 4307 4298
2 4293 4291
2 4282 4277
2 4276 4275
2 4274 4267
2 4264 4248
2 4237 4231
2 4215 4210
2 4209 4205
2 4203 4197
2 4188 4186
2 4185 4173
2 4170 4167
2 4164 4156
2 4152 4150
2 4145 4144
2 4141 4137
2 4132 4126
2 4122 4116
2 4112 4101
2 4094 4093
2 4074 4073
2 4072 4069
2 4056 4051
2 4046 4037
2 4036 4029
2 4026 4024
2 4022 4021
2 4010 4009
2 3998 3994
2 3988 3985
2 3984 3977
2 3973 3966
2 3964 3955
2 3947 3945
2 3943 3940
2 3937 3926
2 3924 3912
2 3903 3901
2 3893 3887
2 3879 3878
2 3877 3864
2 3857 3848
2 3838 3832
2 3820 3805
2 3802 3801
2 3789 3773
2 3760 3759
2 3753 3751
2 3745 3743
2 3741 3740
2 3725 3719
2 3714 3708
2 3701 3687
2 3683 3678
2 3674 3672
2 3663 3660
2 3659 3656
2 3654 3650
2 3638 3627
2 3617 3616
2 3615 3608
2 3600 3599
2 3593 3590
2 3574 3572
2 3570 3554
2 3551 3550
2 3545 3539
2 3534 3533
2 3530 3529
2 3524 3523
2 3516 3510
2 3502 3494
2 3491 3469
2 3467 3450
2 3432 3423
2 3421 3412
2 3408 3407
2 3397 3386
2 3384 3382
2 3381 3380
2 3378 3367
2 3364 3358
2 3356 3355
2 3353 3343
2 3341 3337
2 3336 3335
2 3328 3325
2 3324 3318
2 3311 3308
2 3304 3300
2 3299 3297
2 3290 3280
2 3276 3268
2 3255 3253
2 3246 3244
2 3226 3216
2 3212 3199
2 3196 3195
2 3194 3190
2 3181 3180
2 3178 3176
2 3172 3170
2 3169 3165
2 3161 3160
2 3155 3154
2 3147 3142
2 3141 3138
2 3136 3126
2 3123 3120
2 3108 3104
2 3102 3099
2 3087 3086
2 3082 3073
2 3072 3071
2 3059 3057
2 3055 3048
2 3045 3043
2 3040 3030
2 3022 3020
2 3004 2993
2 2991 2985
2 2982 2979
2 2967 2954
2 2934 2933
2 2930 2918
2 2914 2913
2 2910 2907
2 2898 2891
2 2890 2888
2 2881 2872
2 2864 2861
2 2852 2849
2 2842 2824
2 2823 2822
2 2818 2801
2 2791 2790
2 2777 2768
2 2764 2763
2 2762 2758
2 2753 2749
2 2745 2736
2 2721 2719
2 2717 2707
2 2702 2695
2 2694 2684
2 2683 2682
2 2667 2664
2 2660 2657
2 2645 2642
2 2638 2637
2 2636 2622
2 2618 2617
2 2603 2598
2 2597 2590
2 2584 2583
2 2581 2575
2 2574 2571
2 2568 2564
2 2562 2556
2 2549 2542
2 2540 2537
2 2525 2510
2 2508 2503
2 2501 2496
2 2495 2493
2 2473 2471
2 2466 2443
2 2442 2441
2 2431 2430
2 2428 2425
2 2424 2419
2 2417 2414
2 2409 2390
2 2388 2382
2 2380 2376
2 2365 2352
2 2349 2344
2 2337 2333
2 2332 2326
2 2323 2315
2 2311 2301
2 2297 2292
2 2289 2286
2 2284 2283
2 2282 2279
2 2276 2270
2 2268 2257
2 2254 2240
2 2237 2230
2 2229 2213
2 2210 2184
2 2183 2182
2 2181 2165
2 2163 2161
2 2140 2127
2 2126 2124
2 2113 2110
2 2103 2094
2 2090 2086
2 2078 2075
2 2072 2071
2 2061 2054
2 2046 2044
2 2041 2040
2 2035 2026
2 2022 2021
2 2019 2018
2 2016 2012
2 2011 2007
2 2004 1995
2 1985 1979
2 1972 1954
2 1948 1943
2 1933 1928
2 1921 1916
2 1915 1909
2 1907 1902
2 1898 1895
2 1893 1892
2 1891 1889
2 1887 1880
2 1875 1873
2 1865 1860
2 1857 1855
2 1853 1843
2 1841 1840
2 1839 1838
2 1834 1827
2 1816 1812
2 1806 1801
2 1796 1792
2 1785 1771
2 1766 1759
2 1745 1742
2 1736 1735
2 1734 1716
2 1714 1713
2 1704 1700
2 1692 1691
2 1686 1683
2 1682 1677
2 1673 1672
2 1664 1654
2 1653 1652
2 1631 1630
2 1626 1622
2 1620 1617
2 1616 1613
2 1612 1608
2 1607 1603
2 1602 1601
2 1600 1594
2 1591 1589
2 1586 1580
2 1578 1562
2 1557 1550
2 1549 1547
2 1533 1528
2 1514 1512
2 1499 1492
2 1490 1488
2 1484 1483
2 1479 1477
2 1468 1465
2 1457 1452
2 1446 1435
2 1433 1432
2 1428 1427
2 1425 1424
2 1423 1416
2 1415 1410
2 1395 1393
2 1387 1383
2 1380 1377
2 1365 1363
2 1358 1352
2 1336 1332
2 1328 1326
2 1318 1309
2 1307 1302
2 1298 1291
2 1289 1281
2 1259 1258
2 1255 1249
2 1244 1243
2 1237 1225
2 1224 1203
2 1197 1190
2 1187 1183
2 1178 1174
2 1169 1164
2 1161 1159
2 1153 1144
2 1141 1122
2 1119 1110
2 1109 1108
2 1103 1099
2 1097 1091
2 1090 1089
2 1088 1072
2 1058 1051
2 1045 1035
2 1030 1021
2 1020 1017
2 1014 1008
2 1006 998
2 994 993
2 992 989
2 980 968
2 966 958
2 953 950
2 942 938
2 936 932
2 929 923
2 917 903
2 897 893
2 882 877
2 865 856
2 848 845
2 826 824
2 813 810
2 809 803
2 800 797
2 796 792
2 790 788
2 785 770
2 760 754
2 746 737
2 733 731
2 729 725
2 722 719
2 708 703
2 700 699
2 698 666
2 663 658
2 652 643
2 640 638
2 636 635
2 630 622
2 619 612
2 606 604
2 603 589
2 585 584
2 581 580
2 576 571
2 568 562
2 559 558
2 557 555
2 545 536
2 531 516
2 499 495
2 492 489
2 480 467
2 464 457
2 455 451
2 449 446
2 445 436
2 425 418
2 404 403
2 384 376
2 369 366
2 365 354
2 350 349
2 343 342
2 337 336
2 317 309
2 306 300
2 287 277
2 268 260
2 258 249
2 247 242
2 236 233
2 230 228
2 222 220
2 219 217
2 216 208
2 207 204
2 200 198
2 195 192
2 187 182
2 181 164
2 149 146
2 145 144
2 136 133
2 132 131
2 130 129
2 121 120
2 118 114
2 110 106
2 102 100
2 91 88
2 81 68
2 64 63
2 47 42
2 39 24
2 23 15
2 14 13
2 8 4
2 99450 99192
2 98313 98209
2 95912 95229
2 94048 93424
2 91987 91939
2 90274 90015
2 89770 89695
2 86862 86746
2 86584 84255
2 82651 82551
2 82444 81924
2 81830 81480
2 80191 79797
2 79667 77816
2 77707 77225
2 76488 76142
2 75687 72728
2 72573 71385
2 71334 70458
2 69516 68855
2 68803 68514
2 68473 67515
2 67417 67371
2 66718 66430
2 64627 63127
2 63057 62908
2 62412 62286
2 60233 60125
2 59679 59573
2 59151 56866
2 56438 52774
2 51591 51441
2 51096 50302
2 50282 48817
2 47380 45810
2 45590 44559
2 44163 43878
2 42248 42186
2 39182 38511
2 38492 38420
2 38156 37622
2 36337 34146
2 34137 33644
2 33359 31813
2 30936 30810
2 30789 30413
2 29496 29438
2 29075 28717
2 28701 28694
2 28311 28240
2 27991 27699
2 27695 26804
2 26746 26640
2 25836 25160
2 24517 24457
2 21814 20712
2 20685 20244
2 17761 16114
2 15347 14217
2 11482 11109
2 9720 8465
2 6892 6651
2 6096 3442
2 3206 2737
2 1964 1355
2 948 99634
2 99221 98998
2 98406 98215
2 97731 97680
2 97592 97048
2 96671 96548
2 96481 96425
2 96405 96268
2 96070 95950
2 95938 95514
2 95272 94273
2 93837 92818
2 91664 91136
2 90937 90656
2 89622 89096
2 88448 88228
2 87952 87505
2 87083 86998
2 86385 86075
2 85944 85577
2 84878 84404
2 83342 82933
2 81417 80879
2 80650 80459
2 79988 79828
2 79576 79129
2 78757 78667
2 78186 77682
2 77656 77504
2 76955 76609
2 76425 76353
2 76205 76071
2 76060 75907
2 75403 74799
2 74696 73602
2 73548 71665
2 70772 68660
2 68434 67143
2 66703 66596
2 66273 65838
2 65663 65549
2 65118 65090
2 65007 64602
2 63114 62947
2 62945 62374
2 62367 60767
2 59723 59715
2 59608 58146
2 56353 56351
2 55766 55570
2 55154 54843
2 54244 53432
2 53219 52642
2 52498 52154
2 51045 51037
2 50007 49485
2 48724 48681
2 48568 48505
2 48221 47818
2 46582 45534
2 44586 44365
2 43629 43287
2 42862 42345
2 42025 41658
2 41143 39962
2 39925 39646
2 39249 39179
2 38274 37977
2 37918 37292
2 37173 36736
2 36723 36343
2 36328 35235
2 35092 32818
2 32217 32050
2 31019 30806
2 30784 30040
2 29724 29690
2 29584 29202
2 29151 28912
2 28468 27850
2 27540 25565
2 24867 23935
2 23930 23444
2 22875 22695
2 22655 22456
2 21539 20108
2 19483 18936
2 18095 17818
2 17246 16365
2 16269 16188
2 15888 15825
2 15464 14866
2 14680 14242
2 14175 13930
2 13722 12881
2 12159 10800
2 9537 9386
2 8668 8581
2 7475 6915
2 6727 6726
2 6624 6487
2 6233 5505
2 5255 4915
2 4062 3595
2 3514 3453
2 3223 2701
2 2699 1923
2 1430 1275
2 1121 593
2 99664 99536
2 99372 97652
2 97644 97085
2 96310 95547
2 95420 94976
2 94322 93640
2 92991 92892
2 92781 91926
2 91910 91646
2 91149 90400
2 89510 89441
2 89377 89242
2 89165 89112
2 89060 88956
2 87304 87276
2 86805 85870
2 85739 85650
2 84681 84600
2 84522 84313
2 84281 84011
2 83520 82753
2 82050 81579
2 81182 80981
2 80910 79754
2 79616 79146
2 79083 78096
2 77855 77327
2 77037 76847
2 76515 75932
2 74306 73887
2 73818 73757
2 73670 73436
2 73372 72729
2 72331 72231
2 71930 71622
2 71340 71268
2 71179 70763
2 70714 69105
2 69100 68961
2 68548 68474
2 68031 68005
2 67221 66660
2 66477 66009
2 65925 65801
2 65589 65162
2 64298 63767
2 63259 62532
2 62373 61967
2 61030 60951
2 60644 60005
2 59361 59160
2 58691 58369
2 57683 57540
2 57489 57285
2 57206 57068
2 57051 57024
2 56357 56064
2 55999 55960
2 54851 54331
2 52914 52656
2 52463 52179
2 52061 51707
2 51425 50798
2 50793 50598
2 50241 49958
2 49466 49338
2 49125 48975
2 48925 48826
2 48501 48490
2 47601 46894
2 46068 45708
2 45626 45028
2 44713 44248
2 44158 43757
2 43664 43243
2 43031 42515
2 42094 41559
2 41328 41273
2 41240 41017
2 40737 40436
2 39978 39951
2 39944 39432
2 38959 38669
2 38046 37115
2 35657 34897
2 34351 34080
2 33942 32931
2 32775 32585
2 32450 32151
2 31722 30284
2 30025 29871
2 29223 28592
2 28402 28133
2 28082 27885
2 27694 27621
2 27571 27121
2 26991 26831
2 26197 25429
2 24429 24319
2 24286 23891
2 22915 22618
2 21905 21237
2 20993 20619
2 20393 20054
2 19555 19110
2 18882 18575
2 16901 16337
2 16240 15559
2 14811 14761
2 13931 13840
2 13822 13134
2 12927 12464
2 12237 11768
2 11270 11180
2 11046 10627
2 10496 10424
2 10013 9462
2 9365 9221
2 8887 8435
2 7983 7291
2 6720 6711
2 6568 5648
2 4792 4504
2 4104 3058
2 2522 2449
2 1936 1394
2 1371 956
2 348 99328
2 99247 99145
2 98862 98525
2 98432 98234
2 98217 98144
2 97765 97306
2 97198 96927
2 95990 95952
2 95894 95243
2 95174 94258
2 93912 93697
2 93615 93547
2 93530 93516
2 93314 92814
2 92716 92709
2 92394 92325
2 92284 92251
2 92100 91637
2 91061 90990
2 90642 90176
2 90140 90057
2 89721 89703
2 89652 89401
2 88818 88749
2 88574 87865
2 87026 86900
2 86468 86320
2 86237 85905
2 85160 84795
2 84719 84624
2 84111 83968
2 83764 83743
2 82918 82788
2 82583 81904
2 81814 81371
2 81147 81043
2 80810 80626
2 80500 80497
2 80143 80124
2 80000 79820
2 79063 78051
2 76868 76737
2 76336 76327
2 76062 76057
2 75893 75763
2 75588 75501
2 75327 75158
2 74559 74122
2 74062 73778
2 73200 73196
2 71780 71775
2 71413 70576
2 70215 69944
2 69813 69712
2 69576 68991
2 68915 68404
2 67707 67360
2 66746 66698
2 66625 66013
2 65744 65604
2 65514 65309
2 65016 64914
2 64685 64664
2 64213 64152
2 63502 62975
2 62829 62597
2 62572 62353
2 61674 61493
2 61265 61038
2 60878 60702
2 60693 59762
2 58937 58808
2 58788 58675
2 58634 58495
2 58470 58418
2 58332 58123
2 57946 57586
2 57531 57402
2 57392 57070
2 56448 56208
2 55647 54769
2 54569 54517
2 54307 53672
2 52956 52766
2 52450 52047
2 52015 51964
2 51858 51655
2 51386 51337
2 50962 50930
2 50058 49869
2 49678 49183
2 48542 48540
2 47845 47246
2 47099 46821
2 46361 46258
2 46184 46016
2 45897 45018
2 44995 44943
2 44539 43006
2 42594 41970
2 41938 41557
2 41480 41278
2 40969 40911
2 40633 39262
2 38891 38425
2 38351 38195
2 37445 36458
2 36363 36211
2 35806 35494
2 35019 34959
2 34447 33816
2 33468 33399
2 33157 32938
2 32461 32436
2 32345 32334
2 31685 31460
2 31234 31110
2 31028 31010
2 31007 30546
2 30184 29753
2 29594 29171
2 28721 28448
2 27864 27410
2 27312 26857
2 26715 26651
2 26546 26433
2 26405 26217
2 25516 25489
2 24875 24019
2 24018 23820
2 23474 23244
2 23195 22502
2 22181 21651
2 21520 21360
2 21332 21190
2 21055 21031
2 20738 20529
2 20199 19547
2 19081 18965
2 18809 18644
2 18535 18250
2 18131 18045
2 17836 17796
2 17736 17626
2 17492 17187
2 16904 16843
2 16143 15515
2 15499 15494
2 15444 14974
2 14212 13659
2 13609 13284
2 13175 12268
2 12190 12165
2 11990 11561
2 11220 11080
2 11008 10686
2 10657 10534
2 10030 9826
2 9730 9648
2 9078 8737
2 8165 8074
2 6738 6585
2 6445 5893
2 5744 5597
2 4677 4428
2 4289 4202
2 3744 3394
2 3271 2607
2 2546 2509
2 1688 1566
2 1541 1397
2 1260 963
2 944 786
2 189 99599
2 99515 99417
2 99242 99072
2 99008 98823
2 98710 98597
2 98221 98118
2 98117 98101
2 97803 97603
2 97456 97432
2 97394 96061
2 95804 95787
2 95720 95703
2 95520 95308
2 94820 94743
2 94442 94323
2 94299 94096
2 94057 93938
2 93305 93216
2 92838 92713
2 92533 92489
2 92406 92393
2 92252 92248
2 92059 91975
2 91871 91357
2 91346 91340
2 91305 91158
2 90864 90859
2 90766 90426
2 90366 89964
2 89411 89405
2 89088 88776
2 88709 88640
2 88565 88511
2 88275 88219
2 87997 87814
2 87455 87269
2 87250 86910
2 86541 86299
2 86161 86153
2 86114 86040
2 85909 85854
2 85771 85527
2 85484 85467
2 85455 85360
2 85110 84853
2 84714 84242
2 83254 82866
2 82786 82630
2 82548 82542
2 82472 82069
2 82048 81984
2 81936 81914
2 81591 81156
2 81025 80954
2 80828 80643
2 80564 80197
2 80142 79953
2 79821 79782
2 79263 79218
2 79144 79026
2 78963 78570
2 77988 77942
2 77890 77638
2 77068 76836
2 76549 76417
2 76280 76162
2 76132 76076
2 76039 75872
2 75801 75702
2 75657 75525
2 75132 75126
2 74885 74650
2 74372 74116
2 74004 74000
2 73724 73621
2 73238 73218
2 73117 73073
2 72953 72804
2 72356 71912
2 71770 71609
2 71572 70911
2 70784 70469
2 70163 69707
2 69390 69359
2 69300 69068
2 68585 68249
2 68193 68068
2 67344 67247
2 66546 66182
2 66087 65971
2 65441 65171
2 64968 64913
2 64683 64522
2 64115 63723
2 63615 63603
2 63439 63412
2 63372 62591
2 62198 62125
2 61888 61669
2 61643 61638
2 61548 61392
2 61276 60950
2 60123 59636
2 58666 57885
2 57773 57574
2 57492 57450
2 57412 57381
2 57282 56763
2 56563 56480
2 55841 55551
2 55323 55146
2 54967 54837
2 54642 54157
2 54084 53972
2 52523 52321
2 52143 51899
2 51495 51488
2 51264 51263
2 50947 50877
2 50234 49900
2 49741 49636
2 49553 49153
2 48319 48023
2 47978 47681
2 47659 47546
2 47528 47474
2 47390 47068
2 46922 46581
2 46061 46005
2 45940 45788
2 45501 45105
2 44880 44789
2 44786 44613
2 44598 44402
2 44320 44214
2 44147 43740
2 43608 43448
2 43275 43259
2 42956 42122
2 41916 41895
2 41823 41330
2 41289 41106
2 40993 40720
2 40609 40449
2 40447 40440
2 40054 39676
2 39659 39550
2 39527 39162
2 38954 38695
2 38629 38533
2 38230 38133
2 38117 38096
2 37979 37845
2 37726 37123
2 36819 36720
2 36395 36182
2 35916 35411
2 34686 33977
2 33901 33799
2 33708 33634
2 33194 32897
2 32788 32369
2 32354 31625
2 31519 31054
2 30922 30794
2 30741 30089
2 29879 29803
2 29731 29471
2 29133 29070
2 28906 28635
2 28485 28444
2 28188 28157
2 28101 28043
2 27930 27649
2 27601 27585
2 27447 26907
2 26653 26187
2 25897 25888
2 25821 24847
2 24628 24597
2 24407 24359
2 24222 23853
2 23826 23713
2 23480 23306
2 23235 23073
2 22419 22309
2 21125 21036
2 21028 20808
2 20722 20572
2 20230 19750
2 18878 18551
2 18544 18149
2 18075 18041
2 17918 17685
2 17643 17611
2 17451 17248
2 17066 16872
2 16405 15856
2 15751 15304
2 15178 15111
2 14862 14561
2 14531 14377
2 14322 13834
2 13666 13572
2 13288 13240
2 12474 12466
2 12308 12012
2 11969 11901
2 11574 11183
2 11166 11073
2 10826 10353
2 9912 9740
2 9403 9252
2 8985 8815
2 8590 8439
2 8357 8350
2 8233 8010
2 8008 7829
2 7828 7603
2 7325 7062
2 6832 6823
2 6815 6415
2 6395 6204
2 6151 5840
2 5730 5344
2 5299 5229
2 5156 4694
2 4446 4176
2 4033 3851
2 3446 3425
2 3342 3027
2 2778 2360
2 2273 1959
2 1292 1241
2 1134 1129
2 161 18
2 99658 99637
2 99381 99371
2 98760 98622
2 98478 97997
2 97978 97689
2 97594 97494
2 97324 97280
2 97264 97226
2 96689 96664
2 96495 96203
2 96007 95874
2 95670 95495
2 95225 95189
2 94954 94940
2 94917 94857
2 94787 94635
2 94553 94402
2 94210 94173
2 93636 93551
2 93494 93477
2 93466 93185
2 93167 92021
2 92018 91831
2 91795 91373
2 91299 91205
2 90954 90625
2 90624 90309
2 90292 90156
2 89927 89646
2 89345 89170
2 88813 88474
2 88363 87937
2 87605 87598
2 87587 87495
2 87409 87387
2 87334 87212
2 87125 87033
2 87001 86870
2 86802 86624
2 86552 86529
2 86469 86405
2 86325 86294
2 86184 86142
2 86107 86052
2 85861 85245
2 84903 84674
2 84667 84401
2 84246 84116
2 84079 84062
2 83840 83758
2 83276 83241
2 83088 82879
2 82805 82696
2 82355 82252
2 82138 81619
2 81574 81551
2 80908 80539
2 80494 80481
2 80346 80278
2 80065 80062
2 80017 79680
2 79489 79398
2 79312 79101
2 78913 78892
2 78809 78657
2 78596 78514
2 78448 78122
2 78070 78039
2 77917 77839
2 77807 77790
2 77698 77654
2 77518 77390
2 77299 76852
2 76767 76707
2 76596 76181
2 75798 74861
2 74679 74529
2 74257 74087
2 73855 73786
2 73703 73677
2 73612 73559
2 73516 73277
2 73178 73165
2 72898 72105
2 72081 72056
2 71986 71531
2 71409 71408
2 71095 71086
2 71071 70829
2 70290 70167
2 69408 69373
2 69280 69031
2 68913 68726
2 68583 68423
2 67801 67598
2 67581 67545
2 67103 66965
2 66891 66628
2 66544 66394
2 66312 66094
2 66011 65940
2 65877 65874
2 65754 65561
2 65334 64792
2 64754 64466
2 64455 64186
2 64065 64016
2 63989 63947
2 63929 63851
2 63790 63748
2 63134 62460
2 62316 62114
2 61848 61708
2 61596 61088
2 60979 60929
2 60907 60761
2 60613 60520
2 60381 60248
2 60151 60089
2 59920 59335
2 59207 59200
2 59149 58951
2 58920 58749
2 58719 58436
2 58131 58022
2 57925 57871
2 57689 57421
2 57321 57266
2 57257 57213
2 57060 57036
2 57008 56869
2 56861 56556
2 56463 56202
2 55563 55437
2 55312 54933
2 54847 54715
2 54508 54143
2 53318 53267
2 53053 52540
2 52475 52419
2 52394 51818
2 51771 51041
2 50835 50680
2 50531 50267
2 50253 50135
2 49732 49583
2 49292 49231
2 48891 48846
2 48789 48444
2 48212 48131
2 48094 48085
2 47989 47595
2 47396 47072
2 46909 46902
2 46592 46375
2 46369 46181
2 46058 45920
2 45861 45609
2 45424 45408
2 45393 44648
2 44462 44341
2 44189 43960
2 43907 43898
2 43881 43283
2 42977 42131
2 42013 41844
2 41740 41634
2 41582 41080
2 41076 41073
2 41028 40925
2 40889 40813
2 40578 40492
2 40120 40113
2 39985 39877
2 39823 39724
2 39439 39330
2 39089 38610
2 38530 38396
2 38201 38149
2 37803 37607
2 37575 37430
2 37202 36978
2 36435 36405
2 36252 36130
2 35999 35716
2 35506 35433
2 35379 34994
2 34873 34546
2 34515 33881
2 33727 33646
2 33204 33053
2 33021 32871
2 32842 32786
2 32770 32753
2 32739 32734
2 32731 32601
2 32291 32134
2 32131 31991
2 31791 31749
2 30975 30732
2 30723 30717
2 30695 30508
2 30501 30488
2 29557 29508
2 29209 28360
2 28339 28298
2 28238 28125
2 28123 27815
2 27630 27114
2 27003 26972
2 26960 26951
2 26815 26692
2 26077 26055
2 25159 24987
2 24860 24842
2 24836 24663
2 24626 24603
2 24506 24083
2 23791 23747
2 23610 23467
2 23454 23279
2 23124 23079
2 22535 22097
2 21947 21861
2 21472 21089
2 20678 19691
2 19550 19535
2 19530 19056
2 19043 18347
2 18341 18312
2 18087 18049
2 17888 17875
2 17846 17834
2 17435 17217
2 17162 16967
2 16538 16315
2 16191 16160
2 15950 15752
2 15659 15257
2 15189 15172
2 15152 14947
2 14906 14875
2 14797 14510
2 14444 14178
2 14152 14108
2 13943 13654
2 13597 13546
2 13207 13013
2 12976 12858
2 12801 12534
2 12379 12239
2 12018 11996
2 11629 11590
2 11583 10796
2 10636 10516
2 10458 10320
2 10256 9923
2 9868 9862
2 9750 9590
2 9548 9237
2 9129 9074
2 8896 8862
2 8704 8700
2 8136 7971
2 7900 7607
2 7465 7428
2 7296 7260
2 6841 6521
2 6196 6102
2 5903 5792
2 5726 5261
2 5243 5239
2 4991 4746
2 4728 4221
2 4125 3986
2 3748 3618
2 3573 3520
2 3272 3256
2 2873 2853
2 2651 2523
2 2474 2406
2 2335 2101
2 1957 1941
2 1926 1817
2 1535 1409
2 1204 1104
2 1059 1025
2 709 642
2 533 466
2 333 155
2 122 97
2 99846 99840
2 99721 99693
2 99662 99348
2 99159 99081
2 99071 99066
2 98854 98835
2 98806 98780
2 98507 98481
2 98331 98300
2 98285 98192
2 97990 97973
2 97886 97871
2 97867 97812
2 97590 97279
2 97096 96931
2 96708 96559
2 96408 96375
2 96358 96353
2 96341 96278
2 96211 96111
2 96091 96086
2 95719 95546
2 95302 95166
2 94746 94692
2 94683 94664
2 94615 94608
2 94571 94424
2 94359 93923
2 93597 93536
2 93521 93241
2 93127 92994
2 92960 92939
2 92873 92863
2 92862 92438
2 92426 92339
2 92240 91882
2 91782 91206
2 91088 91049
2 90735 90551
2 90384 90126
2 90042 90018
2 90002 89723
2 89458 89138
2 88927 88840
2 88756 88570
2 88514 88154
2 88045 88031
2 87977 87931
2 87821 87819
2 87038 86982
2 86897 86867
2 86854 86841
2 86787 86682
2 86642 86122
2 86058 85872
2 85575 85449
2 85198 85021
2 84905 84886
2 84601 84489
2 84351 84078
2 83895 83756
2 83676 83644
2 83422 83170
2 82869 82735
2 82703 82619
2 82488 82487
2 82476 82401
2 82360 82323
2 82284 81856
2 81637 81635
2 81561 81468
2 81410 81235
2 81205 80901
2 80870 80448
2 80442 80312
2 80267 80161
2 79815 79423
2 79342 79166
2 79158 78887
2 78880 78628
2 78602 78271
2 78258 78161
2 78047 77739
2 77652 77634
2 77419 77161
2 76917 76845
2 76754 76708
2 76617 76392
2 76231 76202
2 76136 76103
2 76078 75952
2 75911 75895
2 75491 75392
2 75220 74982
2 74784 74764
2 74169 73993
2 73954 73931
2 73881 73871
2 73689 73448
2 73363 73352
2 73343 73266
2 73226 73202
2 73156 73100
2 72901 72849
2 72574 72499
2 72359 72328
2 72050 72045
2 71999 71911
2 71847 71826
2 71794 71627
2 71532 71370
2 71337 71165
2 70833 70801
2 70486 70445
2 69802 69620
2 69153 68300
2 68269 68197
2 68180 67994
2 67897 67741
2 67723 67649
2 67608 67458
2 67381 67376
2 67309 67305
2 66512 66340
2 66290 66136
2 66084 65835
2 65745 65708
2 65670 65667
2 65660 64885
2 64864 64850
2 64841 64838
2 64817 64787
2 64725 64653
2 64620 64608
2 64533 64371
2 63986 63931
2 63918 63772
2 63590 63525
2 63359 63275
2 63108 63007
2 62950 62905
2 62783 62729
2 62712 62644
2 62612 62498
2 62284 61889
2 61871 61692
2 61671 61629
2 61504 61119
2 61054 60918
2 60751 60745
2 60729 60635
2 60570 60388
2 60305 60193
2 60134 60127
2 60103 60075
2 59972 59940
2 59922 59794
2 59774 59531
2 59507 58981
2 58846 58742
2 58722 58557
2 58440 58401
2 58397 58386
2 58287 58158
2 58147 58033
2 57838 57791
2 57477 57455
2 57428 57241
2 56981 56947
2 56850 56836
2 56706 56671
2 56454 56444
2 56134 56119
2 55847 55828
2 55557 55520
2 55407 55346
2 55316 55234
2 54961 54942
2 54919 54867
2 54604 54378
2 54346 54293
2 53813 53420
2 53266 53227
2 53108 52762
2 52668 52649
2 52510 52341
2 52300 52213
2 52198 51911
2 51838 51721
2 51571 51547
2 51485 51338
2 51151 51145
2 51071 50824
2 50787 50780
2 50445 50387
2 50006 49831
2 49814 49782
2 49771 49629
2 49404 49043
2 48847 48690
2 48532 48495
2 48331 48292
2 48223 48197
2 48150 48004
2 47982 47871
2 47685 47265
2 47061 47014
2 46753 46658
2 46610 46469
2 46194 46102
2 46031 46009
2 45971 45954
2 45336 45299
2 45284 45096
2 44976 44629
2 44550 44488
2 44355 44291
2 44058 43942
2 43919 43915
2 43876 43818
2 43783 43585
2 43546 43521
2 42839 42789
2 42682 42568
2 42492 42375
2 42350 42204
2 42091 41705
2 41511 41191
2 41128 40924
2 40917 40801
2 40772 40615
2 40574 40321
2 40246 40036
2 39967 39920
2 39802 39801
2 39748 39716
2 39445 39312
2 39284 39146
2 38963 38921
2 38150 38103
2 38093 38037
2 37902 37855
2 37789 37730
2 37718 37555
2 36749 36700
2 36632 36385
2 36332 36293
2 36257 36200
2 36048 36044
2 35892 35838
2 35627 35557
2 35425 35153
2 34991 34908
2 34874 34831
2 34768 34760
2 34722 34336
2 34196 34170
2 34120 33993
2 33967 33862
2 33809 33630
2 33329 33302
2 33251 32939
2 32880 32802
2 32619 32469
2 31921 31863
2 31855 31718
2 31710 31696
2 31574 31546
2 31409 31400
2 31249 31151
2 31108 31103
2 30735 30630
2 30626 30617
2 30495 30067
2 29809 29755
2 29733 29721
2 29628 29591
2 29578 29451
2 29408 29114
2 28907 28860
2 28452 28389
2 28182 28019
2 27861 27775
2 27387 27338
2 27270 27249
2 27213 27191
2 27162 27159
2 27142 26892
2 26566 26540
2 26536 26444
2 26408 26371
2 26185 25678
2 25648 25552
2 25529 25263
2 25205 25090
2 24810 24800
2 24529 24406
2 24339 24231
2 23919 23788
2 23699 23682
2 23372 23241
2 23205 23147
2 23002 22753
2 22605 22543
2 22279 22113
2 22089 21766
2 21068 21018
2 20959 20911
2 20832 20552
2 20509 20497
2 20434 20367
2 20301 20283
2 20277 20069
2 19883 19517
2 19457 19273
2 18985 18947
2 18920 18793
2 18562 18345
2 18151 18128
2 18068 17780
2 17708 17582
2 17529 17284
2 17146 17069
2 17041 16975
2 16743 16718
2 15931 15612
2 15496 15460
2 15378 15297
2 15059 15043
2 14938 14764
2 14557 14064
2 13859 13716
2 13683 13552
2 13469 13330
2 13259 13094
2 13036 12988
2 12775 12736
2 12645 12478
2 12305 12138
2 12010 11875
2 11787 11745
2 11713 11598
2 11275 11129
2 10983 10897
2 10834 10588
2 10558 10518
2 10478 10305
2 10174 10124
2 10009 9963
2 9712 9544
2 9491 9368
2 9083 9027
2 8915 8699
2 8674 8542
2 8375 8317
2 8237 8179
2 7890 7554
2 7478 7204
2 7138 6967
2 6957 6919
2 6716 6622
2 6549 6508
2 6377 6376
2 6365 6346
2 6262 6219
2 6198 6131
2 6120 5967
2 5606 5563
2 5549 5509
2 5276 5184
2 5119 5063
2 5051 4976
2 4933 4635
2 4511 4368
2 4295 4142
2 4098 4087
2 4043 4004
2 3954 3918
2 3909 3888
2 3794 3602
2 3478 3359
2 3242 2810
2 2732 2621
2 2520 2175
2 1932 1521
2 1497 1382
2 1257 1234
2 910 878
2 876 735
2 671 528
2 454 344
2 225 99995
2 99885 99875
2 99826 99696
2 99687 99663
2 99649 99620
2 99527 99400
2 99264 99125
2 99095 99088
2 98930 98808
2 98449 98034
2 97999 97776
2 97458 97352
2 97201 97174
2 97112 97024
2 96951 96923
2 96775 96737
2 96613 96517
2 96478 96333
2 96303 95737
2 95354 95340
2 95290 95241
2 95081 95076
2 94895 94822
2 94723 94660
2 94618 94477
2 94474 94464
2 94296 94290
2 93898 93714
2 93315 93120
2 93033 93015
2 92914 92861
2 92843 92795
2 92759 92679
2 92589 92383
2 92333 92283
2 91894 91891
2 91839 91815
2 91793 91667
2 91634 91511
2 91493 91282
2 91247 91095
2 90985 90887
2 90836 90826
2 90575 90574
2 90476 90430
2 90372 90365
2 90317 90294
2 90219 90198
2 90197 90177
2 90168 90136
2 89831 89811
2 89768 89740
2 89715 89488
2 89416 89219
2 89149 89147
2 89099 88995
2 88870 88705
2 88631 88619
2 88562 88519
2 88407 88392
2 88167 88052
2 87949 87852
2 87845 87791
2 87728 87700
2 87540 87148
2 87078 86969
2 86901 86877
2 86859 86855
2 86853 86711
2 86703 86522
2 86428 86183
2 86148 86139
2 86097 86079
2 85921 85881
2 85806 85804
2 85751 85745
2 85501 85482
2 85371 85331
2 85264 85113
2 84867 84861
2 84585 84376
2 84337 84270
2 84245 84113
2 84025 83939
2 83908 83899
2 83724 83656
2 83551 83360
2 83310 83160
2 83114 83045
2 83021 82794
2 82760 82708
2 82635 82567
2 82459 82436
2 82329 82327
2 82033 81776
2 81703 81686
2 81541 81392
2 81213 81183
2 80893 80885
2 80874 80319
2 80305 80233
2 80073 79965
2 79932 79872
2 79863 79601
2 79507 79457
2 79410 79395
2 79378 79326
2 79302 79286
2 79250 79071
2 78822 78767
2 78652 78604
2 78589 78328
2 78198 78116
2 78111 77998
2 77929 77660
2 77628 77547
2 77542 77499
2 77471 77406
2 77061 76930
2 76921 76870
2 76867 76805
2 76681 76611
2 76531 76514
2 76505 76504
2 76212 76149
2 76085 75931
2 75901 75890
2 75884 75842
2 75840 75835
2 75767 75724
2 75694 75652
2 75648 75321
2 75032 74883
2 74715 74691
2 74612 74554
2 74460 74367
2 74297 74264
2 74259 74232
2 74185 74072
2 73988 73934
2 73923 73893
2 73891 73804
2 73748 73695
2 73685 73682
2 73585 73489
2 73444 73440
2 73320 73244
2 73101 72959
2 72872 72838
2 72786 72721
2 72498 72440
2 72345 72228
2 72225 72209
2 72136 72087
2 72028 71881
2 71872 71795
2 71766 71689
2 71620 71552
2 71390 71361
2 71354 71298
2 71258 71215
2 71193 71020
2 70967 70962
2 70952 70779
2 70573 70519
2 70492 70303
2 70242 70177
2 70141 69967
2 69911 69858
2 69777 69759
2 69730 69691
2 69646 69256
2 69084 69026
2 69005 68883
2 68825 68821
2 68683 68652
2 68627 68464
2 68457 68101
2 67965 67807
2 67559 67543
2 67466 67298
2 67269 67051
2 66795 66676
2 66528 66471
2 66248 66240
2 65977 65631
2 65462 65339
2 65284 65273
2 65191 65186
2 65152 65046
2 65042 65003
2 64926 64925
2 64594 64582
2 64318 64296
2 64199 64153
2 64013 63950
2 63827 63671
2 63581 63554
2 63427 63350
2 63293 63268
2 63212 63205
2 63204 63203
2 63180 63063
2 63048 63005
2 62787 62781
2 62635 62338
2 61983 61874
2 61803 61762
2 61686 61531
2 61483 61264
2 61158 61151
2 61148 61125
2 61110 61095
2 60972 60962
2 60941 60923
2 60849 60837
2 60798 60629
2 60554 60547
2 60426 60277
2 60201 60163
2 60155 60108
2 60052 59737
2 59592 59444
2 59195 59137
2 59025 59010
2 58924 58914
2 58913 58713
2 58663 58661
2 58591 58554
2 58476 58464
2 58355 58215
2 58214 58213
2 58188 58057
2 58000 57794
2 57664 57652
2 57542 57400
2 57336 57293
2 57277 57121
2 57098 57057
2 56909 56903
2 56881 56860
2 56782 56482
2 56471 56179
2 56164 55875
2 55814 55813
2 55803 55673
2 55538 55303
2 55219 55168
2 55010 54977
2 54963 54742
2 54665 54467
2 54361 54115
2 54026 53810
2 53674 53457
2 53393 53116
2 53021 52901
2 52900 52835
2 52775 52723
2 52377 52362
2 52360 52332
2 52290 52139
2 52135 52107
2 51817 51716
2 51683 51573
2 51434 51430
2 51372 51141
2 50899 50875
2 50841 50817
2 50602 50599
2 50575 50294
2 50222 50153
2 50112 49972
2 49716 49686
2 49622 49576
2 49564 49410
2 49279 49277
2 49257 49164
2 49054 48762
2 48633 48534
2 48480 48383
2 48080 48068
2 48060 48057
2 47868 47712
2 47660 47529
2 47158 47105
2 47024 46975
2 46965 46944
2 46794 46786
2 46701 46555
2 46533 46447
2 46327 45916
2 45907 45899
2 45700 45679
2 45658 45522
2 45425 45243
2 45187 44891
2 44677 44507
2 44397 44396
2 44382 44362
2 44304 44303
2 44296 44278
2 44227 44223
2 44208 44186
2 44110 44096
2 43927 43806
2 43671 43612
2 43601 43532
2 43406 43400
2 43379 43322
2 43291 43096
2 43092 42964
2 42618 42587
2 42571 42502
2 42487 42306
2 42261 42081
2 42014 41990
2 41954 41656
2 41600 41598
2 41540 41519
2 41507 41493
2 41490 41429
2 41363 41314
2 41291 41226
2 41196 41165
2 41164 40985
2 40960 40950
2 40880 40873
2 40787 40753
2 40569 40565
2 40546 40545
2 40467 40413
2 40355 40308
2 40260 40255
2 40027 39903
2 39847 39560
2 38557 38528
2 38034 38032
2 37844 37748
2 37463 37408
2 37327 37255
2 37184 37151
2 37004 36966
2 36784 36748
2 36648 36473
2 36469 36433
2 36386 36379
2 36313 35853
2 35834 35828
2 35783 35726
2 35384 35345
2 35342 35132
2 35000 34927
2 34825 34738
2 34667 34393
2 34275 34043
2 33995 33687
2 33663 33635
2 33581 33552
2 33544 33353
2 33305 33299
2 33174 33103
2 33047 32794
2 32782 32744
2 32661 32571
2 32272 31885
2 31869 31801
2 31759 31750
2 31730 31639
2 31623 31521
2 31451 31445
2 31325 31323
2 31254 31244
2 31213 31134
2 31077 31069
2 30951 30941
2 30671 30660
2 30642 30598
2 30263 29951
2 29792 29592
2 29402 29305
2 29303 29104
2 29069 28870
2 28816 28655
2 28475 28470
2 28396 28365
2 28325 28286
2 28103 28088
2 28056 27927
2 27926 27819
2 27755 27748
2 27697 27675
2 27653 27487
2 27441 27434
2 27421 27406
2 27372 27188
2 27035 26964
2 26898 26663
2 26647 26520
2 26469 26431
2 26379 26346
2 26341 26320
2 26280 26222
2 26134 26103
2 26030 25850
2 25843 25809
2 25745 25577
2 25543 25521
2 25453 25437
2 25433 25389
2 25280 25141
2 25015 24855
2 24779 24770
2 24702 24692
2 24651 24608
2 24587 24509
2 24483 24334
2 24307 24242
2 24163 24141
2 24058 23967
2 23947 23764
2 23744 23740
2 23677 23670
2 23662 23145
2 23116 23114
2 22946 22882
2 22734 22729
2 22519 22516
2 22400 22290
2 22195 22141
2 22085 21880
2 21805 21773
2 21765 21369
2 21274 21202
2 21052 20984
2 20789 20724
2 20474 20316
2 20258 20161
2 20110 19989
2 19937 19935
2 19895 19681
2 19647 19573
2 19459 19394
2 19321 19187
2 19172 19044
2 18879 18821
2 18713 18587
2 18525 18371
2 18217 18096
2 17972 17938
2 17763 17744
2 17719 17494
2 17484 17409
2 17403 17347
2 17272 17244
2 17208 17111
2 17060 16992
2 16863 16835
2 16754 16751
2 16622 16578
2 16312 16142
2 15620 15591
2 15411 15339
2 15302 15247
2 15179 15158
2 15112 14962
2 14946 14936
2 14826 14706
2 14631 14627
2 14395 14301
2 14280 14275
2 14156 14113
2 14109 14065
2 13917 13821
2 13694 13637
2 13533 13341
2 13253 13249
2 13184 13124
2 13105 12629
2 12353 12323
2 12263 12221
2 11887 11872
2 11696 11684
2 11596 11518
2 11407 11107
2 11099 11045
2 11006 10630
2 10610 10607
2 10577 10557
2 10180 10063
2 9922 9844
2 9800 9752
2 9719 9665
2 9568 9473
2 9454 9103
2 9025 8989
2 8545 8446
2 8292 8080
2 8068 7923
2 7832 7308
2 7276 6955
2 6923 6717
2 6639 6447
2 6431 6394
2 6326 6247
2 6244 6163
2 6139 6134
2 5842 5806
2 5760 5738
2 5634 5507
2 5448 5401
2 5379 5359
2 5355 5090
2 5007 4979
2 4928 4739
2 4621 4273
2 4230 4110
2 4042 3972
2 3907 3891
2 3825 3767
2 3548 3437
2 3387 3379
2 3081 2927
2 2904 2817
2 2783 2756
2 2543 2530
2 2456 2403
2 2374 2336
2 2312 2266
2 2136 1970
2 1946 1940
2 1869 1867
2 1863 1793
2 1729 1481
2 1327 1306
2 1128 939
2 890 864
2 378 283
2 223 153
2 108 107
2 99946 99942
2 99934 99891
2 99788 99754
2 99554 99537
2 99373 99334
2 99182 99163
2 99150 98978
2 98918 98909
2 98879 98852
2 98849 98732
2 98708 98650
2 98502 98419
2 98417 98393
2 98337 98329
2 98299 98002
2 97946 97715
2 97708 97428
2 97408 97238
2 97193 97138
2 97119 97047
2 97035 97007
2 96973 96935
2 96822 96791
2 96740 96727
2 96634 96540
2 96406 96374
2 96133 96095
2 96084 95892
2 95884 95711
2 95477 95468
2 95460 95348
2 95253 95206
2 95205 95077
2 95039 95038
2 94892 94877
2 94852 94670
2 94520 94488
2 94423 94386
2 94334 94292
2 94263 94252
2 94082 94072
2 94050 94016
2 94014 93992
2 93869 93839
2 93823 93564
2 93533 93423
2 93331 93298
2 93293 93166
2 93136 93125
2 93059 92975
2 92803 92659
2 92557 92544
2 92529 92496
2 92451 92425
2 92332 92298
2 92267 91923
2 91786 91714
2 91701 91650
2 91523 91469
2 91413 91257
2 91159 90943
2 90896 90803
2 90788 90732
2 90726 90658
2 90569 90555
2 90530 90478
2 90418 90394
2 90304 90108
2 90106 90051
2 90010 89921
2 89910 89760
2 89712 89686
2 89612 89507
2 89483 89468
2 89450 89334
2 89320 89280
2 89244 89224
2 89162 89158
2 89093 89089
2 89022 88897
2 88808 88695
2 88646 88438
2 88379 88249
2 88199 88068
2 88012 88004
2 87910 87565
2 87544 87482
2 87258 87131
2 87086 87059
2 87039 87022
2 86923 86902
2 86895 86686
2 86511 86458
2 86382 86323
2 86321 86220
2 86016 85962
2 85954 85951
2 85926 85897
2 85798 85779
2 85778 85733
2 85664 85544
2 85454 85414
2 85399 85341
2 85131 85121
2 85090 85012
2 84927 84741
2 84706 84700
2 84416 84342
2 84329 84294
2 84226 84149
2 84108 84060
2 83966 83950
2 83890 83851
2 83849 83692
2 83683 83442
2 83414 83386
2 83244 83235
2 83068 83013
2 82946 82901
2 82895 82873
2 82855 82722
2 82709 82553
2 82528 82340
2 81907 81719
2 81672 81399
2 81387 81368
2 81282 80762
2 80740 80653
2 80554 80520
2 80380 80360
2 80280 80201
2 80165 80154
2 80097 80077
2 79795 79746
2 79714 79709
2 79699 79554
2 79500 79466
2 79451 79301
2 79276 79255
2 79245 79176
2 79051 79047
2 78972 78917
2 78915 78896
2 78669 78607
2 78573 78425
2 78421 78412
2 78016 78010
2 77970 77867
2 77860 77771
2 77770 77749
2 77740 77692
2 77545 77533
2 77520 77356
2 77332 77330
2 77328 77236
2 77230 77215
2 77207 77110
2 77020 76995
2 76924 76902
2 76816 76771
2 76700 76491
2 76366 76318
2 76254 76249
2 76127 76075
2 75880 75870
2 75458 75398
2 75289 75115
2 75081 75008
2 74971 74950
2 74810 74661
2 74433 74294
2 74198 74139
2 74075 74055
2 73930 73854
2 73829 73817
2 73611 73590
2 73565 73552
2 73546 73449
2 73321 73239
2 73119 73118
2 72990 72947
2 72923 72920
2 72864 72836
2 72751 72542
2 72524 72422
2 72398 72307
2 72284 72283
2 72274 72190
2 72127 72110
2 72048 71919
2 71901 71887
2 71858 71837
2 71737 71637
2 71506 71347
2 71288 71220
2 71163 71062
2 71054 70924
2 70818 70495
2 70433 70430
2 70310 70288
2 70157 70065
2 70036 69986
2 69976 69959
2 69919 69776
2 69594 69555
2 69494 69438
2 69248 69216
2 69184 69091
2 69029 68976
2 68974 68839
2 68723 68704
2 68657 68551
2 68526 68472
2 68405 68376
2 68247 68215
2 68208 68186
2 68161 68046
2 68013 68011
2 67995 67959
2 67932 67902
2 67829 67820
2 67810 67770
2 67653 67389
2 67335 67244
2 67013 66981
2 66940 66928
2 66833 66830
2 66812 66770
2 66653 66582
2 66398 66344
2 66306 66225
2 66174 66120
2 66053 65910
2 65698 65685
2 65643 65577
2 65554 65523
2 65503 65489
2 65450 65409
2 65313 65208
2 65106 65018
2 64948 64937
2 64851 64795
2 64750 64733
2 64569 64387
2 64348 64259
2 64155 64137
2 64068 63880
2 63788 63766
2 63593 63579
2 63318 63297
2 63264 63201
2 63158 63145
2 63101 63097
2 63017 62996
2 62941 62885
2 62879 62794
2 62485 62454
2 62331 62242
2 62217 62216
2 62190 62156
2 62106 61897
2 61749 61619
2 61564 61518
2 61501 61278
2 61170 61150
2 61127 61050
2 61002 60628
2 60581 60504
2 60268 60245
2 60180 60160
2 60158 60157
2 60097 60058
2 59788 59751
2 59731 59672
2 59500 59497
2 59377 59368
2 59323 59285
2 59244 59202
2 59093 59060
2 58943 58865
2 58750 58693
2 58647 58316
2 58180 58071
2 58021 57912
2 57845 57837
2 57831 57763
2 57669 57593
2 57515 57481
2 57418 57148
2 57131 57122
2 57020 56992
2 56795 56760
2 56714 56674
2 56522 56262
2 56243 56195
2 56189 55995
2 55958 55890
2 55836 55800
2 55764 55729
2 55680 55662
2 55651 55506
2 55502 55474
2 55345 55342
2 55260 55199
2 55028 54996
2 54818 54767
2 54711 54647
2 54607 54565
2 54452 54451
2 54405 54393
2 54358 54341
2 54227 54129
2 54074 54000
2 53900 53801
2 53728 53664
2 53639 53390
2 53385 53264
2 53230 53154
2 53056 52993
2 52871 52832
2 52485 52462
2 52438 52406
2 52383 52359
2 52358 52256
2 52241 52201
2 52092 51991
2 51975 51827
2 51798 51758
2 51742 51725
2 51635 51541
2 51493 51466
2 51125 51107
2 51101 51048
2 51024 51003
2 50989 50852
2 50736 50620
2 50607 50579
2 50568 50469
2 50355 50297
2 50035 49898
2 49860 49762
2 49744 49657
2 49613 49578
2 49507 49506
2 49368 49296
2 49240 49067
2 49044 49025
2 49009 48875
2 48850 48745
2 48688 48606
2 48589 48359
2 48306 48247
2 47917 47901
2 47819 47536
2 47472 47400
2 47351 47341
2 47321 47231
2 47104 47085
2 47081 46943
2 46906 46677
2 46602 46575
2 46538 46520
2 46376 46287
2 46255 46238
2 46099 46073
2 46006 45965
2 45964 45960
2 45915 45911
2 45901 45851
2 45821 45776
2 45729 45717
2 45688 45687
2 45670 45651
2 45632 45546
2 45366 45288
2 45226 45181
2 45164 45067
2 44906 44870
2 44791 44744
2 44735 44653
2 44644 44625
2 44522 44467
2 44381 44326
2 44246 44161
2 44033 44030
2 44010 43996
2 43911 43867
2 43653 43628
2 43606 43494
2 43481 43414
2 43308 43074
2 43068 42858
2 42731 42698
2 42566 42419
2 42395 42357
2 42201 42074
2 41952 41931
2 41918 41914
2 41897 41798
2 41739 41711
2 41456 40865
2 40809 40792
2 40594 40494
2 40460 40370
2 40357 40262
2 40235 40233
2 40154 40085
2 40076 40073
2 40035 40026
2 40002 39898
2 39857 39850
2 39703 39626
2 39517 39497
2 39489 39407
2 39405 39373
2 39346 39248
2 39116 38967
2 38952 38897
2 38821 38761
2 38760 38758
2 38686 38684
2 38671 38390
2 38377 38288
2 38281 38172
2 38106 38082
2 37854 37668
2 37566 37558
2 37527 37481
2 37474 37400
2 37352 37319
2 37281 37280
2 37273 37192
2 37118 37094
2 37089 37080
2 37022 36981
2 36975 36925
2 36879 36753
2 36692 36610
2 36590 36573
2 36566 36499
2 36489 36449
2 36347 36287
2 36225 36032
2 35845 35760
2 35672 35482
2 35468 35385
2 35363 35320
2 35066 34937
2 34926 34900
2 34777 34731
2 34690 34663
2 34425 34262
2 34183 34115
2 33929 33843
2 33817 33578
2 33561 33387
2 33344 33333
2 33264 33192
2 33151 33070
2 33030 32962
2 32957 32837
2 32826 32811
2 32737 32663
2 32589 32503
2 32460 32287
2 32061 32021
2 31606 31542
2 31200 31140
2 31138 31125
2 30988 30980
2 30967 30824
2 30483 30321
2 30154 30032
2 29948 29847
2 29819 29745
2 29723 29695
2 29686 29658
2 29530 29321
2 29153 29038
2 29020 29010
2 28973 28895
2 28633 28559
2 28530 28483
2 28453 28399
2 28395 28393
2 28364 28234
2 28126 27909
2 27716 27586
2 27573 27493
2 27484 27357
2 27271 27266
2 27230 27214
2 27092 27082
2 27074 27056
2 27033 26843
2 26793 26792
2 26753 26748
2 26699 26646
2 26636 26511
2 26442 26438
2 26263 26041
2 25957 25937
2 25906 25787
2 25721 25650
2 25621 25609
2 25585 25511
2 25490 25380
2 25359 25238
2 25235 25194
2 25155 25136
2 25109 25074
2 24897 24895
2 24783 24711
2 24699 24640
2 24636 24452
2 24402 24391
2 24377 24324
2 24121 23950
2 23903 23851
2 23850 23836
2 23674 23621
2 23484 23465
2 23377 23288
2 23177 23087
2 22987 22973
2 22956 22906
2 22891 22799
2 22591 22552
2 22510 22503
2 22408 22399
2 22250 22147
2 22106 22017
2 21869 21851
2 21636 21586
2 21506 21405
2 21384 21258
2 21222 21185
2 21083 20860
2 20542 20478
2 20446 20404
2 20297 20295
2 20286 20217
2 20195 20037
2 19928 19861
2 19824 19718
2 19630 19628
2 19581 19543
2 19489 19412
2 19277 19161
2 19058 19019
2 18869 18845
2 18843 18760
2 18715 18670
2 18650 18477
2 18282 18043
2 18027 17933
2 17832 17783
2 17689 17608
2 17562 17548
2 17538 17513
2 17507 17498
2 17437 17390
2 17227 17218
2 17033 17020
2 16990 16956
2 16915 16902
2 16890 16789
2 16682 16654
2 16626 16410
2 16368 16232
2 16220 16158
2 16040 16036
2 15979 15871
2 15767 15709
2 15646 15543
2 15540 15531
2 15528 15435
2 15395 15392
2 15268 15226
2 15183 15114
2 15093 15067
2 15016 14859
2 14833 14829
2 14773 14769
2 14670 14658
2 14636 14609
2 14552 14529
2 14473 14388
2 14307 14237
2 14192 14080
2 14008 13988
2 13869 13768
2 13587 13571
2 13558 13517
2 13418 13403
2 13391 13380
2 13228 13173
2 13170 13052
2 12956 12905
2 12756 12721
2 12663 12652
2 12563 12560
2 12490 12427
2 12302 12293
2 12279 12255
2 12250 12246
2 12220 12142
2 12094 12083
2 12009 11860
2 11848 11565
2 11431 11350
2 11247 11175
2 11154 11070
2 11002 10761
2 10652 10649
2 10622 10589
2 10567 10498
2 10439 10149
2 10100 10065
2 9937 9931
2 9715 9631
2 9579 9576
2 9545 9434
2 9405 9284
2 9177 8909
2 8898 8835
2 8724 8515
2 8382 8372
2 8305 8244
2 8135 8040
2 8006 7915
2 7891 7725
2 7721 7556
2 7551 7547
2 7528 7335
2 7328 7258
2 7230 7170
2 7150 7125
2 6929 6914
2 6902 6843
2 6756 6628
2 6356 6345
2 6241 6165
2 6137 6001
2 5971 5888
2 5879 5652
2 5621 5473
2 5460 5445
2 5388 5311
2 5240 5129
2 5088 5087
2 5033 4972
2 4941 4908
2 4801 4763
2 4717 4683
2 4616 4582
2 4553 4538
2 4472 4467
2 4304 4279
2 4067 4039
2 3822 3782
2 3768 3738
2 3557 3411
2 3331 3303
2 3234 3075
2 2942 2885
2 2561 2515
2 2455 2416
2 2391 2357
2 2211 2189
2 2186 2036
2 1939 1894
2 1830 1813
2 1666 1431
2 1333 1322
2 1238 1232
2 1229 1131
2 1086 1057
2 1007 960
2 902 831
2 655 506
2 505 415
2 397 381
2 273 272
2 257 115
2 31 99894
2 99869 99855
2 99777 99776
2 99674 99646
2 99631 99613
2 99503 99324
2 99299 99263
2 99222 99214
2 99202 99148
2 99144 99131
2 98984 98965
2 98963 98927
2 98758 98754
2 98739 98692
2 98637 98609
2 98570 98568
2 98459 98275
2 98266 98219
2 98092 98085
2 98079 98024
2 97988 97953
2 97859 97663
2 97612 97582
2 97526 97513
2 97468 97444
2 97438 97424
2 97359 97336
2 97332 97244
2 97213 97182
2 97141 97132
2 97063 97052
2 96972 96970
2 96858 96799
2 96730 96632
2 96585 96542
2 96530 96520
2 96437 96414
2 96388 96387
2 96367 96328
2 96157 96081
2 96056 96022
2 96006 95948
2 95857 95690
2 95688 95657
2 95656 95621
2 95594 95504
2 95462 95385
2 95384 95250
2 95223 95220
2 95085 95008
2 94875 94777
2 94698 94661
2 94656 94602
2 94566 94547
2 94502 94431
2 94356 94327
2 94203 94158
2 94113 94059
2 94045 94031
2 93890 93827
2 93782 93769
2 93733 93693
2 93689 93653
2 93617 93495
2 93442 93373
2 93359 93192
2 93131 93109
2 93034 93010
2 92961 92920
2 92753 92735
2 92691 92687
2 92612 92611
2 92592 92517
2 92445 92422
2 92360 92205
2 92060 91980
2 91925 91757
2 91738 91705
2 91696 91689
2 91686 91628
2 91578 91565
2 91508 91434
2 91368 91343
2 91314 91262
2 91227 91184
2 91155 91128
2 91058 91019
2 91003 90997
2 90971 90818
2 90740 90736
2 90634 90612
2 90526 90387
2 90351 90338
2 90329 90321
2 90311 90159
2 90109 90102
2 89940 89896
2 89848 89824
2 89669 89463
2 89175 89119
2 88944 88821
2 88794 88790
2 88787 88716
2 88525 88483
2 88482 88463
2 88445 88386
2 88384 88293
2 88268 88214
2 88194 88185
2 88169 88161
2 88146 88110
2 88055 87922
2 87904 87799
2 87766 87668
2 87608 87457
2 87413 87411
2 87386 87245
2 87216 87053
2 87041 86954
2 86940 86908
2 86858 86832
2 86803 86737
2 86696 86627
2 86508 86472
2 86438 86399
2 86394 86346
2 86345 86269
2 86259 86241
2 86152 86125
2 86037 86007
2 85982 85911
2 85753 85569
2 85498 85494
2 85489 85460
2 85459 85448
2 85434 85333
2 85312 85274
2 85250 85161
2 85024 85009
2 84959 84952
2 84950 84918
2 84897 84882
2 84835 84702
2 84687 84653
2 84572 84550
2 84442 84438
2 84417 84369
2 84328 84316
2 84308 84234
2 84170 84161
2 84072 84055
2 83991 83972
2 83891 83853
2 83779 83634
2 83604 83562
2 83549 83511
2 83480 83407
2 83271 83238
2 83197 83171
2 83097 83060
2 83027 82989
2 82979 82944
2 82850 82844
2 82719 82706
2 82702 82666
2 82643 82514
2 82447 82289
2 82211 82119
2 82058 81951
2 81884 81838
2 81810 81748
2 81726 81715
2 81693 81478
2 81356 81179
2 81140 81114
2 81110 81075
2 81008 80968
2 80945 80884
2 80864 80838
2 80661 80651
2 80477 80358
2 80339 80223
2 79972 79964
2 79958 79938
2 79886 79776
2 79772 79697
2 79493 79472
2 79468 79415
2 79246 79225
2 79205 79186
2 79185 79057
2 79037 79007
2 78914 78865
2 78698 78640
2 78595 78540
2 78526 78458
2 78437 78414
2 78365 78356
2 78225 78216
2 78214 78145
2 77982 77979
2 77963 77891
2 77844 77751
2 77745 77737
2 77684 77670
2 77585 77570
2 77501 77433
2 77405 77360
2 77322 77301
2 77263 77252
2 77237 77177
2 77043 76927
2 76829 76758
2 76648 76645
2 76634 76613
2 76602 76540
2 76411 76404
2 76332 76292
2 76237 76236
2 76171 76122
2 76117 76102
2 76061 76056
2 76001 75972
2 75934 75899
2 75869 75848
2 75839 75831
2 75802 75728
2 75651 75603
2 75592 75543
2 75464 75441
2 75396 75277
2 75215 75205
2 75172 75125
2 75118 75067
2 75033 74943
2 74893 74840
2 74697 74377
2 74354 74284
2 74245 74190
2 73985 73955
2 73700 73676
2 73484 73409
2 73245 73180
2 73098 73058
2 72969 72963
2 72940 72912
2 72884 72842
2 72745 72743
2 72708 72672
2 72655 72582
2 72570 72526
2 72412 72362
2 72330 72285
2 72239 72224
2 72166 72039
2 72006 72005
2 71967 71966
2 71842 71812
2 71797 71704
2 71697 71635
2 71574 71525
2 71504 71462
2 71443 71435
2 71376 71344
2 71307 71301
2 71292 71257
2 71191 71056
2 71034 71030
2 71029 70987
2 70981 70960
2 70926 70868
2 70835 70788
2 70601 70594
2 70553 70453
2 70398 70381
2 70336 70297
2 70281 70271
2 70205 70164
2 70126 70114
2 70015 70003
2 69985 69762
2 69761 69711
2 69601 69563
2 69454 69453
2 69426 69422
2 69377 69369
2 69266 69231
2 68953 68871
2 68838 68814
2 68653 68646
2 68544 68541
2 68530 68493
2 68469 68436
2 68402 68350
2 68339 68278
2 68128 68106
2 68094 68071
2 68055 67976
2 67957 67892
2 67865 67798
2 67694 67684
2 67682 67621
2 67486 67318
2 67239 67082
2 66867 66847
2 66823 66819
2 66627 66578
2 66405 66393
2 66349 66333
2 66324 66268
2 66168 66122
2 66040 66026
2 66017 65891
2 65857 65809
2 65765 65709
2 65648 65615
2 65611 65437
2 65413 65398
2 65270 65230
2 65156 65105
2 65037 64930
2 64789 64784
2 64746 64585
2 64581 64514
2 64496 64490
2 64344 64322
2 64182 64104
2 63911 63789
2 63626 63604
2 63400 63253
2 63238 63200
2 63172 63144
2 63142 63086
2 63078 63053
2 63046 62974
2 62969 62968
2 62841 62745
2 62551 62495
2 62451 62444
2 62263 62261
2 62196 62107
2 62077 62009
2 61861 61850
2 61816 61779
2 61712 61691
2 61572 61490
2 61456 61444
2 61357 61320
2 61280 61117
2 61113 61098
2 61083 61069
2 60995 60953
2 60940 60921
2 60851 60786
2 60739 60717
2 60669 60660
2 60631 60594
2 60531 60522
2 60515 60480
2 60467 60462
2 60449 60416
2 60409 60345
2 60211 60206
2 60138 60119
2 60116 60078
2 59977 59900
2 59815 59675
2 59660 59648
2 59410 59315
2 59314 59241
2 59139 59071
2 59005 58903
2 58878 58871
2 58850 58845
2 58843 58839
2 58836 58791
2 58730 58705
2 58704 58677
2 58656 58583
2 58566 58562
2 58561 58555
2 58516 58456
2 58378 58268
2 58232 58148
2 58106 58070
2 57898 57862
2 57826 57729
2 57700 57658
2 57640 57629
2 57624 57603
2 57561 57546
2 57541 57526
2 57483 57425
2 57407 57353
2 57339 57259
2 57212 57169
2 57128 57078
2 56821 56765
2 56745 56680
2 56582 56576
2 56550 56524
2 56503 56494
2 56381 56376
2 56344 56282
2 56264 56244
2 56240 56193
2 56126 56107
2 56106 56012
2 55816 55754
2 55666 55653
2 55633 55615
2 55598 55446
2 55429 55399
2 55367 55363
2 55358 55324
2 55298 55226
2 55096 55060
2 55015 54925
2 54890 54830
2 54720 54685
2 54649 54600
2 54579 54550
2 54444 54391
2 54362 54339
2 54337 54309
2 54215 54127
2 53989 53976
2 53975 53877
2 53844 53749
2 53742 53738
2 53656 53626
2 53532 53485
2 53469 53321
2 53206 53166
2 53071 53016
2 52867 52768
2 52763 52556
2 52501 52426
2 52422 52405
2 52365 52313
2 52309 52304
2 52217 51960
2 51955 51948
2 51945 51842
2 51815 51790
2 51789 51764
2 51751 51645
2 51626 51559
2 51557 51539
2 51527 51497
2 51479 51412
2 51365 51319
2 51216 51110
2 51084 50973
2 50895 50774
2 50742 50690
2 50678 50634
2 50608 50530
2 50447 50398
2 50349 50329
2 50300 50298
2 50261 50246
2 50175 50168
2 50151 50120
2 49913 49872
2 49753 49736
2 49573 49449
2 49432 49426
2 49423 49392
2 49327 49001
2 48960 48791
2 48770 48750
2 48683 48646
2 48612 48592
2 48581 48573
2 48544 48503
2 48403 48342
2 48318 48270
2 48265 48255
2 48236 48233
2 48231 48187
2 48141 48040
2 47979 47969
2 47960 47812
2 47776 47771
2 47762 47734
2 47721 47675
2 47636 47458
2 47391 47387
2 47373 47359
2 47300 47222
2 47209 47189
2 47110 47039
2 47006 46910
2 46885 46863
2 46802 46703
2 46596 46570
2 46561 46559
2 46554 46544
2 46534 46312
2 46240 46092
2 46025 46024
2 46007 45963
2 45931 45927
2 45890 45841
2 45835 45834
2 45824 45524
2 45507 45472
2 45422 45420
2 45376 45279
2 45232 45168
2 45103 45050
2 44986 44960
2 44872 44858
2 44748 44736
2 44666 44641
2 44583 44574
2 44518 44465
2 44447 44439
2 44428 44249
2 44241 44165
2 44150 44144
2 44109 44101
2 44100 44094
2 43962 43834
2 43823 43800
2 43736 43682
2 43660 43562
2 43539 43535
2 43417 43410
2 43387 43368
2 43364 43342
2 43330 43327
2 43302 43251
2 43161 43142
2 43103 43025
2 42950 42931
2 42861 42840
2 42830 42786
2 42755 42739
2 42738 42712
2 42697 42650
2 42646 42634
2 42616 42517
2 42506 42448
2 42443 42330
2 42321 42307
2 42264 42239
2 42193 42178
2 42141 42001
2 41997 41994
2 41975 41876
2 41845 41779
2 41772 41681
2 41603 41572
2 41561 41486
2 41403 41373
2 41352 41302
2 41132 40996
2 40974 40971
2 40934 40821
2 40807 40674
2 40490 40396
2 40364 40332
2 40297 40201
2 40093 40049
2 40022 39988
2 39904 39820
2 39814 39698
2 39541 39478
2 39160 39076
2 39064 39018
2 38960 38920
2 38888 38811
2 38796 38783
2 38779 38572
2 38447 38436
2 38404 38388
2 38379 38323
2 38266 38187
2 38155 38107
2 38084 38055
2 37982 37790
2 37781 37724
2 37714 37678
2 37636 37616
2 37599 37536
2 37509 37499
2 37498 37490
2 37473 37424
2 37342 37324
2 37206 37170
2 37031 36947
2 36943 36907
2 36903 36872
2 36845 36695
2 36544 36543
2 36542 36479
2 36399 36398
2 36262 36245
2 36183 36160
2 36115 36111
2 36093 36066
2 36016 35980
2 35950 35870
2 35740 35653
2 35544 35467
2 35398 35394
2 35315 35228
2 35224 35170
2 35168 35159
2 35117 35084
2 34950 34894
2 34814 34750
2 34684 34676
2 34570 34421
2 34323 34318
2 34269 34227
2 34158 34156
2 34013 33871
2 33856 33792
2 33791 33749
2 33724 33722
2 33588 33554
2 33512 33492
2 33403 33289
2 33239 33175
2 33122 33079
2 33052 32983
2 32954 32867
2 32714 32693
2 32495 32486
2 32443 32358
2 32203 32167
2 32111 31839
2 31819 31644
2 31628 31562
2 31560 31551
2 31543 31517
2 31498 31394
2 31312 31282
2 31267 31260
2 31205 31202
2 31169 31155
2 31149 31068
2 30919 30880
2 30870 30860
2 30804 30802
2 30771 30663
2 30584 30543
2 30353 30343
2 30329 30247
2 30227 30147
2 29958 29947
2 29933 29800
2 29779 29768
2 29711 29637
2 29617 29574
2 29572 29532
2 29447 29340
2 29285 29255
2 29169 29095
2 29057 28980
2 28941 28847
2 28738 28687
2 28641 28553
2 28523 28488
2 28451 28449
2 28429 28373
2 28371 28331
2 28326 28300
2 28288 28260
2 28255 28215
2 28165 28146
2 28129 28052
2 28042 28009
2 27893 27872
2 27862 27844
2 27827 27746
2 27687 27636
2 27482 27457
2 27234 27147
2 27120 27115
2 27081 27078
2 27026 26839
2 26837 26833
2 26769 26534
2 26526 26499
2 26401 26377
2 26316 26314
2 26269 26160
2 25980 25911
2 25900 25879
2 25803 25723
2 25700 25647
2 25630 25570
2 25547 25496
2 25483 25474
2 25470 25462
2 25456 25452
2 25438 25412
2 25350 25319
2 25260 25256
2 25127 25004
2 24999 24996
2 24975 24948
2 24920 24767
2 24638 24629
2 24590 24553
2 24495 24488
2 24437 24409
2 24300 24280
2 24164 24139
2 24093 24080
2 23908 23778
2 23742 23728
2 23636 23558
2 23396 23395
2 23386 23365
2 23317 23232
2 23185 23157
2 23152 23055
2 23011 23007
2 22925 22924
2 22755 22704
2 22690 22676
2 22631 22534
2 22530 22390
2 22370 22333
2 22306 22277
2 22248 22197
2 22186 22071
2 22064 22055
2 22007 21953
2 21775 21723
2 21698 21638
2 21619 21616
2 21593 21556
2 21502 21482
2 21420 21297
2 21187 21101
2 20952 20762
2 20713 20669
2 20622 20557
2 20471 20456
2 20416 20312
2 20222 20008
2 19986 19963
2 19960 19947
2 19894 19755
2 19677 19648
2 19625 19619
2 19589 19585
2 19569 19553
2 19473 19441
2 19375 19304
2 19284 19260
2 19148 19140
2 19125 19053
2 19010 18991
2 18942 18831
2 18790 18767
2 18732 18467
2 18446 18402
2 18338 18314
2 18255 18169
2 18153 18140
2 18058 18011
2 17911 17814
2 17707 17705
2 17702 17684
2 17675 17659
2 17644 17627
2 17609 17546
2 17410 17351
2 17311 17178
2 17159 17153
2 17082 17077
2 17062 17056
2 17009 16993
2 16908 16882
2 16861 16762
2 16715 16550
2 16522 16462
2 16459 16281
2 16125 16087
2 16077 16067
2 16051 15982
2 15970 15891
2 15821 15761
2 15741 15706
2 15686 15539
2 15512 15340
2 15262 15221
2 15148 15125
2 15095 15055
2 14982 14941
2 14913 14911
2 14719 14707
2 14666 14433
2 14400 14358
2 14288 14022
2 13985 13945
2 13923 13919
2 13913 13889
2 13816 13792
2 13527 13499
2 13496 13488
2 13460 13425
2 13424 13390
2 13272 13258
2 13255 13218
2 13176 13102
2 13072 13040
2 12922 12904
2 12890 12882
2 12849 12759
2 12757 12704
2 12698 12691
2 12600 12569
2 12501 12447
2 12426 12418
2 12296 12232
2 12109 12051
2 12044 11897
2 11862 11858
2 11854 11834
2 11711 11633
2 11616 11586
2 11492 11475
2 11465 11383
2 11330 11304
2 11118 11098
2 10951 10929
2 10892 10866
2 10736 10730
2 10586 10440
2 10386 10342
2 10338 10322
2 10315 10283
2 10207 10175
2 10169 10159
2 10090 9956
2 9865 9818
2 9812 9714
2 9700 9699
2 9682 9566
2 9481 9326
2 9266 9233
2 9230 9101
2 9058 8983
2 8973 8880
2 8793 8607
2 8577 8517
2 8486 8480
2 8442 8429
2 8378 8356
2 8301 8266
2 8194 8174
2 8077 7920
2 7795 7752
2 7703 7642
2 7633 7614
2 7579 7575
2 7540 7461
2 7420 7415
2 7361 7338
2 7298 7208
2 7122 7072
2 7042 6970
2 6822 6818
2 6761 6723
2 6722 6701
2 6683 6511
2 6495 6418
2 6348 6319
2 6303 6270
2 6235 6199
2 6048 6043
2 6018 5957
2 5945 5894
2 5883 5882
2 5761 5750
2 5739 5700
2 5677 5651
2 5609 5502
2 5487 5482
2 5365 5363
2 5233 5179
2 5058 4918
2 4774 4751
2 4562 4461
2 4433 4380
2 4351 4322
2 4306 4162
2 4161 4107
2 3990 3980
2 3960 3942
2 3894 3858
2 3804 3698
2 3668 3629
2 3492 3490
2 3460 3374
2 3321 3262
2 3251 3245
2 3218 3156
2 3133 2878
2 2839 2800
2 2761 2743
2 2711 2688
2 2601 2557
2 2531 2476
2 2413 2356
2 2245 2203
2 2178 2143
2 2135 2120
2 2017 2014
2 1917 1859
2 1849 1788
2 1780 1765
2 1750 1650
2 1635 1634
2 1597 1581
2 1471 1206
2 1170 1111
2 1087 1052
2 1046 1039
2 996 931
2 921 881
2 782 740
2 691 672
2 668 483
2 444 355
2 254 184
2 140 111
2 93 65
2 43 99999
2 99998 99996
2 99988 99987
2 99975 99970
2 99969 99967
2 99962 99951
2 99947 99935
2 99931 99928
2 99927 99922
2 99915 99913
2 99906 99905
2 99904 99901
2 99895 99893
2 99892 99888
2 99876 99873
2 99872 99861
2 99859 99852
2 99851 99850
2 99837 99835
2 99829 99827
2 99819 99814
2 99812 99806
2 99804 99803
2 99799 99797
2 99796 99785
2 99782 99768
2 99767 99762
2 99760 99758
2 99757 99751
2 99741 99740
2 99738 99728
2 99726 99723
2 99716 99714
2 99712 99711
2 99710 99706
2 99703 99697
2 99691 99689
2 99688 99685
2 99680 99679
2 99668 99661
2 99660 99659
2 99654 99651
2 99647 99641
2 99635 99633
2 99616 99614
2 99612 99609
2 99608 99603
2 99601 99597
2 99594 99593
2 99585 99583
2 99576 99573
2 99572 99570
2 99564 99563
2 99561 99552
2 99548 99546
2 99543 99535
2 99534 99522
2 99521 99520
2 99512 99508
2 99507 99499
2 99497 99493
2 99490 99486
2 99483 99475
2 99473 99471
2 99469 99465
2 99464 99462
2 99454 99448
2 99447 99443
2 99434 99427
2 99424 99423
2 99419 99418
2 99411 99407
2 99405 99404
2 99398 99390
2 99383 99382
2 99376 99374
2 99370 99368
2 99365 99355
2 99354 99353
2 99350 99344
2 99340 99335
2 99327 99325
2 99319 99307
2 99298 99295
2 99294 99287
2 99277 99272
2 99269 99266
2 99262 99259
2 99249 99244
2 99241 99237
2 99233 99229
2 99226 99213
2 99212 99205
2 99199 99193
2 99191 99189
2 99188 99187
2 99181 99168
2 99165 99162
2 99161 99158
2 99156 99151
2 99149 99139
2 99138 99133
2 99127 99123
2 99116 99113
2 99112 99104
2 99100 99091
2 99090 99084
2 99076 99054
2 99046 99034
2 99032 99030
2 99029 99025
2 99020 99019
2 99018 99011
2 99004 99003
2 99001 98999
2 98994 98986
2 98983 98976
2 98961 98957
2 98952 98948
2 98943 98939
2 98938 98933
2 98932 98926
2 98925 98924
2 98923 98922
2 98921 98920
2 98914 98913
2 98910 98908
2 98905 98899
2 98895 98891
2 98889 98887
2 98884 98883
2 98878 98875
2 98872 98860
2 98855 98853
2 98844 98841
2 98839 98833
2 98821 98817
2 98811 98807
2 98805 98801
2 98794 98793
2 98787 98783
2 98782 98777
2 98770 98769
2 98768 98767
2 98763 98762
2 98759 98756
2 98748 98746
2 98743 98740
2 98725 98721
2 98712 98707
2 98705 98704
2 98702 98698
2 98689 98685
2 98684 98678
2 98674 98673
2 98670 98664
2 98663 98662
2 98661 98658
2 98652 98648
2 98645 98644
2 98632 98627
2 98619 98616
2 98612 98611
2 98608 98600
2 98598 98593
2 98588 98587
2 98578 98576
2 98566 98563
2 98562 98560
2 98559 98558
2 98556 98542
2 98539 98536
2 98535 98533
2 98528 98524
2 98520 98506
2 98505 98499
2 98497 98493
2 98488 98485
2 98473 98466
2 98462 98460
2 98457 98455
2 98454 98452
2 98440 98428
2 98425 98422
2 98418 98410
2 98404 98399
2 98398 98395
2 98392 98382
2 98380 98372
2 98369 98368
2 98367 98365
2 98362 98360
2 98357 98356
2 98355 98333
2 98330 98327
2 98326 98323
2 98320 98317
2 98310 98295
2 98293 98288
2 98279 98273
2 98269 98268
2 98267 98265
2 98264 98262
2 98260 98255
2 98254 98233
2 98231 98226
2 98225 98224
2 98222 98206
2 98197 98193
2 98191 98187
2 98184 98179
2 98173 98166
2 98163 98159
2 98151 98150
2 98141 98135
2 98127 98126
2 98120 98114
2 98111 98109
2 98108 98106
2 98104 98100
2 98099 98097
2 98093 98090
2 98086 98084
2 98075 98074
2 98069 98057
2 98053 98052
2 98051 98045
2 98036 98028
2 98027 98023
2 98021 98020
2 98019 98016
2 98010 98009
2 98007 98005
2 97995 97992
2 97991 97986
2 97981 97977
2 97975 97974
2 97972 97968
2 97967 97961
2 97959 97945
2 97943 97935
2 97927 97920
2 97919 97917
2 97908 97903
2 97897 97896
2 97894 97891
2 97882 97879
2 97878 97872
2 97862 97852
2 97842 97840
2 97834 97833
2 97832 97828
2 97824 97823
2 97818 97813
2 97811 97805
2 97804 97800
2 97799 97798
2 97797 97791
2 97783 97781
2 97777 97772
2 97769 97768
2 97767 97760
2 97759 97758
2 97757 97755
2 97754 97753
2 97751 97746
2 97738 97736
2 97730 97726
2 97725 97720
2 97714 97712
2 97710 97701
2 97700 97697
2 97686 97683
2 97682 97679
2 97678 97673
2 97670 97668
2 97664 97662
2 97659 97655
2 97651 97646
2 97640 97636
2 97635 97633
2 97630 97629
2 97627 97626
2 97625 97624
2 97623 97620
2 97614 97610
2 97607 97602
2 97599 97598
2 97596 97591
2 97589 97584
2 97580 97579
2 97578 97576
2 97573 97570
2 97560 97553
2 97551 97545
2 97544 97541
2 97538 97532
2 97531 97525
2 97522 97517
2 97516 97514
2 97504 97503
2 97491 97490
2 97488 97487
2 97480 97477
2 97476 97469
2 97467 97464
2 97463 97461
2 97457 97453
2 97452 97451
2 97448 97446
2 97433 97431
2 97430 97426
2 97422 97421
2 97414 97402
2 97401 97400
2 97398 97397
2 97391 97387
2 97382 97378
2 97377 97375
2 97374 97371
2 97365 97362
2 97357 97353
2 97349 97348
2 97345 97342
2 97340 97327
2 97325 97323
2 97320 97316
2 97310 97309
2 97304 97302
2 97299 97298
2 97296 97295
2 97294 97291
2 97290 97283
2 97277 97273
2 97269 97267
2 97262 97258
2 97257 97252
2 97248 97247
2 97246 97236
2 97233 97229
2 97228 97227
2 97224 97222
2 97218 97214
2 97210 97208
2 97206 97203
2 97202 97199
2 97197 97195
2 97190 97178
2 97177 97172
2 97163 97160
2 97158 97155
2 97154 97153
2 97147 97143
2 97139 97133
2 97127 97126
2 97117 97113
2 97111 97109
2 97104 97093
2 97081 97077
2 97072 97067
2 97066 97059
2 97056 97054
2 97053 97046
2 97045 97039
2 97034 97031
2 97027 97025
2 97014 97012
2 97010 97009
2 97006 97001
2 97000 96999
2 96996 96991
2 96990 96986
2 96982 96981
2 96977 96974
2 96971 96968
2 96964 96962
2 96952 96949
2 96948 96945
2 96939 96932
2 96926 96920
2 96915 96908
2 96906 96901
2 96897 96896
2 96894 96892
2 96891 96880
2 96873 96872
2 96870 96869
2 96859 96855
2 96853 96852
2 96851 96848
2 96847 96846
2 96845 96844
2 96837 96836
2 96832 96830
2 96829 96824
2 96820 96815
2 96811 96808
2 96804 96803
2 96800 96796
2 96789 96787
2 96784 96779
2 96774 96768
2 96767 96766
2 96764 96759
2 96751 96750
2 96747 96746
2 96745 96742
2 96741 96739
2 96733 96731
2 96724 96723
2 96710 96705
2 96703 96702
2 96701 96698
2 96697 96695
2 96694 96684
2 96680 96672
2 96670 96665
2 96652 96650
2 96645 96644
2 96638 96636
2 96635 96630
2 96620 96617
2 96612 96611
2 96610 96609
2 96608 96597
2 96596 96589
2 96587 96582
2 96581 96578
2 96573 96567
2 96563 96561
2 96560 96558
2 96555 96550
2 96546 96545
2 96543 96538
2 96537 96527
2 96525 96523
2 96522 96519
2 96518 96507
2 96505 96504
2 96502 96497
2 96494 96489
2 96488 96485
2 96483 96479
2 96470 96469
2 96467 96463
2 96461 96455
2 96449 96431
2 96429 96413
2 96412 96411
2 96409 96401
2 96399 96392
2 96390 96379
2 96378 96373
2 96372 96366
2 96363 96359
2 96357 96349
2 96346 96336
2 96320 96317
2 96315 96308
2 96307 96304
2 96293 96288
2 96287 96285
2 96283 96281
2 96274 96273
2 96264 96261
2 96258 96255
2 96254 96252
2 96247 96242
2 96224 96222
2 96209 96208
2 96207 96205
2 96201 96200
2 96198 96196
2 96195 96189
2 96180 96178
2 96170 96168
2 96167 96164
2 96158 96147
2 96146 96141
2 96131 96129
2 96123 96121
2 96119 96115
2 96104 96102
2 96099 96098
2 96096 96094
2 96088 96075
2 96074 96073
2 96068 96067
2 96051 96045
2 96044 96040
2 96039 96037
2 96036 96035
2 96029 96027
2 96018 96017
2 96013 96012
2 96009 96008
2 95999 95998
2 95993 95988
2 95986 95985
2 95983 95982
2 95981 95973
2 95967 95964
2 95956 95949
2 95947 95946
2 95944 95942
2 95930 95929
2 95927 95926
2 95924 95921
2 95901 95899
2 95898 95896
2 95890 95875
2 95862 95855
2 95853 95852
2 95851 95848
2 95835 95829
2 95828 95824
2 95822 95816
2 95815 95809
2 95803 95799
2 95792 95790
2 95785 95781
2 95780 95777
2 95776 95773
2 95767 95766
2 95764 95763
2 95760 95754
2 95751 95746
2 95741 95740
2 95738 95733
2 95729 95728
2 95726 95723
2 95717 95716
2 95715 95714
2 95707 95700
2 95699 95698
2 95697 95694
2 95685 95682
2 95671 95667
2 95661 95655
2 95651 95649
2 95641 95640
2 95637 95635
2 95631 95624
2 95623 95620
2 95616 95615
2 95607 95605
2 95604 95601
2 95599 95595
2 95593 95587
2 95585 95583
2 95580 95575
2 95573 95572
2 95564 95555
2 95545 95543
2 95541 95536
2 95535 95529
2 95528 95523
2 95508 95498
2 95496 95478
2 95472 95471
2 95470 95464
2 95461 95459
2 95456 95453
2 95449 95446
2 95445 95433
2 95423 95418
2 95417 95416
2 95415 95414
2 95412 95409
2 95400 95398
2 95397 95392
2 95389 95388
2 95383 95382
2 95381 95374
2 95366 95365
2 95364 95358
2 95357 95352
2 95346 95342
2 95341 95339
2 95337 95334
2 95328 95326
2 95322 95319
2 95318 95313
2 95306 95298
2 95292 95283
2 95282 95280
2 95278 95277
2 95276 95270
2 95269 95267
2 95261 95259
2 95258 95256
2 95251 95249
2 95248 95245
2 95244 95240
2 95238 95236
2 95231 95230
2 95228 95226
2 95219 95218
2 95217 95216
2 95211 95204
2 95203 95192
2 95186 95180
2 95178 95177
2 95176 95172
2 95171 95169
2 95164 95163
2 95162 95159
2 95158 95157
2 95155 95153
2 95152 95151
2 95148 95145
2 95142 95138
2 95137 95136
2 95131 95130
2 95127 95126
2 95125 95124
2 95123 95119
2 95115 95110
2 95109 95108
2 95101 95095
2 95094 95091
2 95084 95073
2 95072 95071
2 95068 95067
2 95061 95058
2 95057 95055
2 95053 95052
2 95046 95045
2 95037 95035
2 95033 95027
2 95024 95021
2 95018 95017
2 95016 95014
2 95009 95007
2 95006 95005
2 95003 95000
2 94999 94997
2 94992 94985
2 94984 94981
2 94979 94974
2 94962 94952
2 94950 94945
2 94944 94943
2 94941 94938
2 94936 94935
2 94928 94927
2 94923 94922
2 94920 94913
2 94909 94905
2 94901 94898
2 94894 94887
2 94884 94881
2 94879 94876
2 94868 94866
2 94865 94862
2 94859 94858
2 94850 94848
2 94846 94839
2 94837 94831
2 94828 94823
2 94805 94802
2 94801 94791
2 94790 94789
2 94784 94783
2 94779 94778
2 94776 94772
2 94764 94762
2 94759 94755
2 94752 94749
2 94747 94745
2 94744 94742
2 94738 94736
2 94733 94731
2 94726 94724
2 94722 94720
2 94714 94710
2 94708 94707
2 94703 94702
2 94694 94690
2 94689 94686
2 94681 94679
2 94677 94644
2 94637 94631
2 94626 94624
2 94619 94616
2 94612 94610
2 94609 94606
2 94605 94603
2 94601 94598
2 94584 94582
2 94579 94576
2 94574 94573
2 94572 94569
2 94567 94563
2 94562 94559
2 94556 94546
2 94544 94540
2 94538 94533
2 94525 94522
2 94518 94512
2 94511 94505
2 94503 94497
2 94494 94479
2 94476 94475
2 94471 94468
2 94463 94462
2 94448 94446
2 94444 94441
2 94440 94433
2 94430 94425
2 94421 94418
2 94414 94410
2 94405 94403
2 94397 94393
2 94392 94389
2 94388 94385
2 94382 94381
2 94373 94361
2 94355 94340
2 94339 94337
2 94328 94324
2 94320 94314
2 94312 94311
2 94308 94307
2 94305 94287
2 94284 94283
2 94281 94271
2 94270 94267
2 94257 94253
2 94244 94243
2 94240 94234
2 94226 94224
2 94223 94213
2 94212 94211
2 94208 94207
2 94204 94200
2 94191 94187
2 94180 94179
2 94175 94174
2 94168 94167
2 94162 94156
2 94146 94143
2 94142 94141
2 94138 94136
2 94135 94134
2 94128 94125
2 94124 94120
2 94119 94111
2 94109 94107
2 94100 94099
2 94097 94093
2 94089 94087
2 94085 94084
2 94081 94078
2 94075 94074
2 94073 94069
2 94066 94063
2 94062 94056
2 94053 94046
2 94041 94040
2 94035 94033
2 94032 94026
2 94020 94012
2 94010 94008
2 94006 94001
2 93998 93997
2 93995 93988
2 93987 93986
2 93985 93978
2 93976 93971
2 93970 93964
2 93955 93947
2 93937 93934
2 93928 93926
2 93924 93918
2 93914 93908
2 93903 93901
2 93900 93893
2 93888 93886
2 93877 93876
2 93872 93870
2 93866 93864
2 93863 93860
2 93859 93856
2 93852 93850
2 93848 93844
2 93841 93840
2 93831 93826
2 93821 93814
2 93812 93809
2 93808 93807
2 93801 93796
2 93785 93781
2 93767 93765
2 93763 93762
2 93757 93752
2 93746 93745
2 93744 93740
2 93739 93737
2 93736 93734
2 93732 93731
2 93730 93729
2 93724 93722
2 93711 93702
2 93699 93696
2 93695 93694
2 93692 93684
2 93681 93678
2 93677 93676
2 93672 93671
2 93670 93662
2 93661 93658
2 93651 93650
2 93647 93639
2 93638 93630
2 93628 93626
2 93620 93619
2 93612 93609
2 93604 93603
2 93602 93601
2 93599 93598
2 93596 93592
2 93590 93589
2 93588 93585
2 93582 93577
2 93574 93569
2 93567 93558
2 93557 93553
2 93550 93549
2 93545 93539
2 93529 93528
2 93527 93523
2 93520 93519
2 93515 93513
2 93511 93508
2 93507 93502
2 93500 93498
2 93496 93490
2 93487 93484
2 93481 93476
2 93463 93454
2 93453 93450
2 93449 93448
2 93443 93438
2 93437 93435
2 93432 93431
2 93429 93410
2 93388 93387
2 93386 93384
2 93383 93381
2 93374 93370
2 93369 93365
2 93363 93355
2 93352 93349
2 93346 93345
2 93342 93339
2 93333 93326
2 93319 93318
2 93304 93302
2 93299 93297
2 93296 93288
2 93286 93273
2 93270 93269
2 93259 93256
2 93251 93247
2 93237 93236
2 93231 93229
2 93217 93198
2 93194 93191
2 93186 93183
2 93182 93180
2 93174 93173
2 93170 93168
2 93165 93163
2 93161 93160
2 93156 93155
2 93151 93142
2 93141 93140
2 93138 93134
2 93123 93114
2 93113 93106
2 93105 93097
2 93092 93089
2 93086 93079
2 93075 93074
2 93073 93071
2 93067 93061
2 93055 93045
2 93042 93032
2 93031 93028
2 93021 93019
2 93016 93000
2 92999 92997
2 92995 92981
2 92970 92963
2 92958 92943
2 92937 92934
2 92932 92918
2 92911 92899
2 92894 92891
2 92890 92870
2 92868 92856
2 92854 92851
2 92847 92846
2 92841 92839
2 92834 92831
2 92827 92825
2 92823 92822
2 92821 92817
2 92816 92812
2 92811 92808
2 92806 92802
2 92800 92798
2 92793 92783
2 92782 92777
2 92776 92775
2 92773 92771
2 92765 92762
2 92755 92741
2 92739 92732
2 92731 92728
2 92727 92725
2 92711 92710
2 92707 92706
2 92699 92697
2 92696 92694
2 92693 92692
2 92685 92683
2 92680 92670
2 92665 92663
2 92660 92658
2 92657 92656
2 92654 92649
2 92643 92641
2 92637 92635
2 92630 92629
2 92627 92625
2 92624 92610
2 92609 92605
2 92601 92599
2 92595 92585
2 92583 92580
2 92572 92569
2 92562 92561
2 92549 92537
2 92536 92532
2 92528 92526
2 92523 92516
2 92506 92499
2 92498 92493
2 92491 92483
2 92472 92468
2 92463 92461
2 92460 92457
2 92456 92454
2 92448 92447
2 92446 92444
2 92440 92435
2 92432 92430
2 92428 92423
2 92421 92420
2 92419 92418
2 92413 92412
2 92409 92407
2 92405 92404
2 92403 92400
2 92396 92391
2 92385 92379
2 92373 92372
2 92371 92370
2 92364 92363
2 92361 92355
2 92354 92351
2 92350 92349
2 92346 92337
2 92329 92327
2 92321 92316
2 92314 92309
2 92308 92296
2 92295 92292
2 92291 92282
2 92281 92280
2 92279 92275
2 92273 92264
2 92262 92247
2 92246 92243
2 92238 92237
2 92232 92227
2 92219 92213
2 92201 92200
2 92199 92198
2 92195 92191
2 92190 92188
2 92187 92179
2 92178 92174
2 92173 92172
2 92169 92167
2 92164 92147
2 92146 92142
2 92139 92131
2 92130 92126
2 92121 92119
2 92111 92109
2 92108 92098
2 92097 92093
2 92092 92088
2 92086 92083
2 92082 92079
2 92078 92077
2 92072 92067
2 92066 92063
2 92058 92055
2 92049 92047
2 92045 92039
2 92035 92033
2 92028 92026
2 92025 92022
2 92014 92012
2 92010 92009
2 92006 91998
2 91997 91989
2 91976 91970
2 91968 91952
2 91941 91937
2 91932 91924
2 91922 91921
2 91915 91907
2 91902 91900
2 91897 91895
2 91885 91881
2 91876 91874
2 91873 91863
2 91862 91859
2 91849 91848
2 91845 91843
2 91837 91836
2 91834 91832
2 91822 91819
2 91817 91813
2 91812 91810
2 91805 91801
2 91797 91796
2 91792 91789
2 91788 91785
2 91784 91778
2 91775 91774
2 91770 91767
2 91765 91759
2 91751 91747
2 91739 91733
2 91732 91725
2 91723 91715
2 91709 91706
2 91702 91697
2 91695 91694
2 91690 91688
2 91687 91678
2 91675 91672
2 91661 91632
2 91627 91626
2 91624 91618
2 91613 91611
2 91598 91595
2 91594 91592
2 91589 91585
2 91584 91580
2 91577 91576
2 91574 91566
2 91559 91547
2 91546 91542
2 91538 91532
2 91529 91527
2 91525 91524
2 91518 91517
2 91513 91507
2 91501 91500
2 91498 91494
2 91492 91482
2 91481 91466
2 91452 91447
2 91443 91440
2 91439 91435
2 91430 91429
2 91424 91417
2 91414 91405
2 91404 91403
2 91402 91400
2 91399 91395
2 91391 91388
2 91386 91377
2 91376 91372
2 91371 91369
2 91367 91365
2 91355 91349
2 91347 91336
2 91331 91330
2 91326 91325
2 91322 91318
2 91315 91313
2 91310 91307
2 91306 91303
2 91302 91301
2 91298 91292
2 91290 91289
2 91278 91274
2 91269 91267
2 91256 91245
2 91237 91233
2 91231 91229
2 91228 91226
2 91225 91221
2 91219 91216
2 91215 91213
2 91211 91208
2 91207 91203
2 91195 91194
2 91193 91188
2 91187 91186
2 91182 91181
2 91177 91175
2 91173 91170
2 91166 91164
2 91163 91153
2 91148 91146
2 91139 91127
2 91122 91120
2 91117 91109
2 91108 91100
2 91093 91089
2 91087 91086
2 91085 91083
2 91072 91070
2 91066 91062
2 91060 91059
2 91057 91048
2 91047 91039
2 91038 91030
2 91026 91025
2 91011 91007
2 91004 91001
2 90999 90993
2 90991 90981
2 90976 90970
2 90969 90957
2 90956 90951
2 90950 90949
2 90946 90945
2 90944 90941
2 90935 90932
2 90930 90929
2 90925 90923
2 90922 90921
2 90915 90912
2 90910 90907
2 90906 90899
2 90889 90884
2 90883 90882
2 90875 90870
2 90868 90867
2 90863 90860
2 90856 90851
2 90849 90847
2 90846 90841
2 90839 90837
2 90835 90833
2 90823 90820
2 90817 90816
2 90814 90806
2 90802 90794
2 90792 90791
2 90785 90781
2 90780 90773
2 90762 90761
2 90758 90757
2 90753 90749
2 90747 90746
2 90741 90721
2 90711 90707
2 90702 90696
2 90691 90684
2 90683 90675
2 90669 90666
2 90665 90654
2 90653 90650
2 90641 90632
2 90629 90627
2 90626 90621
2 90620 90618
2 90610 90607
2 90603 90598
2 90597 90593
2 90591 90588
2 90578 90562
2 90559 90558
2 90557 90556
2 90550 90548
2 90544 90537
2 90535 90528
2 90527 90522
2 90521 90520
2 90517 90516
2 90513 90508
2 90507 90502
2 90498 90495
2 90490 90481
2 90480 90479
2 90477 90475
2 90474 90473
2 90469 90464
2 90461 90454
2 90453 90452
2 90447 90438
2 90436 90435
2 90433 90429
2 90424 90423
2 90421 90417
2 90414 90404
2 90398 90397
2 90393 90391
2 90385 90377
2 90370 90368
2 90367 90362
2 90347 90344
2 90340 90327
2 90325 90320
2 90312 90310
2 90308 90301
2 90300 90287
2 90286 90284
2 90282 90268
2 90267 90265
2 90262 90259
2 90253 90250
2 90245 90238
2 90237 90236
2 90229 90227
2 90222 90218
2 90216 90214
2 90208 90207
2 90206 90199
2 90195 90189
2 90185 90184
2 90174 90173
2 90172 90166
2 90162 90160
2 90158 90157
2 90154 90152
2 90150 90149
2 90141 90137
2 90135 90133
2 90130 90129
2 90127 90118
2 90113 90111
2 90103 90097
2 90096 90093
2 90085 90078
2 90074 90068
2 90063 90062
2 90060 90047
2 90044 90041
2 90033 90032
2 90029 90021
2 90014 90006
2 90005 90004
2 89998 89995
2 89993 89991
2 89988 89982
2 89979 89977
2 89976 89967
2 89962 89959
2 89954 89951
2 89950 89945
2 89944 89939
2 89937 89935
2 89924 89920
2 89904 89897
2 89895 89894
2 89893 89891
2 89882 89880
2 89874 89873
2 89872 89869
2 89859 89855
2 89853 89852
2 89850 89838
2 89837 89835
2 89832 89828
2 89827 89826
2 89823 89820
2 89817 89815
2 89812 89801
2 89798 89795
2 89794 89791
2 89780 89777
2 89775 89774
2 89773 89772
2 89765 89758
2 89749 89746
2 89744 89743
2 89729 89718
2 89713 89705
2 89702 89692
2 89691 89690
2 89688 89684
2 89682 89671
2 89657 89647
2 89643 89642
2 89640 89639
2 89637 89633
2 89632 89629
2 89625 89624
2 89618 89616
2 89615 89606
2 89602 89599
2 89597 89595
2 89594 89591
2 89590 89584
2 89582 89579
2 89578 89574
2 89572 89569
2 89565 89564
2 89557 89556
2 89545 89540
2 89538 89534
2 89532 89528
2 89514 89506
2 89499 89497
2 89492 89487
2 89481 89480
2 89475 89474
2 89465 89461
2 89456 89453
2 89452 89451
2 89446 89443
2 89440 89439
2 89438 89435
2 89430 89429
2 89425 89422
2 89408 89406
2 89402 89396
2 89387 89380
2 89376 89374
2 89369 89368
2 89367 89364
2 89362 89361
2 89358 89357
2 89351 89348
2 89347 89346
2 89339 89333
2 89330 89323
2 89321 89319
2 89316 89314
2 89312 89309
2 89304 89303
2 89302 89300
2 89290 89288
2 89285 89278
2 89275 89272
2 89267 89265
2 89264 89255
2 89253 89248
2 89247 89246
2 89241 89238
2 89237 89232
2 89227 89225
2 89217 89211
2 89210 89209
2 89207 89206
2 89204 89199
2 89194 89190
2 89187 89186
2 89184 89179
2 89178 89174
2 89173 89167
2 89154 89153
2 89145 89143
2 89131 89124
2 89122 89121
2 89120 89117
2 89110 89107
2 89106 89104
2 89101 89098
2 89097 89095
2 89094 89091
2 89084 89082
2 89081 89080
2 89078 89074
2 89070 89055
2 89054 89049
2 89048 89039
2 89028 89025
2 89019 89017
2 89012 89009
2 89007 89000
2 88994 88993
2 88989 88988
2 88981 88980
2 88974 88972
2 88968 88966
2 88957 88951
2 88943 88941
2 88938 88934
2 88933 88932
2 88931 88928
2 88922 88921
2 88920 88916
2 88915 88913
2 88908 88903
2 88899 88893
2 88892 88891
2 88876 88874
2 88873 88869
2 88861 88858
2 88855 88854
2 88848 88836
2 88832 88827
2 88823 88819
2 88811 88810
2 88809 88806
2 88798 88797
2 88793 88785
2 88784 88781
2 88772 88767
2 88758 88754
2 88748 88747
2 88743 88741
2 88738 88736
2 88733 88732
2 88730 88714
2 88713 88711
2 88702 88701
2 88699 88698
2 88692 88689
2 88686 88682
2 88677 88674
2 88670 88669
2 88668 88660
2 88650 88649
2 88648 88644
2 88641 88638
2 88635 88629
2 88625 88604
2 88603 88601
2 88597 88595
2 88594 88592
2 88590 88589
2 88588 88586
2 88584 88580
2 88576 88573
2 88569 88566
2 88560 88558
2 88555 88554
2 88552 88551
2 88542 88541
2 88539 88536
2 88534 88527
2 88523 88515
2 88507 88500
2 88499 88497
2 88493 88491
2 88480 88476
2 88472 88468
2 88466 88464
2 88462 88461
2 88455 88454
2 88449 88444
2 88442 88437
2 88430 88429
2 88425 88424
2 88422 88421
2 88411 88406
2 88403 88398
2 88394 88390
2 88389 88385
2 88373 88372
2 88370 88366
2 88361 88360
2 88358 88354
2 88350 88348
2 88347 88343
2 88342 88341
2 88339 88338
2 88335 88319
2 88313 88312
2 88311 88305
2 88304 88296
2 88295 88290
2 88285 88279
2 88278 88274
2 88270 88267
2 88264 88260
2 88259 88258
2 88254 88253
2 88251 88245
2 88243 88235
2 88232 88226
2 88225 88224
2 88221 88210
2 88207 88200
2 88198 88197
2 88190 88184
2 88183 88177
2 88175 88174
2 88172 88165
2 88156 88153
2 88145 88138
2 88136 88129
2 88127 88125
2 88121 88115
2 88112 88096
2 88094 88093
2 88088 88086
2 88084 88083
2 88082 88081
2 88071 88063
2 88061 88060
2 88056 88050
2 88049 88048
2 88042 88040
2 88038 88033
2 88030 88027
2 88024 88020
2 88016 88013
2 88011 88009
2 88008 88007
2 88001 88000
2 87998 87996
2 87995 87994
2 87992 87985
2 87978 87972
2 87971 87970
2 87965 87963
2 87962 87957
2 87947 87946
2 87942 87941
2 87939 87926
2 87919 87917
2 87915 87914
2 87909 87906
2 87899 87895
2 87892 87879
2 87875 87872
2 87871 87864
2 87863 87859
2 87854 87847
2 87841 87837
2 87830 87828
2 87823 87818
2 87815 87808
2 87806 87805
2 87804 87802
2 87801 87800
2 87792 87790
2 87788 87786
2 87785 87781
2 87777 87776
2 87775 87773
2 87764 87763
2 87747 87738
2 87735 87733
2 87731 87730
2 87727 87725
2 87721 87719
2 87716 87712
2 87707 87703
2 87698 87697
2 87695 87693
2 87692 87691
2 87688 87680
2 87671 87669
2 87662 87650
2 87644 87636
2 87634 87633
2 87630 87628
2 87627 87622
2 87621 87619
2 87613 87609
2 87604 87603
2 87600 87599
2 87597 87591
2 87588 87584
2 87579 87578
2 87575 87573
2 87563 87555
2 87545 87543
2 87542 87541
2 87539 87538
2 87535 87534
2 87533 87530
2 87522 87521
2 87516 87506
2 87504 87497
2 87494 87492
2 87491 87488
2 87481 87480
2 87479 87478
2 87477 87473
2 87470 87469
2 87467 87459
2 87458 87454
2 87445 87443
2 87442 87438
2 87430 87425
2 87421 87420
2 87412 87405
2 87395 87393
2 87388 87385
2 87384 87381
2 87370 87363
2 87357 87354
2 87350 87348
2 87345 87344
2 87341 87337
2 87336 87329
2 87326 87323
2 87316 87312
2 87311 87310
2 87309 87307
2 87306 87297
2 87296 87292
2 87287 87282
2 87275 87274
2 87272 87271
2 87268 87264
2 87257 87254
2 87251 87246
2 87244 87243
2 87237 87234
2 87229 87226
2 87223 87221
2 87220 87209
2 87198 87197
2 87193 87190
2 87185 87181
2 87180 87169
2 87165 87161
2 87157 87153
2 87146 87145
2 87142 87140
2 87139 87128
2 87124 87122
2 87120 87118
2 87113 87110
2 87103 87099
2 87094 87093
2 87092 87085
2 87079 87077
2 87074 87068
2 87067 87054
2 87051 87046
2 87034 87032
2 87027 87023
2 87020 87017
2 87014 87009
2 87008 87003
2 86999 86997
2 86991 86990
2 86989 86988
2 86985 86981
2 86974 86971
2 86961 86958
2 86953 86951
2 86950 86949
2 86947 86944
2 86938 86937
2 86935 86934
2 86931 86920
2 86919 86917
2 86916 86914
2 86912 86911
2 86909 86907
2 86904 86898
2 86887 86886
2 86879 86869
2 86868 86860
2 86847 86845
2 86842 86839
2 86836 86828
2 86825 86812
2 86810 86808
2 86801 86795
2 86791 86784
2 86780 86776
2 86772 86764
2 86760 86750
2 86744 86741
2 86733 86732
2 86731 86728
2 86727 86724
2 86705 86704
2 86702 86701
2 86695 86689
2 86687 86677
2 86676 86672
2 86665 86664
2 86663 86661
2 86657 86650
2 86648 86643
2 86641 86640
2 86635 86626
2 86622 86619
2 86612 86609
2 86605 86599
2 86597 86593
2 86592 86589
2 86586 86583
2 86570 86561
2 86559 86558
2 86540 86533
2 86532 86530
2 86521 86517
2 86515 86509
2 86505 86504
2 86500 86496
2 86495 86492
2 86488 86487
2 86485 86484
2 86481 86478
2 86475 86474
2 86467 86464
2 86457 86454
2 86451 86444
2 86443 86439
2 86437 86433
2 86426 86425
2 86423 86417
2 86414 86413
2 86411 86409
2 86398 86396
2 86395 86388
2 86384 86378
2 86376 86374
2 86373 86366
2 86363 86362
2 86358 86344
2 86338 86337
2 86332 86331
2 86327 86324
2 86319 86317
2 86316 86314
2 86309 86308
2 86306 86296
2 86295 86291
2 86286 86279
2 86275 86273
2 86271 86266
2 86261 86253
2 86251 86250
2 86240 86235
2 86230 86228
2 86222 86217
2 86214 86212
2 86209 86189
2 86181 86176
2 86174 86170
2 86169 86167
2 86166 86165
2 86162 86159
2 86156 86155
2 86151 86145
2 86137 86136
2 86134 86133
2 86130 86121
2 86120 86119
2 86111 86099
2 86098 86095
2 86090 86086
2 86083 86080
2 86077 86071
2 86070 86069
2 86065 86059
2 86056 86055
2 86054 86049
2 86043 86038
2 86024 86023
2 86021 86018
2 86013 86012
2 86011 86010
2 86006 85992
2 85990 85981
2 85975 85969
2 85968 85966
2 85965 85960
2 85955 85947
2 85946 85938
2 85932 85929
2 85927 85925
2 85900 85893
2 85887 85882
2 85880 85879
2 85877 85875
2 85874 85873
2 85869 85867
2 85859 85856
2 85847 85844
2 85839 85833
2 85830 85829
2 85827 85819
2 85818 85817
2 85813 85807
2 85805 85802
2 85793 85792
2 85788 85785
2 85780 85773
2 85767 85765
2 85760 85756
2 85754 85749
2 85738 85730
2 85728 85724
2 85719 85717
2 85716 85714
2 85707 85706
2 85704 85701
2 85700 85699
2 85695 85693
2 85690 85683
2 85682 85675
2 85674 85671
2 85669 85663
2 85654 85647
2 85646 85645
2 85644 85641
2 85639 85637
2 85636 85619
2 85618 85615
2 85613 85601
2 85598 85585
2 85583 85582
2 85573 85571
2 85562 85560
2 85557 85555
2 85546 85541
2 85536 85530
2 85520 85512
2 85511 85510
2 85504 85490
2 85476 85475
2 85474 85469
2 85447 85446
2 85445 85444
2 85440 85437
2 85415 85413
2 85412 85411
2 85408 85407
2 85401 85398
2 85395 85388
2 85385 85383
2 85379 85364
2 85363 85352
2 85346 85344
2 85337 85332
2 85328 85326
2 85325 85324
2 85317 85316
2 85313 85311
2 85309 85307
2 85305 85300
2 85298 85291
2 85288 85285
2 85284 85277
2 85271 85269
2 85268 85267
2 85262 85260
2 85255 85248
2 85238 85236
2 85232 85228
2 85225 85223
2 85220 85214
2 85209 85200
2 85180 85170
2 85168 85164
2 85163 85157
2 85155 85153
2 85150 85146
2 85140 85139
2 85130 85124
2 85116 85105
2 85102 85098
2 85097 85096
2 85093 85091
2 85081 85079
2 85077 85076
2 85072 85066
2 85063 85061
2 85053 85051
2 85048 85043
2 85036 85023
2 85022 85020
2 85019 85010
2 84998 84993
2 84992 84990
2 84985 84984
2 84978 84977
2 84975 84966
2 84965 84957
2 84956 84954
2 84953 84951
2 84946 84945
2 84944 84942
2 84940 84936
2 84926 84919
2 84910 84909
2 84908 84904
2 84900 84895
2 84893 84891
2 84889 84887
2 84885 84884
2 84883 84876
2 84874 84872
2 84870 84869
2 84868 84857
2 84852 84846
2 84844 84837
2 84831 84826
2 84823 84819
2 84818 84817
2 84816 84814
2 84803 84800
2 84798 84797
2 84793 84792
2 84788 84786
2 84784 84779
2 84774 84773
2 84772 84760
2 84757 84756
2 84754 84750
2 84748 84747
2 84743 84736
2 84733 84725
2 84724 84722
2 84721 84717
2 84715 84704
2 84699 84697
2 84696 84695
2 84694 84676
2 84672 84671
2 84663 84662
2 84660 84648
2 84645 84636
2 84633 84630
2 84628 84625
2 84621 84614
2 84613 84611
2 84609 84608
2 84596 84592
2 84590 84589
2 84578 84577
2 84568 84564
2 84561 84551
2 84547 84546
2 84545 84542
2 84541 84533
2 84528 84521
2 84517 84509
2 84508 84500
2 84496 84494
2 84493 84487
2 84484 84483
2 84481 84480
2 84478 84476
2 84475 84469
2 84468 84467
2 84465 84464
2 84460 84454
2 84450 84440
2 84439 84437
2 84435 84432
2 84431 84424
2 84423 84422
2 84421 84420
2 84418 84415
2 84414 84409
2 84407 84405
2 84403 84390
2 84388 84378
2 84374 84371
2 84370 84368
2 84365 84358
2 84357 84354
2 84348 84347
2 84346 84343
2 84340 84322
2 84318 84304
2 84303 84302
2 84301 84298
2 84295 84292
2 84284 84271
2 84265 84262
2 84254 84253
2 84250 84248
2 84244 84243
2 84237 84231
2 84228 84219
2 84216 84214
2 84213 84211
2 84210 84197
2 84196 84195
2 84194 84193
2 84183 84182
2 84180 84179
2 84166 84164
2 84158 84157
2 84156 84147
2 84137 84135
2 84131 84128
2 84115 84114
2 84109 84107
2 84104 84100
2 84099 84098
2 84096 84094
2 84088 84086
2 84083 84076
2 84070 84065
2 84061 84054
2 84053 84051
2 84050 84042
2 84041 84040
2 84037 84033
2 84029 84028
2 84027 84023
2 84020 84013
2 84012 84010
2 84006 84005
2 84004 83999
2 83998 83995
2 83992 83990
2 83988 83984
2 83982 83981
2 83979 83978
2 83977 83976
2 83974 83970
2 83967 83957
2 83955 83953
2 83952 83945
2 83943 83935
2 83934 83932
2 83928 83923
2 83920 83919
2 83917 83914
2 83907 83896
2 83893 83888
2 83887 83886
2 83884 83880
2 83876 83872
2 83871 83867
2 83865 83862
2 83861 83846
2 83845 83843
2 83829 83823
2 83817 83804
2 83801 83798
2 83791 83782
2 83781 83780
2 83773 83771
2 83765 83761
2 83754 83753
2 83751 83747
2 83741 83740
2 83739 83735
2 83731 83728
2 83727 83722
2 83718 83714
2 83712 83706
2 83701 83700
2 83698 83697
2 83696 83684
2 83681 83679
2 83673 83668
2 83666 83662
2 83651 83649
2 83648 83647
2 83642 83640
2 83639 83638
2 83631 83630
2 83621 83619
2 83617 83613
2 83611 83607
2 83598 83594
2 83585 83574
2 83572 83568
2 83565 83564
2 83557 83553
2 83547 83544
2 83540 83539
2 83537 83534
2 83533 83532
2 83529 83524
2 83522 83518
2 83517 83510
2 83504 83502
2 83500 83488
2 83483 83476
2 83472 83471
2 83470 83468
2 83467 83465
2 83464 83459
2 83455 83448
2 83446 83445
2 83423 83420
2 83411 83406
2 83404 83403
2 83395 83388
2 83387 83385
2 83379 83371
2 83369 83367
2 83365 83356
2 83355 83353
2 83350 83349
2 83343 83341
2 83339 83337
2 83332 83330
2 83327 83326
2 83324 83323
2 83320 83319
2 83318 83317
2 83316 83314
2 83304 83303
2 83300 83298
2 83296 83293
2 83292 83291
2 83290 83288
2 83286 83285
2 83273 83264
2 83263 83262
2 83257 83253
2 83251 83250
2 83247 83239
2 83234 83232
2 83227 83219
2 83214 83209
2 83208 83207
2 83206 83201
2 83200 83192
2 83189 83184
2 83183 83178
2 83177 83176
2 83172 83164
2 83157 83154
2 83152 83146
2 83143 83140
2 83139 83132
2 83131 83129
2 83127 83126
2 83117 83116
2 83115 83113
2 83112 83110
2 83109 83106
2 83105 83104
2 83096 83087
2 83082 83081
2 83079 83076
2 83075 83069
2 83057 83056
2 83031 83030
2 83029 83028
2 83017 83014
2 83008 83002
2 82995 82991
2 82978 82970
2 82966 82964
2 82963 82962
2 82956 82953
2 82952 82941
2 82935 82928
2 82926 82925
2 82922 82919
2 82917 82914
2 82912 82909
2 82899 82896
2 82893 82888
2 82887 82874
2 82870 82865
2 82858 82837
2 82829 82827
2 82825 82824
2 82820 82818
2 82812 82795
2 82792 82787
2 82784 82782
2 82781 82779
2 82777 82776
2 82772 82766
2 82765 82764
2 82758 82755
2 82752 82745
2 82744 82742
2 82731 82727
2 82723 82721
2 82718 82716
2 82701 82693
2 82690 82689
2 82683 82678
2 82677 82671
2 82661 82658
2 82652 82650
2 82646 82645
2 82642 82640
2 82633 82624
2 82618 82613
2 82612 82611
2 82610 82608
2 82598 82588
2 82585 82582
2 82574 82573
2 82570 82564
2 82550 82544
2 82541 82539
2 82532 82519
2 82510 82509
2 82508 82503
2 82498 82491
2 82485 82481
2 82479 82478
2 82473 82458
2 82456 82448
2 82439 82438
2 82434 82431
2 82427 82424
2 82418 82417
2 82410 82407
2 82404 82402
2 82392 82386
2 82385 82376
2 82372 82370
2 82366 82361
2 82357 82349
2 82345 82342
2 82337 82333
2 82330 82326
2 82321 82318
2 82306 82303
2 82300 82296
2 82295 82292
2 82287 82286
2 82276 82274
2 82272 82271
2 82269 82268
2 82265 82258
2 82255 82251
2 82240 82239
2 82235 82233
2 82231 82227
2 82220 82214
2 82209 82208
2 82204 82203
2 82202 82198
2 82193 82192
2 82189 82186
2 82185 82177
2 82176 82171
2 82160 82157
2 82156 82151
2 82144 82143
2 82142 82134
2 82133 82117
2 82110 82109
2 82108 82103
2 82099 82094
2 82091 82087
2 82086 82078
2 82074 82064
2 82062 82060
2 82057 82052
2 82042 82036
2 82031 82024
2 82022 82019
2 82012 82008
2 82006 82004
2 82003 82001
2 81998 81986
2 81982 81981
2 81979 81969
2 81968 81965
2 81961 81960
2 81959 81952
2 81948 81941
2 81933 81932
2 81928 81927
2 81918 81911
2 81910 81906
2 81897 81896
2 81894 81893
2 81883 81880
2 81878 81876
2 81875 81872
2 81869 81864
2 81860 81857
2 81854 81846
2 81844 81841
2 81835 81831
2 81826 81817
2 81812 81804
2 81802 81800
2 81793 81790
2 81787 81786
2 81785 81780
2 81773 81770
2 81769 81767
2 81758 81755
2 81751 81744
2 81742 81740
2 81738 81732
2 81731 81730
3 81727 81725 81724
3 81716 81713 81701
3 81700 81698 81696
3 81695 81694 81690
3 81687 81682 81676
3 81674 81661 81656
3 81651 81649 81646
3 81634 81628 81626
3 81617 81615 81606
3 81600 81594 81592
3 81587 81586 81580
3 81577 81573 81572
3 81571 81565 81563
3 81557 81555 81554
3 81543 81539 81535
3 81534 81531 81527
3 81522 81520 81516
3 81512 81509 81506
3 81505 81500 81496
3 81494 81492 81491
3 81489 81486 81483
3 81479 81477 81474
3 81471 81470 81463
3 81462 81458 81455
3 81448 81447 81446
3 81442 81432 81429
3 81427 81424 81420
3 81418 81415 81409
3 81400 81396 81394
3 81390 81389 81386
3 81384 81379 81377
3 81375 81372 81361
3 81359 81355 81354
3 81350 81342 81337
3 81334 81332 81331
3 81317 81313 81312
3 81310 81309 81303
3 81298 81295 81288
3 81286 81279 81277
3 81263 81259 81258
3 81252 81245 81241
3 81240 81237 81236
3 81234 81233 81231
3 81224 81220 81218
3 81214 81210 81209
3 81208 81204 81198
3 81197 81193 81192
3 81191 81189 81187
3 81186 81180 81178
3 81177 81175 81153
3 81148 81144 81142
3 81134 81133 81130
3 81126 81124 81123
3 81120 81119 81117
3 81107 81106 81104
3 81102 81100 81097
3 81093 81089 81082
3 81081 81080 81070
3 81068 81064 81063
3 81057 81053 81048
3 81044 81039 81037
3 81032 81028 81027
3 81023 81020 81016
3 81002 81001 80994
3 80990 80989 80985
3 80983 80974 80972
3 80969 80964 80960
3 80957 80956 80955
3 80951 80950 80949
3 80948 80942 80941
3 80935 80933 80929
3 80928 80927 80925
3 80921 80915 80914
3 80909 80905 80903
3 80889 80868 80862
3 80861 80857 80856
3 80853 80851 80846
3 80845 80844 80841
3 80836 80827 80825
3 80823 80818 80817
3 80815 80814 80813
3 80811 80804 80797
3 80793 80792 80791
3 80789 80780 80778
3 80774 80771 80770
3 80761 80759 80753
3 80748 80747 80742
3 80739 80736 80735
3 80729 80725 80723
3 80715 80706 80699
3 80694 80692 80683
3 80680 80679 80676
3 80671 80659 80658
3 80656 80652 80647
3 80645 80644 80639
3 80635 80633 80631
3 80630 80628 80627
3 80625 80624 80619
3 80613 80609 80608
3 80594 80586 80585
3 80584 80578 80577
3 80576 80572 80570
3 80560 80558 80551
3 80547 80546 80540
3 80532 80529 80525
3 80522 80518 80516
3 80514 80513 80511
3 80510 80490 80484
3 80471 80468 80467
3 80466 80463 80462
3 80458 80452 80446
3 80443 80438 80434
3 80429 80427 80425
3 80424 80423 80422
3 80419 80415 80414
3 80413 80409 80404
3 80397 80388 80379
3 80373 80372 80370
3 80367 80364 80363
3 80362 80361 80355
3 80349 80348 80347
3 80343 80337 80335
3 80334 80333 80331
3 80328 80318 80313
3 80311 80310 80309
3 80307 80306 80303
3 80302 80298 80297
3 80295 80290 80285
3 80283 80282 80281
3 80279 80276 80273
3 80272 80269 80265
3 80264 80261 80259
3 80250 80245 80243
3 80242 80237 80236
3 80234 80231 80230
3 80225 80221 80215
3 80213 80212 80208
3 80204 80203 80199
3 80195 80194 80186
3 80179 80174 80172
3 80156 80155 80151
3 80148 80141 80133
3 80130 80126 80120
3 80119 80117 80114
3 80102 80101 80094
3 80093 80090 80086
3 80078 80075 80072
3 80067 80064 80051
3 80046 80043 80041
3 80038 80037 80033
3 80027 80012 80010
3 80006 80003 79994
3 79987 79985 79975
3 79974 79961 79960
3 79956 79954 79949
3 79946 79942 79941
3 79940 79939 79936
3 79934 79931 79929
3 79922 79920 79918
3 79914 79912 79911
3 79908 79903 79897
3 79894 79893 79889
3 79887 79880 79878
3 79858 79852 79845
3 79840 79833 79823
3 79818 79813 79808
3 79803 79802 79799
3 79792 79791 79785
3 79780 79778 79777
3 79774 79765 79762
3 79759 79757 79739
3 79737 79726 79722
3 79718 79716 79713
3 79708 79706 79704
3 79696 79691 79689
3 79686 79681 79665
3 79661 79660 79659
3 79652 79651 79646
3 79643 79642 79636
3 79626 79623 79620
3 79619 79618 79610
3 79608 79607 79602
3 79598 79594 79593
3 79592 79586 79585
3 79583 79581 79580
3 79577 79575 79573
3 79570 79559 79557
3 79544 79543 79539
3 79535 79533 79530
3 79524 79521 79513
3 79511 79499 79498
3 79497 79495 79494
3 79484 79483 79479
3 79478 79477 79476
3 79475 79473 79467
3 79464 79447 79443
3 79442 79438 79436
3 79435 79430 79427
3 79426 79425 79424
3 79421 79418 79414
3 79412 79400 79399
3 79394 79393 79390
3 79389 79388 79384
3 79375 79372 79370
3 79368 79366 79360
3 79352 79345 79344
3 79343 79339 79330
3 79327 79324 79320
3 79319 79314 79313
3 79309 79305 79303
3 79299 79294 79287
3 79285 79281 79275
3 79273 79272 79269
3 79268 79265 79261
3 79258 79256 79254
3 79249 79243 79239
3 79234 79231 79224
3 79223 79216 79214
3 79210 79209 79206
3 79199 79195 79194
3 79193 79188 79182
3 79181 79179 79178
3 79177 79175 79174
3 79173 79171 79167
3 79165 79161 79157
3 79154 79147 79141
3 79140 79138 79132
3 79131 79124 79123
3 79122 79114 79111
3 79110 79109 79108
3 79103 79098 79095
3 79093 79090 79089
3 79088 79087 79080
3 79077 79076 79070
3 79069 79068 79067
3 79060 79058 79055
3 79052 79049 79048
3 79045 79040 79036
3 79035 79029 79024
3 79022 79020 79019
3 79018 79015 79012
3 79008 79003 79002
3 79001 78999 78996
3 78994 78993 78988
3 78984 78983 78978
3 78975 78968 78967
3 78965 78962 78961
3 78958 78952 78951
3 78947 78945 78934
3 78927 78926 78924
3 78921 78916 78906
3 78900 78898 78894
3 78886 78884 78883
3 78881 78878 78868
3 78861 78858 78856
3 78855 78853 78851
3 78850 78846 78844
3 78836 78831 78824
3 78819 78815 78811
3 78805 78804 78803
3 78802 78801 78799
3 78786 78785 78782
3 78778 78777 78776
3 78773 78763 78756
3 78752 78750 78743
3 78733 78725 78724
3 78721 78716 78715
3 78713 78701 78700
3 78696 78695 78693
3 78691 78689 78688
3 78685 78682 78676
3 78674 78670 78668
3 78662 78648 78646
3 78627 78625 78624
3 78620 78613 78610
3 78603 78599 78591
3 78583 78576 78574
3 78571 78569 78562
3 78560 78559 78558
3 78556 78552 78551
3 78546 78539 78534
3 78531 78529 78525
3 78522 78519 78517
3 78508 78495 78482
3 78479 78477 78469
3 78468 78464 78463
3 78460 78457 78454
3 78451 78442 78440
3 78435 78433 78429
3 78428 78424 78420
3 78416 78409 78408
3 78398 78397 78389
3 78388 78384 78383
3 78382 78381 78380
3 78377 78375 78374
3 78364 78361 78354
3 78353 78349 78346
3 78344 78342 78338
3 78336 78333 78331
3 78330 78327 78320
3 78318 78317 78316
3 78315 78309 78305
3 78303 78297 78294
3 78293 78292 78283
3 78280 78273 78269
3 78262 78257 78256
3 78252 78244 78243
3 78221 78217 78210
3 78209 78204 78203
3 78199 78189 78184
3 78181 78180 78176
3 78175 78170 78152
3 78143 78142 78141
3 78140 78139 78136
3 78135 78133 78130
3 78123 78117 78110
3 78108 78105 78101
3 78100 78098 78097
3 78094 78088 78087
3 78083 78082 78080
3 78076 78071 78068
3 78066 78065 78061
3 78059 78053 78049
3 78048 78044 78042
3 78036 78034 78024
3 78023 78013 78008
3 77996 77994 77989
3 77981 77980 77977
3 77975 77974 77969
3 77953 77950 77947
3 77943 77940 77937
3 77936 77934 77930
3 77925 77922 77918
3 77916 77915 77911
3 77908 77905 77901
3 77898 77896 77892
3 77886 77883 77881
3 77879 77877 77870
3 77868 77862 77861
3 77856 77853 77850
3 77845 77838 77837
3 77834 77822 77821
3 77805 77802 77799
3 77797 77793 77792
3 77789 77782 77777
3 77775 77769 77768
3 77756 77747 77746
3 77744 77742 77741
3 77736 77732 77729
3 77728 77722 77714
3 77713 77708 77706
3 77703 77700 77697
3 77690 77688 77686
3 77681 77669 77665
3 77661 77653 77650
3 77648 77646 77642
3 77633 77631 77627
3 77622 77619 77614
3 77612 77609 77608
3 77607 77606 77602
3 77599 77596 77592
3 77589 77583 77579
3 77577 77569 77564
3 77562 77555 77552
3 77550 77544 77541
3 77539 77538 77537
3 77534 77529 77528
3 77523 77521 77519
3 77515 77514 77511
3 77508 77494 77489
3 77487 77483 77482
3 77470 77467 77466
3 77463 77462 77450
3 77449 77446 77444
3 77443 77436 77432
3 77430 77429 77424
3 77415 77408 77399
3 77388 77385 77384
3 77378 77374 77368
3 77367 77364 77362
3 77359 77355 77354
3 77350 77346 77343
3 77340 77324 77321
3 77318 77308 77307
3 77306 77305 77304
3 77302 77291 77288
3 77285 77280 77278
3 77269 77267 77259
3 77255 77247 77243
3 77241 77232 77229
3 77228 77224 77223
3 77221 77212 77200
3 77193 77181 77179
3 77176 77173 77167
3 77166 77162 77155
3 77153 77152 77145
3 77144 77135 77129
3 77128 77119 77117
3 77113 77112 77108
3 77096 77089 77085
3 77081 77079 77064
3 77056 77054 77046
3 77044 77042 77039
3 77035 77034 77031
3 77029 77027 77018
3 77017 77015 77004
3 76998 76996 76994
3 76992 76980 76977
3 76976 76963 76960
3 76954 76952 76942
3 76940 76937 76935
3 76931 76929 76928
3 76922 76920 76918
3 76915 76912 76911
3 76910 76907 76906
3 76903 76900 76898
3 76886 76885 76878
3 76875 76874 76873
3 76863 76862 76861
3 76859 76849 76848
3 76846 76826 76825
3 76824 76820 76819
3 76818 76803 76802
3 76798 76796 76790
3 76788 76781 76779
3 76774 76770 76768
3 76764 76763 76760
3 76752 76741 76735
3 76733 76731 76729
3 76727 76722 76720
3 76719 76717 76710
3 76704 76703 76696
3 76695 76693 76692
3 76688 76687 76686
3 76680 76678 76676
3 76674 76668 76666
3 76662 76661 76660
3 76653 76644 76642
3 76640 76639 76638
3 76633 76627 76623
3 76620 76608 76601
3 76595 76594 76593
3 76592 76587 76584
3 76583 76582 76581
3 76580 76579 76574
3 76572 76571 76566
3 76558 76551 76550
3 76546 76542 76525
3 76512 76502 76501
3 76499 76498 76497
3 76496 76478 76476
3 76475 76474 76468
3 76463 76462 76457
3 76455 76454 76441
3 76435 76430 76429
3 76427 76419 76416
3 76415 76405 76402
3 76401 76396 76395
3 76390 76386 76383
3 76378 76375 76373
3 76372 76368 76365
3 76363 76361 76359
3 76358 76356 76355
3 76354 76342 76337
3 76335 76334 76329
3 76328 76323 76322
3 76321 76316 76313
3 76311 76306 76303
3 76293 76287 76286
3 76285 76284 76281
3 76278 76276 76272
3 76267 76265 76257
3 76256 76251 76248
3 76244 76243 76242
3 76239 76238 76235
3 76232 76228 76217
3 76211 76210 76208
3 76207 76206 76200
3 76199 76191 76185
3 76179 76176 76175
3 76173 76172 76168
3 76165 76152 76148
3 76144 76141 76140
3 76139 76133 76116
3 76115 76107 76105
3 76100 76097 76095
3 76091 76088 76086
3 76082 76079 76074
3 76073 76070 76068
3 76063 76059 76058
3 76055 76052 76051
3 76050 76049 76048
3 76047 76042 76038
3 76034 76033 76031
3 76027 76026 76022
3 76021 76018 76016
3 76014 76012 76010
3 76009 76002 75996
3 75995 75980 75977
3 75976 75971 75970
3 75968 75964 75962
3 75961 75956 75951
3 75948 75946 75945
3 75944 75943 75939
3 75933 75930 75928
3 75923 75922 75921
3 75918 75917 75904
3 75902 75898 75896
3 75894 75887 75879
3 75871 75855 75854
3 75850 75849 75841
3 75830 75816 75815
3 75814 75813 75812
3 75810 75809 75808
3 75806 75805 75796
3 75795 75794 75793
3 75792 75791 75789
3 75788 75787 75786
3 75785 75782 75774
3 75772 75771 75770
3 75766 75761 75752
3 75748 75738 75737
3 75734 75731 75730
3 75729 75725 75719
3 75714 75712 75711
3 75705 75704 75696
3 75693 75690 75688
3 75684 75683 75680
3 75678 75677 75674
3 75666 75661 75660
3 75644 75639 75636
3 75628 75627 75626
3 75625 75622 75620
3 75619 75618 75616
3 75610 75609 75607
3 75600 75591 75581
3 75580 75579 75576
3 75572 75570 75566
3 75562 75559 75558
3 75557 75546 75545
3 75544 75542 75533
3 75531 75518 75517
3 75516 75513 75511
3 75510 75509 75507
3 75506 75496 75495
3 75489 75481 75479
3 75478 75461 75459
3 75456 75455 75447
3 75443 75438 75437
3 75436 75432 75428
3 75421 75417 75416
3 75411 75409 75407
3 75405 75397 75391
3 75390 75383 75371
3 75361 75360 75359
3 75358 75357 75355
3 75352 75348 75347
3 75343 75340 75337
3 75332 75324 75306
3 75302 75299 75298
3 75295 75294 75292
3 75291 75284 75283
3 75278 75274 75271
3 75270 75269 75234
3 75231 75228 75223
3 75219 75208 75200
3 75199 75196 75190
3 75187 75186 75183
3 75181 75176 75175
3 75171 75164 75161
3 75160 75157 75156
3 75155 75152 75151
3 75150 75137 75135
3 75133 75129 75113
3 75109 75104 75100
3 75090 75084 75079
3 75069 75064 75061
3 75057 75055 75049
3 75048 75047 75045
3 75043 75041 75038
3 75036 75030 75027
3 75016 75015 75005
3 75003 75001 75000
3 74995 74993 74991
3 74989 74987 74981
3 74980 74979 74978
3 74975 74973 74972
3 74970 74967 74965
3 74964 74962 74957
3 74952 74951 74944
3 74939 74937 74936
3 74935 74934 74918
3 74914 74902 74898
3 74891 74879 74877
3 74868 74862 74860
3 74859 74855 74852
3 74850 74849 74847
3 74846 74841 74839
3 74834 74831 74822
3 74820 74812 74795
3 74792 74788 74785
3 74781 74779 74776
3 74773 74767 74766
3 74763 74761 74751
3 74749 74748 74737
3 74735 74728 74726
3 74723 74720 74717
3 74713 74710 74704
3 74694 74685 74680
3 74674 74671 74668
3 74667 74663 74654
3 74643 74640 74638
3 74633 74631 74628
3 74626 74620 74617
3 74614 74610 74606
3 74596 74594 74591
3 74587 74586 74580
3 74579 74576 74574
3 74568 74566 74562
3 74558 74557 74555
3 74553 74549 74545
3 74543 74542 74541
3 74539 74532 74530
3 74527 74521 74520
3 74519 74516 74515
3 74507 74506 74505
3 74502 74500 74499
3 74498 74497 74495
3 74492 74490 74486
3 74481 74470 74469
3 74466 74464 74463
3 74449 74448 74444
3 74443 74440 74428
3 74427 74426 74421
3 74419 74413 74408
3 74407 74406 74400
3 74399 74398 74396
3 74389 74382 74381
3 74378 74374 74371
3 74370 74360 74357
3 74351 74346 74341
3 74339 74338 74333
3 74332 74331 74327
3 74325 74322 74317
3 74315 74310 74309
3 74305 74300 74298
3 74282 74278 74273
3 74271 74269 74256
3 74251 74237 74236
3 74229 74226 74220
3 74218 74213 74211
3 74201 74195 74189
3 74179 74174 74172
3 74168 74163 74157
3 74154 74150 74148
3 74146 74143 74142
3 74138 74133 74132
3 74130 74129 74126
3 74124 74123 74121
3 74119 74115 74113
3 74106 74105 74104
3 74098 74097 74093
3 74092 74085 74084
3 74068 74067 74060
3 74049 74048 74047
3 74040 74039 74037
3 74035 74031 74030
3 74025 74024 74022
3 74013 74010 74006
3 73999 73998 73986
3 73983 73982 73980
3 73972 73962 73960
3 73949 73946 73943
3 73942 73935 73929
3 73925 73922 73921
3 73920 73917 73912
3 73908 73907 73903
3 73900 73895 73883
3 73876 73872 73869
3 73867 73866 73862
3 73858 73853 73847
3 73841 73838 73835
3 73833 73830 73827
3 73825 73819 73816
3 73810 73808 73802
3 73801 73793 73789
3 73783 73782 73779
3 73777 73776 73771
3 73767 73766 73763
3 73762 73761 73752
3 73747 73746 73740
3 73735 73732 73725
3 73720 73714 73711
3 73709 73701 73696
3 73693 73690 73687
3 73681 73680 73679
3 73673 73671 73669
3 73668 73667 73664
3 73657 73653 73652
3 73649 73647 73642
3 73641 73640 73637
3 73630 73627 73625
3 73623 73618 73610
3 73609 73604 73596
3 73591 73587 73582
3 73580 73575 73573
3 73571 73569 73560
3 73553 73551 73549
3 73547 73545 73542
3 73540 73535 73530
3 73529 73526 73518
3 73514 73511 73506
3 73502 73499 73498
3 73487 73483 73482
3 73474 73472 73471
3 73466 73462 73458
3 73457 73451 73446
3 73445 73441 73435
3 73434 73432 73430
3 73427 73425 73420
3 73418 73412 73405
3 73396 73391 73387
3 73383 73382 73381
3 73380 73376 73370
3 73369 73360 73358
3 73357 73355 73354
3 73349 73337 73335
3 73333 73330 73326
3 73325 73324 73322
3 73313 73310 73309
3 73308 73302 73300
3 73297 73295 73285
3 73284 73279 73271
3 73267 73262 73260
3 73258 73252 73251
3 73246 73240 73237
3 73235 73232 73230
3 73228 73227 73221
3 73219 73212 73210
3 73207 73206 73205
3 73199 73192 73190
3 73189 73187 73184
3 73177 73175 73173
3 73172 73171 73169
3 73161 73154 73151
3 73147 73144 73126
3 73122 73112 73108
3 73106 73103 73097
3 73094 73093 73091
3 73090 73088 73082
3 73080 73079 73078
3 73077 73076 73072
3 73071 73064 73057
3 73052 73050 73049
3 73047 73042 73038
3 73037 73035 73033
3 73032 73030 73026
3 73021 73020 73019
3 73018 73015 73012
3 73007 73001 72996
3 72995 72987 72979
3 72974 72972 72958
3 72956 72955 72948
3 72939 72937 72935
3 72931 72930 72919
3 72918 72910 72908
3 72895 72891 72886
3 72885 72877 72867
3 72865 72863 72862
3 72861 72858 72848
3 72847 72841 72837
3 72835 72832 72831
3 72829 72822 72821
3 72820 72819 72816
3 72810 72806 72803
3 72802 72799 72797
3 72796 72795 72792
3 72788 72782 72780
3 72779 72773 72770
3 72769 72768 72767
3 72763 72759 72758
3 72750 72741 72740
3 72738 72726 72723
3 72722 72718 72714
3 72711 72701 72696
3 72694 72687 72678
3 72674 72671 72670
3 72663 72660 72657
3 72654 72652 72651
3 72649 72645 72641
3 72635 72633 72632
3 72631 72629 72619
3 72610 72609 72606
3 72605 72603 72601
3 72592 72587 72577
3 72576 72569 72564
3 72561 72553 72547
3 72545 72541 72540
3 72538 72527 72517
3 72515 72512 72511
3 72507 72501 72500
3 72490 72488 72485
3 72484 72479 72478
3 72476 72475 72473
3 72472 72466 72461
3 72459 72452 72448
3 72443 72436 72433
3 72430 72420 72417
3 72416 72415 72414
3 72413 72411 72408
3 72407 72402 72400
3 72395 72394 72385
3 72382 72380 72376
3 72374 72371 72368
3 72363 72361 72358
3 72355 72353 72352
3 72350 72348 72344
3 72343 72335 72325
3 72320 72318 72316
3 72311 72305 72301
3 72296 72293 72292
3 72289 72280 72279
3 72267 72266 72262
3 72261 72257 72255
3 72248 72233 72227
3 72226 72221 72211
3 72201 72200 72187
3 72183 72182 72180
3 72178 72177 72176
3 72173 72164 72160
3 72155 72153 72152
3 72149 72142 72139
3 72134 72129 72128
3 72125 72124 72116
3 72111 72109 72104
3 72099 72096 72095
3 72094 72092 72090
3 72089 72080 72076
3 72074 72073 72072
3 72069 72058 72052
3 72047 72042 72041
3 72034 72032 72031
3 72030 72020 72018
3 72016 72011 72010
3 72007 72004 72003
3 71998 71995 71994
3 71991 71989 71988
3 71984 71983 71979
3 71976 71975 71971
3 71970 71969 71963
3 71956 71955 71949
3 71944 71940 71939
3 71938 71936 71934
3 71932 71927 71924
3 71922 71920 71905
3 71896 71890 71889
3 71888 71884 71882
3 71878 71877 71876
3 71874 71869 71859
3 71848 71839 71834
3 71822 71818 71810
3 71808 71793 71783
3 71782 71778 71764
3 71758 71757 71756
3 71755 71749 71748
3 71745 71743 71742
3 71732 71728 71727
3 71723 71717 71712
3 71711 71710 71707
3 71706 71705 71701
3 71687 71673 71670
3 71668 71664 71663
3 71656 71654 71645
3 71633 71632 71631
3 71630 71625 71614
3 71613 71612 71611
3 71610 71608 71601
3 71599 71592 71586
3 71583 71582 71581
3 71575 71567 71550
3 71549 71548 71542
3 71541 71536 71530
3 71526 71523 71521
3 71507 71500 71498
3 71493 71492 71490
3 71488 71487 71486
3 71484 71482 71480
3 71478 71471 71470
3 71467 71460 71458
3 71457 71454 71450
3 71449 71448 71447
3 71445 71440 71436
3 71433 71432 71429
3 71417 71412 71410
3 71407 71405 71403
3 71398 71397 71392
3 71388 71382 71381
3 71375 71374 71369
3 71365 71360 71351
3 71350 71348 71346
3 71339 71338 71329
3 71323 71320 71318
3 71316 71312 71309
3 71302 71299 71295
3 71293 71290 71289
3 71277 71276 71275
3 71274 71273 71272
3 71271 71265 71264
3 71262 71259 71254
3 71253 71248 71245
3 71236 71233 71231
3 71230 71229 71227
3 71226 71224 71222
3 71212 71211 71210
3 71208 71205 71204
3 71195 71187 71184
3 71181 71175 71170
3 71168 71162 71158
3 71151 71150 71145
3 71140 71137 71135
3 71131 71129 71127
3 71122 71120 71118
3 71116 71114 71110
3 71107 71105 71104
3 71101 71093 71092
3 71090 71089 71083
3 71081 71078 71077
3 71074 71073 71065
3 71057 71052 71046
3 71045 71040 71035
3 71032 71025 71023
3 71017 71014 71013
3 71011 71007 71005
3 71002 71001 71000
3 70995 70990 70983
3 70982 70975 70965
3 70963 70961 70953
3 70951 70947 70945
3 70941 70940 70939
3 70938 70934 70925
3 70922 70920 70919
3 70918 70917 70916
3 70908 70906 70900
3 70896 70895 70889
3 70888 70887 70883
3 70880 70878 70865
3 70861 70851 70850
3 70847 70845 70841
3 70837 70834 70827
3 70826 70825 70823
3 70821 70817 70812
3 70810 70808 70804
3 70803 70800 70796
3 70787 70786 70783
3 70777 70770 70762
3 70761 70755 70750
3 70749 70748 70737
3 70736 70734 70733
3 70726 70722 70718
3 70717 70712 70710
3 70709 70701 70700
3 70695 70693 70684
3 70683 70681 70671
3 70670 70669 70665
3 70663 70654 70652
3 70650 70649 70648
3 70646 70645 70642
3 70640 70637 70622
3 70621 70619 70616
3 70614 70607 70602
3 70600 70595 70593
3 70592 70586 70583
3 70580 70579 70574
3 70572 70568 70566
3 70565 70564 70559
3 70552 70549 70528
3 70524 70521 70520
3 70514 70509 70508
3 70507 70505 70504
3 70497 70494 70491
3 70490 70489 70488
3 70485 70484 70483
3 70482 70472 70470
3 70467 70462 70461
3 70450 70439 70428
3 70425 70423 70416
3 70414 70408 70402
3 70401 70395 70393
3 70391 70389 70387
3 70379 70378 70376
3 70372 70368 70362
3 70357 70354 70351
3 70346 70344 70343
3 70339 70338 70333
3 70331 70325 70323
3 70322 70319 70302
3 70299 70294 70292
3 70291 70289 70287
3 70286 70283 70282
3 70280 70278 70273
3 70269 70266 70265
3 70255 70253 70251
3 70248 70246 70226
3 70220 70216 70209
3 70207 70204 70201
3 70197 70195 70192
3 70186 70182 70179
3 70175 70156 70152
3 70151 70150 70138
3 70137 70129 70127
3 70123 70121 70116
3 70111 70106 70104
3 70103 70094 70091
3 70089 70087 70083
3 70079 70074 70066
3 70063 70061 70051
3 70043 70041 70039
3 70033 70023 70019
3 70016 70014 70013
3 70005 69997 69996
3 69994 69990 69984
3 69981 69975 69971
3 69970 69969 69966
3 69965 69964 69956
3 69952 69947 69946
3 69945 69942 69939
3 69938 69937 69933
3 69927 69925 69923
3 69921 69920 69910
3 69904 69902 69901
3 69897 69894 69892
3 69888 69884 69881
3 69875 69869 69867
3 69862 69859 69857
3 69846 69845 69842
3 69839 69829 69822
3 69820 69818 69814
3 69809 69805 69803
3 69801 69794 69793
3 69788 69787 69778
3 69775 69769 69768
3 69767 69766 69765
3 69758 69757 69755
3 69752 69746 69739
3 69732 69731 69727
3 69722 69721 69714
3 69706 69704 69700
3 69699 69697 69693
3 69692 69690 69686
3 69682 69681 69674
3 69669 69668 69661
3 69659 69657 69653
3 69649 69648 69647
3 69641 69633 69632
3 69626 69625 69623
3 69621 69619 69614
3 69611 69609 69602
3 69580 69573 69572
3 69569 69566 69548
3 69546 69542 69539
3 69536 69535 69533
3 69530 69528 69527
3 69524 69522 69515
3 69514 69513 69511
3 69500 69499 69496
3 69486 69485 69482
3 69471 69470 69464
3 69463 69456 69449
3 69441 69439 69435
3 69434 69433 69431
3 69429 69423 69420
3 69419 69418 69417
3 69412 69406 69399
3 69394 69389 69388
3 69387 69382 69376
3 69375 69374 69372
3 69371 69367 69364
3 69357 69352 69350
3 69347 69341 69338
3 69331 69330 69329
3 69328 69327 69302
3 69297 69295 69293
3 69285 69283 69276
3 69269 69268 69264
3 69263 69255 69253
3 69250 69249 69246
3 69245 69244 69243
3 69232 69218 69217
3 69208 69204 69198
3 69195 69194 69188
3 69180 69178 69168
3 69167 69161 69160
3 69158 69155 69145
3 69142 69132 69129
3 69125 69122 69121
3 69114 69108 69106
3 69101 69096 69094
3 69089 69087 69086
3 69085 69083 69080
3 69076 69075 69074
3 69064 69061 69060
3 69055 69054 69045
3 69038 69021 69016
3 69014 69004 69002
3 68994 68993 68989
3 68983 68980 68972
3 68970 68959 68954
3 68950 68949 68947
3 68946 68945 68944
3 68942 68939 68934
3 68931 68930 68929
3 68926 68924 68921
3 68920 68919 68917
3 68900 68897 68896
3 68895 68892 68885
3 68882 68877 68870
3 68868 68866 68863
3 68862 68861 68859
3 68851 68848 68842
3 68835 68828 68823
3 68819 68809 68808
3 68806 68805 68802
3 68800 68795 68787
3 68782 68781 68776
3 68774 68771 68767
3 68766 68765 68764
3 68761 68758 68757
3 68754 68752 68751
3 68749 68747 68744
3 68743 68742 68735
3 68728 68725 68721
3 68720 68719 68705
3 68703 68702 68693
3 68692 68691 68689
3 68686 68685 68684
3 68678 68674 68673
3 68672 68668 68665
3 68664 68663 68661
3 68658 68650 68647
3 68638 68636 68635
3 68632 68630 68623
3 68622 68620 68618
3 68612 68611 68604
3 68601 68596 68588
3 68577 68572 68571
3 68568 68565 68563
3 68553 68552 68550
3 68549 68543 68531
3 68528 68527 68517
3 68516 68500 68490
3 68488 68487 68482
3 68477 68476 68471
3 68467 68466 68465
3 68463 68461 68450
3 68447 68445 68442
3 68437 68433 68428
3 68425 68419 68416
3 68411 68403 68400
3 68394 68393 68384
3 68380 68379 68378
3 68371 68370 68367
3 68365 68359 68356
3 68353 68351 68347
3 68346 68345 68343
3 68341 68338 68337
3 68332 68331 68328
3 68324 68323 68321
3 68319 68316 68313
3 68310 68307 68304
3 68296 68295 68290
3 68287 68285 68283
3 68282 68273 68271
3 68270 68266 68264
3 68261 68256 68255
3 68254 68244 68242
3 68240 68229 68228
3 68224 68222 68216
3 68214 68210 68207
3 68201 68196 68194
3 68190 68184 68181
3 68178 68177 68171
3 68163 68159 68158
3 68150 68147 68144
3 68143 68135 68132
3 68122 68118 68117
3 68116 68115 68112
3 68111 68107 68105
3 68104 68102 68099
3 68095 68092 68090
3 68077 68073 68072
3 68064 68060 68057
3 68052 68047 68036
3 68032 68027 68024
3 68020 68018 68008
3 68004 68002 68001
3 67997 67993 67991
3 67987 67985 67982
3 67981 67975 67974
3 67973 67971 67966
3 67962 67961 67952
3 67950 67946 67940
3 67928 67922 67919
3 67918 67915 67912
3 67910 67903 67898
3 67895 67888 67886
3 67883 67882 67878
3 67868 67867 67864
3 67863 67857 67854
3 67851 67849 67845
3 67843 67842 67841
3 67835 67827 67826
3 67823 67817 67812
3 67809 67802 67797
3 67795 67793 67790
3 67788 67786 67781
3 67780 67779 67777
3 67775 67774 67773
3 67772 67771 67764
3 67763 67761 67748
3 67747 67738 67736
3 67727 67722 67719
3 67716 67712 67711
3 67709 67708 67706
3 67704 67697 67695
3 67693 67690 67672
3 67669 67665 67663
3 67657 67647 67643
3 67641 67639 67634
3 67624 67620 67616
3 67615 67610 67606
3 67592 67583 67574
3 67573 67568 67565
3 67561 67560 67558
3 67557 67553 67551
3 67548 67547 67539
3 67536 67535 67534
3 67526 67517 67514
3 67511 67504 67502
3 67499 67492 67491
3 67482 67481 67477
3 67465 67459 67452
3 67445 67443 67438
3 67427 67424 67418
3 67414 67413 67407
3 67401 67399 67398
3 67395 67392 67391
3 67386 67370 67368
3 67366 67364 67363
3 67356 67353 67343
3 67341 67332 67325
3 67324 67321 67319
3 67316 67313 67312
3 67301 67300 67292
3 67278 67272 67264
3 67260 67258 67255
3 67254 67233 67232
3 67228 67220 67219
3 67215 67213 67207
3 67201 67199 67198
3 67197 67189 67179
3 67176 67174 67173
3 67171 67163 67162
3 67160 67157 67152
3 67149 67145 67142
3 67138 67133 67132
3 67126 67119 67117
3 67115 67111 67108
3 67107 67098 67097
3 67093 67085 67084
3 67083 67075 67074
3 67072 67068 67062
3 67060 67054 67044
3 67040 67039 67038
3 67036 67032 67031
3 67030 67028 67024
3 67022 67018 67008
3 67007 66998 66996
3 66993 66978 66977
3 66966 66963 66962
3 66958 66956 66953
3 66951 66950 66945
3 66943 66941 66939
3 66937 66923 66921
3 66920 66910 66909
3 66905 66900 66899
3 66894 66893 66885
3 66880 66879 66873
3 66866 66862 66858
3 66851 66844 66838
3 66829 66827 66820
3 66816 66814 66810
3 66807 66806 66805
3 66803 66796 66788
3 66783 66780 66778
3 66776 66775 66768
3 66763 66762 66761
3 66760 66742 66741
3 66735 66734 66732
3 66729 66725 66722
3 66721 66715 66714
3 66709 66704 66700
3 66696 66691 66689
3 66686 66684 66671
3 66670 66663 66661
3 66656 66647 66646
3 66645 66641 66639
3 66638 66636 66635
3 66632 66631 66629
3 66622 66617 66616
3 66611 66610 66604
3 66602 66586 66583
3 66581 66580 66579
3 66573 66569 66560
3 66559 66558 66557
3 66555 66553 66549
3 66542 66541 66536
3 66535 66526 66525
3 66524 66518 66509
3 66499 66497 66494
3 66493 66492 66485
3 66478 66476 66470
3 66466 66464 66463
3 66461 66459 66458
3 66454 66451 66448
3 66443 66435 66434
3 66432 66425 66421
3 66420 66414 66412
3 66409 66404 66401
3 66395 66385 66383
3 66379 66371 66367
3 66360 66358 66357
3 66351 66350 66348
3 66339 66337 66336
3 66327 66322 66317
3 66315 66310 66309
3 66307 66301 66300
3 66298 66297 66293
3 66287 66279 66272
3 66269 66267 66265
3 66264 66258 66244
3 66242 66239 66232
3 66230 66226 66222
3 66210 66208 66205
3 66204 66201 66200
3 66195 66192 66190
3 66186 66183 66180
3 66176 66167 66163
3 66161 66158 66157
3 66154 66152 66150
3 66147 66146 66143
3 66142 66140 66138
3 66132 66130 66129
3 66111 66103 66101
3 66099 66097 66096
3 66085 66081 66079
3 66074 66067 66064
3 66063 66061 66058
3 66050 66044 66042
3 66041 66037 66036
3 66035 66029 66023
3 66021 66010 66006
3 65999 65997 65993
3 65992 65990 65989
3 65985 65981 65976
3 65970 65960 65956
3 65954 65947 65944
3 65938 65937 65934
3 65931 65928 65927
3 65923 65915 65908
3 65905 65904 65900
3 65890 65889 65885
3 65882 65881 65875
3 65872 65869 65865
3 65863 65860 65856
3 65855 65849 65848
3 65845 65844 65841
3 65836 65833 65831
3 65829 65827 65825
3 65824 65815 65812
3 65811 65806 65805
3 65795 65793 65791
3 65785 65782 65773
3 65761 65756 65755
3 65749 65748 65742
3 65735 65733 65731
3 65727 65726 65725
3 65724 65710 65705
3 65696 65693 65689
3 65687 65686 65682
3 65679 65668 65666
3 65662 65661 65656
3 65647 65640 65629
3 65622 65621 65619
3 65617 65614 65612
3 65610 65608 65595
3 65592 65590 65584
3 65583 65574 65573
3 65572 65570 65564
3 65563 65562 65557
3 65550 65544 65529
3 65527 65522 65520
3 65516 65512 65511
3 65509 65496 65490
3 65483 65480 65470
3 65469 65465 65460
3 65458 65457 65456
3 65454 65451 65446
3 65445 65442 65438
3 65436 65432 65430
3 65428 65420 65419
3 65418 65415 65407
3 65406 65402 65399
3 65389 65385 65381
3 65380 65377 65376
3 65374 65368 65366
3 65363 65360 65356
3 65355 65354 65352
3 65349 65346 65345
3 65338 65333 65332
3 65331 65325 65324
3 65315 65314 65300
3 65298 65297 65296
3 65294 65292 65290
3 65277 65274 65268
3 65267 65264 65262
3 65261 65258 65255
3 65251 65250 65244
3 65243 65238 65236
3 65226 65224 65223
3 65222 65214 65211
3 65210 65206 65205
3 65202 65197 65194
3 65193 65187 65184
3 65181 65177 65176
3 65174 65163 65161
3 65153 65150 65145
3 65141 65139 65137
3 65132 65130 65124
3 65119 65114 65109
3 65107 65100 65099
3 65089 65088 65084
3 65078 65068 65066
3 65055 65048 65047
3 65041 65040 65033
3 65022 65019 65015
3 65013 65011 65002
3 64999 64997 64994
3 64993 64992 64991
3 64990 64986 64985
3 64982 64978 64972
3 64965 64961 64947
3 64946 64945 64944
3 64941 64940 64939
3 64923 64912 64906
3 64899 64879 64869
3 64867 64866 64861
3 64860 64859 64854
3 64852 64847 64846
3 64842 64840 64834
3 64830 64829 64826
3 64821 64816 64814
3 64813 64812 64811
3 64808 64807 64804
3 64802 64800 64799
3 64797 64786 64782
3 64780 64779 64777
3 64770 64764 64763
3 64762 64758 64753
3 64752 64751 64745
3 64744 64743 64742
3 64741 64739 64736
3 64735 64734 64731
3 64729 64726 64715
3 64714 64713 64711
3 64707 64702 64701
3 64697 64696 64695
3 64691 64681 64680
3 64679 64676 64674
3 64670 64669 64668
3 64667 64661 64660
3 64656 64652 64649
3 64643 64640 64636
3 64635 64629 64628
3 64626 64623 64619
3 64614 64611 64610
3 64607 64603 64599
3 64595 64593 64592
3 64584 64583 64577
3 64576 64572 64563
3 64559 64555 64554
3 64552 64550 64544
3 64543 64542 64540
3 64530 64526 64523
3 64520 64512 64506
3 64500 64492 64491
3 64489 64484 64483
3 64480 64475 64472
3 64471 64469 64465
3 64462 64459 64450
3 64448 64445 64439
3 64437 64435 64434
3 64429 64428 64423
3 64416 64415 64411
3 64410 64388 64386
3 64381 64380 64372
3 64365 64361 64357
3 64355 64342 64340
3 64337 64336 64332
3 64329 64325 64324
3 64319 64314 64312
3 64307 64306 64305
3 64300 64291 64286
3 64280 64279 64275
3 64274 64268 64261
3 64258 64255 64235
3 64233 64231 64228
3 64224 64220 64204
3 64202 64201 64194
3 64190 64188 64179
3 64178 64172 64165
3 64164 64163 64162
3 64161 64160 64158
3 64157 64154 64147
3 64141 64138 64134
3 64132 64131 64130
3 64128 64127 64126
3 64124 64121 64116
3 64109 64107 64100
3 64099 64098 64093
3 64089 64088 64087
3 64085 64082 64071
3 64063 64056 64054
3 64047 64045 64041
3 64040 64035 64034
3 64033 64029 64027
3 64019 64018 64011
3 64010 64009 64008
3 64007 64004 64001
3 63993 63985 63984
3 63981 63978 63969
3 63964 63958 63955
3 63951 63949 63948
3 63946 63944 63940
3 63938 63928 63927
3 63926 63923 63920
3 63916 63907 63904
3 63891 63888 63887
3 63882 63877 63874
3 63868 63867 63861
3 63858 63856 63855
3 63853 63850 63847
3 63846 63835 63828
3 63815 63813 63812
3 63809 63805 63804
3 63800 63799 63797
3 63793 63791 63787
3 63785 63781 63773
3 63757 63751 63750
3 63745 63743 63742
3 63737 63736 63735
3 63726 63703 63687
3 63684 63680 63678
3 63673 63672 63670
3 63669 63664 63659
3 63657 63653 63652
3 63643 63642 63640
3 63639 63637 63632
3 63628 63627 63625
3 63624 63623 63622
3 63612 63607 63599
3 63598 63594 63575
3 63566 63561 63560
3 63552 63526 63524
3 63521 63520 63516
3 63510 63505 63496
3 63492 63491 63489
3 63488 63485 63480
3 63479 63476 63471
3 63467 63458 63456
3 63451 63450 63449
3 63438 63435 63434
3 63431 63430 63428
3 63425 63424 63422
3 63418 63408 63402
3 63398 63397 63391
3 63390 63387 63381
3 63378 63376 63369
3 63367 63361 63358
3 63352 63339 63333
3 63332 63331 63330
3 63328 63321 63319
3 63316 63309 63303
3 63290 63284 63279
3 63276 63271 63262
3 63261 63252 63243
3 63242 63241 63232
3 63231 63230 63227
3 63226 63218 63213
3 63208 63207 63192
3 63188 63185 63183
3 63179 63176 63168
3 63166 63165 63163
3 63160 63159 63157
3 63156 63153 63152
3 63140 63133 63125
3 63124 63120 63118
3 63117 63112 63109
3 63096 63095 63094
3 63092 63091 63089
3 63087 63080 63075
3 63074 63071 63069
3 63067 63062 63060
3 63055 63050 63049
3 63034 63031 63023
3 63021 63019 63018
3 63015 63013 63012
3 63010 63001 62997
3 62993 62991 62990
3 62989 62984 62967
3 62966 62964 62962
3 62958 62955 62951
3 62948 62932 62930
3 62928 62927 62926
3 62922 62919 62917
3 62915 62913 62910
3 62903 62902 62901
3 62899 62894 62890
3 62884 62875 62868
3 62867 62864 62854
3 62851 62850 62848
3 62843 62840 62839
3 62838 62831 62830
3 62828 62819 62814
3 62813 62801 62786
3 62784 62780 62777
3 62774 62772 62770
3 62768 62765 62761
3 62760 62759 62755
3 62754 62746 62741
3 62737 62728 62725
3 62724 62719 62711
3 62708 62696 62693
3 62692 62687 62686
3 62685 62681 62676
3 62673 62671 62664
3 62663 62662 62661
3 62660 62657 62642
3 62640 62634 62633
3 62631 62627 62626
3 62625 62624 62619
3 62618 62607 62603
3 62594 62589 62583
3 62582 62581 62575
3 62573 62568 62567
3 62558 62555 62544
3 62543 62539 62534
3 62531 62530 62529
3 62528 62519 62518
3 62511 62506 62500
3 62499 62484 62480
3 62472 62468 62467
3 62466 62465 62462
3 62459 62457 62456
3 62443 62440 62438
3 62437 62420 62408
3 62406 62404 62402
3 62401 62400 62397
3 62396 62393 62385
3 62384 62377 62365
3 62362 62360 62350
3 62348 62344 62324
3 62323 62321 62319
3 62312 62309 62308
3 62306 62300 62297
3 62289 62280 62279
3 62275 62274 62266
3 62262 62254 62253
3 62243 62241 62238
3 62232 62231 62225
3 62218 62206 62204
3 62202 62201 62195
3 62193 62192 62182
3 62166 62163 62159
3 62155 62154 62147
3 62137 62133 62130
3 62127 62102 62101
3 62100 62099 62092
3 62091 62089 62088
3 62079 62074 62073
3 62071 62070 62068
3 62057 62056 62055
3 62051 62046 62045
3 62030 62025 62018
3 62016 62010 62008
3 62006 62000 61992
3 61986 61985 61980
3 61973 61968 61963
3 61960 61959 61956
3 61955 61947 61945
3 61944 61940 61935
3 61932 61926 61925
3 61921 61918 61915
3 61907 61906 61904
3 61903 61901 61898
3 61893 61887 61882
3 61881 61880 61877
3 61876 61875 61867
3 61865 61857 61855
3 61853 61851 61835
3 61832 61827 61825
3 61822 61817 61813
3 61812 61802 61799
3 61795 61793 61788
3 61787 61784 61777
3 61774 61772 61765
3 61761 61760 61756
3 61755 61754 61753
3 61750 61748 61744
3 61740 61725 61723
3 61722 61721 61714
3 61710 61706 61704
3 61703 61701 61700
3 61695 61687 61685
3 61683 61680 61678
3 61677 61668 61664
3 61657 61652 61649
3 61648 61646 61645
3 61635 61632 61624
3 61623 61620 61616
3 61610 61609 61604
3 61603 61600 61595
3 61594 61590 61586
3 61584 61581 61579
3 61578 61567 61565
3 61559 61557 61554
3 61553 61547 61546
3 61544 61542 61540
3 61538 61536 61530
3 61527 61519 61517
3 61508 61505 61503
3 61496 61478 61474
3 61470 61469 61467
3 61466 61465 61460
3 61459 61448 61445
3 61442 61439 61436
3 61432 61431 61429
3 61426 61425 61417
3 61412 61410 61409
3 61408 61407 61406
3 61403 61397 61386
3 61385 61384 61383
3 61382 61378 61374
3 61371 61365 61364
3 61362 61354 61353
3 61351 61349 61345
3 61343 61342 61340
3 61339 61333 61327
3 61323 61315 61308
3 61304 61303 61302
3 61299 61296 61294
3 61291 61290 61286
3 61283 61279 61275
3 61274 61262 61257
3 61250 61246 61240
3 61239 61236 61228
3 61225 61222 61217
3 61215 61212 61208
3 61207 61203 61201
3 61200 61193 61191
3 61185 61181 61178
3 61175 61167 61162
3 61146 61140 61139
3 61137 61133 61128
3 61124 61122 61115
3 61114 61109 61102
3 61094 61087 61077
3 61071 61068 61062
3 61055 61052 61049
3 61048 61045 61044
3 61041 61036 61035
3 61032 61031 61023
3 61015 61014 61011
3 61008 61007 61005
3 61001 60997 60996
3 60992 60991 60990
3 60988 60977 60973
3 60971 60969 60967
3 60964 60961 60952
3 60938 60934 60932
3 60922 60920 60919
3 60914 60910 60903
3 60897 60892 60890
3 60889 60888 60886
3 60884 60883 60877
3 60875 60871 60870
3 60866 60861 60832
3 60829 60825 60821
3 60819 60816 60813
3 60810 60805 60802
3 60800 60799 60793
3 60790 60788 60776
3 60754 60748 60744
3 60742 60734 60733
3 60731 60725 60723
3 60722 60721 60719
3 60712 60709 60706
3 60701 60700 60697
3 60696 60694 60692
3 60689 60686 60685
3 60682 60681 60677
3 60671 60666 60658
3 60657 60655 60649
3 60648 60647 60641
3 60632 60623 60612
3 60607 60593 60591
3 60586 60577 60575
3 60564 60560 60552
3 60546 60545 60544
3 60525 60523 60521
3 60519 60517 60516
3 60514 60511 60508
3 60507 60505 60501
3 60499 60493 60486
3 60478 60472 60464
3 60463 60461 60460
3 60459 60454 60453
3 60443 60440 60435
3 60434 60433 60430
3 60423 60420 60410
3 60408 60406 60403
3 60399 60396 60394
3 60391 60390 60382
3 60380 60374 60370
3 60369 60367 60366
3 60365 60359 60358
3 60352 60347 60346
3 60341 60338 60336
3 60335 60334 60331
3 60329 60328 60327
3 60325 60321 60315
3 60307 60301 60298
3 60291 60284 60283
3 60279 60278 60274
3 60260 60258 60255
3 60254 60249 60241
3 60239 60238 60230
3 60227 60223 60221
3 60217 60216 60213
3 60208 60204 60195
3 60190 60187 60182
3 60178 60176 60175
3 60172 60161 60156
3 60152 60146 60145
3 60144 60143 60140
3 60132 60129 60128
3 60115 60113 60110
3 60107 60104 60099
3 60094 60093 60091
3 60080 60074 60072
3 60069 60067 60066
3 60065 60064 60063
3 60060 60059 60055
3 60054 60051 60050
3 60047 60046 60044
3 60039 60037 60036
3 60026 60022 60016
3 60012 60006 59981
3 59980 59976 59968
3 59966 59960 59959
3 59957 59956 59953
3 59949 59946 59944
3 59934 59931 59927
3 59921 59918 59898
3 59894 59887 59884
3 59879 59874 59873
3 59870 59869 59862
3 59861 59855 59850
3 59845 59844 59843
3 59839 59838 59835
3 59831 59826 59824
3 59818 59817 59816
3 59814 59811 59810
3 59808 59798 59795
3 59789 59782 59775
3 59767 59750 59747
3 59745 59744 59742
3 59740 59739 59738
3 59728 59726 59725
3 59719 59709 59708
3 59706 59702 59700
3 59690 59687 59681
3 59678 59677 59676
3 59664 59659 59655
3 59653 59650 59649
3 59646 59642 59641
3 59638 59635 59628
3 59627 59623 59619
3 59618 59611 59610
3 59604 59603 59601
3 59597 59589 59587
3 59586 59576 59575
3 59572 59571 59566
3 59561 59559 59555
3 59553 59552 59549
3 59543 59539 59537
3 59522 59521 59520
3 59518 59515 59511
3 59508 59499 59494
3 59493 59490 59489
3 59470 59466 59465
3 59462 59459 59456
3 59453 59441 59439
3 59438 59434 59431
3 59423 59422 59421
3 59419 59417 59408
3 59406 59401 59400
3 59395 59390 59385
3 59382 59380 59375
3 59373 59367 59364
3 59363 59360 59359
3 59352 59342 59340
3 59339 59333 59331
3 59329 59327 59321
3 59313 59308 59297
3 59296 59291 59290
3 59286 59283 59282
3 59281 59278 59275
3 59271 59269 59267
3 59266 59265 59262
3 59255 59252 59248
3 59237 59236 59233
3 59231 59225 59223
3 59217 59216 59204
3 59199 59197 59191
3 59188 59183 59179
3 59173 59169 59165
3 59161 59158 59148
3 59146 59138 59135
3 59131 59128 59126
3 59121 59120 59116
3 59110 59109 59106
3 59105 59101 59098
3 59097 59096 59095
3 59094 59090 59082
3 59081 59069 59067
3 59064 59062 59061
3 59048 59047 59043
3 59035 59033 59032
3 59030 59026 59020
3 59018 59015 59012
3 59006 59002 58997
3 58993 58966 58963
3 58959 58957 58955
3 58944 58942 58931
3 58929 58927 58921
3 58918 58916 58910
3 58906 58902 58895
3 58891 58888 58885
3 58882 58876 58870
3 58863 58859 58858
3 58856 58855 58849
3 58842 58841 58840
3 58835 58833 58831
3 58830 58827 58825
3 58824 58822 58820
3 58815 58812 58807
3 58782 58777 58768
3 58767 58765 58764
3 58761 58759 58747
3 58744 58743 58741
3 58738 58737 58735
3 58724 58723 58721
3 58720 58716 58714
3 58710 58709 58708
3 58707 58700 58699
3 58697 58695 58686
3 58682 58665 58657
3 58653 58642 58637
3 58631 58627 58626
3 58625 58624 58623
3 58619 58618 58617
3 58612 58609 58608
3 58606 58603 58597
3 58596 58592 58588
3 58586 58581 58579
3 58575 58574 58565
3 58552 58549 58536
3 58532 58530 58526
3 58525 58524 58523
3 58519 58518 58514
3 58513 58511 58499
3 58494 58492 58484
3 58478 58473 58471
3 58469 58462 58459
3 58451 58448 58445
3 58442 58432 58424
3 58423 58422 58413
3 58412 58410 58409
3 58406 58398 58391
3 58390 58385 58382
3 58376 58373 58372
3 58371 58368 58363
3 58350 58349 58347
3 58344 58338 58335
3 58329 58326 58313
3 58312 58306 58300
3 58299 58298 58297
3 58288 58285 58281
3 58275 58274 58273
3 58266 58261 58255
3 58254 58247 58245
3 58243 58224 58221
3 58211 58208 58205
3 58204 58196 58187
3 58185 58183 58182
3 58181 58172 58156
3 58143 58141 58133
3 58113 58108 58104
3 58103 58096 58094
3 58090 58086 58085
3 58082 58072 58065
3 58056 58053 58050
3 58049 58047 58041
3 58039 58035 58029
3 58027 58020 58016
3 58015 58005 57996
3 57992 57991 57982
3 57977 57975 57972
3 57968 57966 57965
3 57964 57963 57958
3 57956 57954 57952
3 57951 57950 57949
3 57948 57945 57943
3 57939 57933 57931
3 57930 57927 57924
3 57922 57921 57919
3 57918 57915 57901
3 57900 57899 57889
3 57888 57880 57879
3 57878 57877 57872
3 57870 57864 57857
3 57851 57849 57847
3 57843 57841 57839
3 57830 57827 57820
3 57819 57815 57814
3 57806 57801 57800
3 57797 57795 57788
3 57785 57783 57780
3 57775 57771 57769
3 57766 57761 57759
3 57746 57741 57740
3 57736 57726 57720
3 57719 57716 57714
3 57713 57708 57696
3 57693 57690 57685
3 57680 57676 57674
3 57673 57667 57663
3 57661 57656 57653
3 57650 57641 57627
3 57623 57612 57605
3 57599 57598 57591
3 57590 57584 57582
3 57581 57573 57568
3 57564 57563 57555
3 57554 57553 57549
3 57545 57544 57534
3 57533 57529 57523
3 57521 57512 57509
3 57506 57498 57494
3 57493 57485 57484
3 57478 57476 57473
3 57472 57463 57457
3 57454 57451 57448
3 57444 57442 57440
3 57438 57435 57431
3 57429 57417 57413
3 57405 57404 57403
3 57399 57398 57397
3 57394 57390 57389
3 57383 57370 57367
3 57366 57362 57350
3 57346 57345 57344
3 57333 57325 57324
3 57323 57318 57315
3 57313 57311 57305
3 57304 57303 57302
3 57298 57294 57292
3 57289 57287 57283
3 57273 57271 57254
3 57250 57248 57243
3 57236 57234 57233
3 57229 57224 57220
3 57217 57208 57200
3 57193 57189 57187
3 57183 57176 57172
3 57142 57133 57127
3 57119 57118 57116
3 57109 57107 57099
3 57097 57086 57084
3 57079 57077 57075
3 57073 57069 57066
3 57064 57063 57050
3 57043 57042 57034
3 57031 57030 57028
3 57021 57019 57018
3 57015 57013 57006
3 57003 57002 56997
3 56994 56993 56986
3 56985 56974 56973
3 56968 56964 56963
3 56959 56957 56954
3 56932 56928 56926
3 56919 56918 56916
3 56914 56910 56901
3 56899 56892 56890
3 56888 56887 56883
3 56880 56879 56877
3 56874 56848 56846
3 56844 56841 56839
3 56838 56831 56828
3 56822 56819 56815
3 56814 56813 56812
3 56811 56810 56807
3 56804 56802 56799
3 56789 56786 56785
3 56784 56781 56780
3 56775 56772 56771
3 56770 56769 56768
3 56767 56755 56752
3 56749 56748 56742
3 56737 56736 56733
3 56724 56722 56716
3 56708 56705 56702
3 56700 56693 56689
3 56683 56676 56673
3 56670 56668 56665
3 56663 56659 56655
3 56653 56650 56646
3 56638 56636 56634
3 56632 56623 56622
3 56619 56618 56614
3 56611 56609 56608
3 56602 56593 56587
3 56583 56580 56573
3 56571 56561 56560
3 56555 56547 56540
3 56538 56535 56529
3 56517 56511 56510
3 56507 56505 56496
3 56489 56488 56483
3 56478 56476 56473
3 56465 56464 56461
3 56445 56437 56434
3 56428 56423 56422
3 56409 56406 56401
3 56400 56399 56395
3 56388 56387 56380
3 56378 56377 56370
3 56368 56366 56363
3 56350 56346 56345
3 56337 56331 56328
3 56320 56319 56318
3 56316 56311 56308
3 56306 56297 56295
3 56291 56290 56289
3 56285 56276 56273
3 56270 56269 56268
3 56266 56259 56257
3 56253 56246 56239
3 56236 56229 56227
3 56226 56224 56217
3 56216 56212 56207
3 56203 56201 56192
3 56187 56176 56175
3 56171 56169 56166
3 56162 56150 56149
3 56144 56137 56132
3 56131 56127 56111
3 56100 56098 56090
3 56089 56087 56086
3 56076 56070 56069
3 56068 56066 56063
3 56061 56059 56049
3 56048 56043 56042
3 56036 56032 56029
3 56028 56024 56018
3 56015 56014 56011
3 56008 56007 56006
3 56000 55998 55997
3 55996 55994 55992
3 55991 55986 55983
3 55982 55971 55966
3 55965 55964 55961
3 55956 55951 55949
3 55948 55946 55945
3 55944 55938 55930
3 55923 55919 55918
3 55917 55914 55911
3 55909 55902 55900
3 55894 55893 55886
3 55885 55882 55881
3 55879 55877 55876
3 55871 55865 55858
3 55848 55846 55843
3 55840 55831 55822
3 55818 55810 55805
3 55804 55796 55792
3 55791 55790 55789
3 55787 55786 55780
3 55774 55771 55770
3 55760 55758 55757
3 55756 55752 55750
3 55748 55747 55743
3 55742 55739 55738
3 55731 55728 55724
3 55717 55716 55715
3 55711 55710 55709
3 55708 55699 55695
3 55691 55689 55679
3 55675 55672 55671
3 55669 55665 55663
3 55659 55657 55656
3 55652 55649 55636
3 55632 55629 55623
3 55616 55614 55613
3 55609 55604 55590
3 55589 55588 55584
3 55580 55576 55571
3 55566 55560 55554
3 55552 55549 55545
3 55544 55543 55542
3 55540 55539 55537
3 55534 55531 55530
3 55521 55514 55512
3 55505 55489 55486
3 55469 55466 55464
3 55463 55462 55461
3 55459 55452 55450
3 55449 55445 55443
3 55436 55433 55432
3 55426 55425 55422
3 55421 55419 55416
3 55412 55411 55409
3 55402 55391 55389
3 55384 55370 55365
3 55364 55360 55357
3 55356 55351 55348
3 55347 55344 55341
3 55329 55326 55322
3 55319 55314 55313
3 55310 55296 55289
3 55276 55271 55268
3 55262 55256 55253
3 55250 55246 55244
3 55243 55240 55236
3 55231 55228 55227
3 55222 55221 55215
3 55212 55210 55207
3 55201 55200 55198
3 55196 55189 55185
3 55183 55180 55179
3 55175 55171 55170
3 55169 55166 55163
3 55161 55153 55151
3 55141 55135 55132
3 55130 55127 55122
3 55110 55107 55104
3 55095 55092 55091
3 55090 55086 55078
3 55075 55074 55071
3 55069 55068 55067
3 55063 55056 55052
3 55051 55049 55043
3 55042 55038 55029
3 55020 55019 55017
3 55009 55004 55003
3 55002 55000 54997
3 54993 54986 54984
3 54982 54980 54979
3 54978 54972 54970
3 54960 54959 54957
3 54955 54952 54950
3 54945 54944 54940
3 54938 54937 54936
3 54932 54931 54930
3 54927 54920 54916
3 54912 54909 54908
3 54905 54902 54899
3 54891 54887 54886
3 54885 54884 54875
3 54870 54869 54865
3 54860 54859 54849
3 54845 54844 54838
3 54836 54831 54826
3 54823 54817 54816
3 54812 54802 54800
3 54798 54797 54792
3 54791 54787 54786
3 54780 54777 54776
3 54775 54757 54754
3 54750 54748 54745
3 54732 54729 54728
3 54727 54726 54721
3 54719 54717 54710
3 54707 54704 54700
3 54695 54693 54689
3 54686 54679 54677
3 54676 54675 54672
3 54668 54663 54659
3 54655 54654 54645
3 54641 54634 54631
3 54629 54625 54621
3 54616 54613 54609
3 54608 54602 54599
3 54598 54595 54593
3 54591 54590 54589
3 54568 54563 54562
3 54556 54545 54544
3 54542 54539 54538
3 54537 54532 54530
3 54526 54521 54520
3 54516 54511 54510
3 54507 54504 54495
3 54485 54484 54483
3 54469 54465 54462
3 54461 54453 54439
3 54438 54435 54434
3 54433 54424 54422
3 54418 54415 54414
3 54406 54403 54402
3 54400 54397 54396
3 54389 54387 54386
3 54385 54382 54380
3 54365 54364 54355
3 54354 54352 54350
3 54349 54345 54340
3 54336 54330 54329
3 54326 54318 54315
3 54304 54301 54299
3 54294 54291 54290
3 54284 54276 54273
3 54264 54259 54258
3 54257 54256 54251
3 54250 54248 54247
3 54246 54241 54237
3 54235 54231 54216
3 54213 54211 54199
3 54195 54192 54191
3 54190 54186 54183
3 54181 54174 54165
3 54161 54151 54150
3 54149 54140 54133
3 54130 54128 54118
3 54116 54111 54110
3 54107 54105 54101
3 54100 54097 54093
3 54091 54090 54087
3 54081 54080 54078
3 54073 54066 54056
3 54051 54044 54039
3 54036 54034 54025
3 54018 54017 54015
3 54010 54006 54003
3 53998 53993 53988
3 53986 53985 53982
3 53980 53965 53961
3 53958 53957 53954
3 53949 53932 53930
3 53929 53920 53919
3 53909 53907 53903
3 53898 53894 53884
3 53874 53872 53870
3 53866 53864 53862
3 53859 53857 53855
3 53854 53850 53849
3 53848 53843 53841
3 53830 53827 53826
3 53825 53821 53820
3 53816 53814 53807
3 53800 53789 53785
3 53782 53775 53773
3 53766 53763 53760
3 53759 53754 53753
3 53750 53748 53746
3 53744 53739 53734
3 53733 53732 53729
3 53726 53724 53722
3 53720 53718 53717
3 53714 53708 53707
3 53700 53699 53696
3 53681 53680 53678
3 53676 53675 53667
3 53662 53657 53649
3 53648 53644 53638
3 53636 53635 53624
3 53623 53622 53621
3 53620 53616 53613
3 53608 53604 53599
3 53594 53593 53590
3 53587 53579 53577
3 53572 53571 53570
3 53566 53561 53557
3 53548 53547 53544
3 53542 53535 53531
3 53529 53527 53523
3 53521 53511 53505
3 53503 53501 53497
3 53494 53492 53491
3 53486 53483 53478
3 53473 53472 53466
3 53464 53462 53460
3 53451 53449 53448
3 53445 53444 53436
3 53434 53433 53431
3 53430 53429 53425
3 53424 53423 53410
3 53407 53403 53402
3 53399 53384 53381
3 53371 53366 53364
3 53363 53361 53356
3 53346 53340 53336
3 53333 53330 53329
3 53327 53325 53313
3 53308 53304 53303
3 53301 53300 53298
3 53296 53295 53291
3 53288 53280 53279
3 53278 53275 53273
3 53272 53269 53259
3 53255 53252 53247
3 53244 53243 53240
3 53234 53233 53223
3 53222 53221 53220
3 53214 53213 53210
3 53209 53203 53201
3 53183 53182 53176
3 53172 53165 53164
3 53161 53160 53146
3 53144 53141 53139
3 53135 53134 53131
3 53129 53128 53123
3 53113 53112 53110
3 53107 53102 53100
3 53097 53094 53088
3 53086 53081 53079
3 53074 53073 53072
3 53070 53069 53063
3 53061 53059 53055
3 53052 53050 53049
3 53046 53044 53031
3 53025 53023 53020
3 53018 53015 53011
3 53010 53009 53006
3 53002 53000 52995
3 52989 52988 52984
3 52971 52970 52963
3 52959 52958 52951
3 52947 52943 52940
3 52933 52930 52926
3 52923 52921 52920
3 52918 52916 52915
3 52910 52909 52904
3 52899 52889 52888
3 52886 52884 52883
3 52881 52875 52869
3 52866 52863 52861
3 52855 52851 52850
3 52846 52839 52836
3 52830 52829 52824
3 52820 52819 52817
3 52813 52809 52807
3 52806 52805 52804
3 52803 52798 52797
3 52796 52793 52790
3 52782 52778 52773
3 52767 52764 52761
3 52759 52756 52753
3 52752 52748 52746
3 52735 52733 52729
3 52727 52717 52716
3 52713 52701 52699
3 52698 52696 52691
3 52690 52682 52678
3 52675 52674 52671
3 52670 52669 52666
3 52665 52662 52661
3 52646 52640 52630
3 52629 52625 52623
3 52618 52615 52612
3 52610 52608 52607
3 52606 52604 52599
3 52597 52593 52592
3 52591 52588 52571
3 52569 52566 52565
3 52563 52562 52559
3 52550 52548 52543
3 52538 52533 52529
3 52520 52519 52506
3 52505 52497 52496
3 52493 52486 52479
3 52477 52474 52473
3 52470 52468 52467
3 52464 52454 52451
3 52447 52440 52439
3 52436 52430 52425
3 52421 52418 52417
3 52415 52414 52410
3 52409 52408 52407
3 52404 52401 52400
3 52388 52385 52382
3 52376 52373 52370
3 52369 52366 52356
3 52353 52337 52335
3 52327 52324 52323
3 52312 52310 52306
3 52298 52295 52291
3 52288 52287 52283
3 52280 52279 52278
3 52272 52271 52265
3 52261 52259 52253
3 52246 52244 52243
3 52240 52232 52226
3 52222 52220 52218
3 52216 52212 52211
3 52210 52205 52195
3 52187 52184 52175
3 52170 52160 52152
3 52149 52147 52145
3 52144 52142 52140
3 52137 52132 52125
3 52124 52120 52117
3 52115 52113 52106
3 52105 52103 52097
3 52095 52078 52076
3 52075 52074 52071
3 52070 52069 52065
3 52063 52062 52056
3 52054 52050 52049
3 52037 52034 52031
3 52030 52018 52016
3 52012 52010 52008
3 52001 51999 51998
3 51996 51995 51994
3 51989 51987 51985
3 51984 51983 51980
3 51973 51971 51970
3 51965 51961 51947
3 51946 51944 51940
3 51938 51937 51936
3 51930 51926 51923
3 51921 51919 51917
3 51913 51912 51906
3 51890 51889 51884
3 51875 51874 51873
3 51867 51866 51862
3 51861 51852 51850
3 51847 51846 51845
3 51834 51833 51831
3 51830 51829 51822
3 51810 51808 51807
3 51804 51801 51799
3 51797 51793 51785
3 51782 51780 51778
3 51766 51760 51754
3 51752 51744 51743
3 51741 51735 51727
3 51712 51705 51703
3 51701 51698 51695
3 51692 51687 51681
3 51672 51670 51666
3 51662 51658 51657
3 51656 51652 51643
3 51640 51633 51631
3 51629 51616 51613
3 51602 51597 51592
3 51588 51585 51582
3 51581 51568 51563
3 51556 51548 51535
3 51534 51533 51530
3 51528 51522 51518
3 51517 51513 51511
3 51507 51506 51505
3 51504 51500 51498
3 51492 51482 51480
3 51478 51476 51475
3 51471 51464 51461
3 51459 51455 51452
3 51450 51448 51447
3 51439 51438 51435
3 51432 51421 51420
3 51415 51414 51413
3 51408 51405 51396
3 51394 51393 51390
3 51385 51381 51378
3 51369 51367 51366
3 51353 51340 51330
3 51327 51318 51315
3 51312 51309 51298
3 51295 51290 51287
3 51286 51285 51281
3 51279 51274 51270
3 51265 51258 51254
3 51252 51251 51249
3 51246 51240 51238
3 51233 51232 51231
3 51225 51220 51218
3 51212 51207 51203
3 51198 51197 51191
3 51180 51179 51166
3 51158 51150 51147
3 51143 51142 51136
3 51135 51128 51122
3 51116 51115 51111
3 51094 51093 51086
3 51083 51082 51081
3 51079 51076 51074
3 51072 51070 51064
3 51062 51061 51057
3 51054 51053 51050
3 51049 51047 51044
3 51043 51039 51036
3 51035 51031 51023
3 51020 51019 51017
3 51016 51014 51010
3 51009 51000 50997
3 50996 50986 50983
3 50969 50961 50950
3 50948 50942 50941
3 50936 50935 50915
3 50912 50911 50909
3 50908 50907 50901
3 50898 50897 50892
3 50887 50884 50879
3 50876 50873 50872
3 50871 50855 50854
3 50853 50845 50843
3 50842 50829 50828
3 50827 50819 50816
3 50814 50810 50805
3 50800 50799 50795
3 50789 50786 50785
3 50764 50763 50754
3 50750 50749 50747
3 50745 50744 50731
3 50730 50728 50724
3 50723 50715 50707
3 50706 50704 50702
3 50700 50698 50694
3 50693 50692 50686
3 50682 50681 50669
3 50668 50665 50662
3 50661 50658 50657
3 50654 50653 50652
3 50648 50647 50642
3 50630 50629 50622
3 50616 50606 50601
3 50597 50595 50588
3 50587 50586 50585
3 50581 50577 50571
3 50570 50565 50561
3 50550 50544 50543
3 50537 50534 50533
3 50528 50525 50524
3 50522 50513 50511
3 50508 50503 50501
3 50500 50499 50488
3 50487 50485 50483
3 50474 50472 50465
3 50462 50461 50460
3 50455 50454 50453
3 50452 50438 50434
3 50428 50426 50422
3 50412 50409 50399
3 50375 50371 50366
3 50362 50354 50348
3 50347 50346 50341
3 50339 50319 50318
3 50317 50316 50315
3 50313 50310 50309
3 50303 50301 50289
3 50286 50277 50272
3 50256 50254 50242
3 50236 50233 50232
3 50230 50226 50217
3 50214 50207 50205
3 50204 50203 50201
3 50200 50189 50188
3 50178 50176 50171
3 50167 50162 50160
3 50159 50158 50157
3 50154 50152 50145
3 50142 50141 50140
3 50137 50134 50122
3 50119 50105 50103
3 50098 50094 50093
3 50090 50086 50085
3 50084 50083 50080
3 50077 50076 50075
3 50073 50072 50069
3 50064 50060 50054
3 50048 50039 50036
3 50032 50027 50016
3 50015 50009 50004
3 49997 49995 49994
3 49987 49986 49983
3 49978 49975 49974
3 49969 49963 49953
3 49937 49934 49927
3 49926 49924 49923
3 49921 49916 49907
3 49906 49905 49888
3 49880 49867 49866
3 49854 49844 49843
3 49841 49826 49813
3 49810 49809 49799
3 49797 49796 49792
3 49791 49788 49787
3 49777 49772 49770
3 49763 49761 49759
3 49758 49755 49749
3 49746 49740 49735
3 49733 49724 49720
3 49707 49705 49699
3 49696 49695 49694
3 49693 49691 49683
3 49670 49669 49666
3 49653 49647 49644
3 49638 49637 49633
3 49631 49630 49628
3 49627 49626 49625
3 49614 49612 49611
3 49610 49604 49602
3 49597 49593 49591
3 49590 49585 49584
3 49579 49572 49569
3 49567 49565 49563
3 49561 49556 49555
3 49549 49546 49539
3 49533 49531 49530
3 49526 49525 49523
3 49521 49519 49517
3 49512 49511 49508
3 49505 49503 49497
3 49494 49490 49489
3 49478 49476 49469
3 49468 49461 49457
3 49454 49445 49442
3 49440 49438 49434
3 49430 49424 49420
3 49415 49413 49412
3 49406 49403 49401
3 49377 49372 49367
3 49366 49365 49361
3 49354 49353 49350
3 49349 49343 49341
3 49337 49336 49335
3 49334 49333 49324
3 49323 49314 49313
3 49311 49306 49305
3 49303 49301 49297
3 49290 49287 49281
3 49278 49272 49267
3 49266 49263 49260
3 49259 49256 49252
3 49242 49241 49238
3 49236 49235 49233
3 49229 49222 49219
3 49214 49212 49202
3 49195 49192 49190
3 49189 49187 49182
3 49180 49175 49172
3 49171 49169 49163
3 49161 49150 49149
3 49146 49143 49134
3 49128 49127 49126
3 49124 49119 49118
3 49111 49105 49103
3 49098 49083 49078
3 49074 49071 49070
3 49068 49059 49052
3 49050 49047 49046
3 49031 49029 49027
3 49024 49019 49018
3 49016 49015 49010
3 48993 48989 48985
3 48980 48978 48968
3 48967 48963 48962
3 48961 48958 48950
3 48948 48943 48942
3 48936 48931 48926
3 48921 48920 48915
3 48912 48909 48907
3 48903 48901 48899
3 48897 48894 48884
3 48882 48878 48874
3 48866 48865 48861
3 48857 48856 48848
3 48843 48842 48841
3 48840 48839 48836
3 48835 48834 48832
3 48827 48825 48816
3 48810 48809 48807
3 48799 48794 48790
3 48787 48781 48779
3 48772 48771 48767
3 48763 48760 48757
3 48756 48755 48741
3 48740 48738 48735
3 48726 48721 48719
3 48718 48715 48712
3 48711 48709 48708
3 48706 48704 48703
3 48702 48696 48694
3 48693 48691 48684
3 48682 48679 48678
3 48677 48674 48673
3 48669 48666 48665
3 48661 48656 48653
3 48643 48640 48638
3 48636 48628 48627
3 48623 48613 48605
3 48601 48595 48591
3 48580 48577 48576
3 48569 48567 48564
3 48557 48556 48554
3 48545 48541 48530
3 48529 48523 48518
3 48517 48515 48507
3 48498 48496 48491
3 48488 48481 48476
3 48466 48449 48447
3 48431 48430 48429
3 48428 48421 48416
3 48412 48409 48407
3 48397 48393 48392
3 48389 48385 48381
3 48375 48374 48373
3 48366 48363 48353
3 48346 48344 48340
3 48338 48337 48329
3 48327 48325 48322
3 48321 48320 48314
3 48313 48312 48310
3 48304 48300 48296
3 48295 48293 48287
3 48285 48280 48278
3 48277 48258 48256
3 48251 48243 48242
3 48241 48235 48228
3 48218 48216 48214
3 48213 48209 48204
3 48202 48201 48200
3 48196 48188 48185
3 48184 48174 48173
3 48170 48169 48166
3 48160 48158 48157
3 48155 48149 48142
3 48139 48135 48129
3 48127 48125 48124
3 48119 48118 48113
3 48107 48106 48105
3 48097 48092 48091
3 48090 48087 48084
3 48083 48078 48072
3 48070 48056 48053
3 48051 48041 48038
3 48037 48026 48020
3 48013 48009 48002
3 47999 47994 47990
3 47987 47977 47971
3 47965 47963 47962
3 47959 47946 47944
3 47939 47938 47931
3 47930 47926 47924
3 47922 47920 47919
3 47918 47910 47909
3 47900 47899 47894
3 47893 47890 47889
3 47884 47883 47879
3 47878 47864 47861
3 47858 47856 47855
3 47854 47849 47844
3 47835 47830 47827
3 47826 47821 47820
3 47814 47810 47799
3 47798 47794 47789
3 47788 47785 47782
3 47781 47780 47779
3 47773 47772 47769
3 47766 47765 47760
3 47759 47758 47756
3 47750 47740 47738
3 47730 47727 47724
3 47722 47720 47719
3 47718 47716 47711
3 47710 47708 47696
3 47688 47680 47678
3 47677 47666 47665
3 47653 47652 47651
3 47649 47645 47644
3 47631 47624 47623
3 47619 47618 47611
3 47600 47597 47593
3 47592 47584 47578
3 47577 47572 47571
3 47569 47555 47552
3 47548 47545 47544
3 47532 47530 47526
3 47525 47521 47516
3 47512 47509 47505
3 47503 47502 47501
3 47499 47490 47489
3 47487 47486 47485
3 47471 47468 47466
3 47463 47460 47457
3 47447 47446 47444
3 47432 47431 47427
3 47425 47406 47405
3 47403 47402 47401
3 47397 47395 47393
3 47389 47386 47381
3 47379 47375 47371
3 47369 47364 47358
3 47354 47347 47345
3 47344 47329 47324
3 47322 47319 47318
3 47310 47309 47306
3 47305 47295 47294
3 47292 47287 47286
3 47285 47283 47280
3 47279 47272 47263
3 47257 47254 47252
3 47251 47244 47242
3 47241 47239 47236
3 47234 47232 47227
3 47226 47225 47224
3 47223 47220 47214
3 47213 47212 47207
3 47197 47196 47192
3 47188 47187 47182
3 47177 47168 47159
3 47156 47155 47151
3 47141 47140 47138
3 47135 47131 47123
3 47114 47102 47101
3 47100 47098 47096
3 47095 47090 47089
3 47087 47084 47080
3 47079 47077 47073
3 47065 47063 47060
3 47057 47050 47049
3 47046 47045 47029
3 47025 47021 47012
3 47011 47009 47003
3 46996 46994 46993
3 46992 46986 46982
3 46976 46973 46961
3 46957 46954 46952
3 46951 46950 46948
3 46938 46934 46932
3 46927 46925 46917
3 46916 46908 46907
3 46901 46896 46892
3 46889 46882 46876
3 46874 46869 46853
3 46847 46844 46842
3 46841 46839 46836
3 46827 46825 46823
3 46822 46811 46808
3 46806 46803 46801
3 46798 46792 46782
3 46781 46776 46775
3 46772 46769 46766
3 46764 46758 46751
3 46748 46746 46742
3 46735 46733 46729
3 46727 46726 46724
3 46723 46719 46718
3 46700 46692 46682
3 46670 46668 46662
3 46656 46655 46654
3 46653 46649 46647
3 46641 46640 46637
3 46636 46634 46626
3 46625 46620 46617
3 46613 46600 46599
3 46590 46587 46585
3 46580 46576 46573
3 46569 46567 46564
3 46563 46562 46553
3 46552 46546 46536
3 46535 46530 46527
3 46526 46516 46512
3 46510 46507 46504
3 46503 46500 46484
3 46483 46479 46473
3 46466 46462 46458
3 46454 46445 46440
3 46438 46436 46434
3 46433 46432 46425
3 46422 46417 46412
3 46410 46400 46398
3 46384 46378 46372
3 46366 46362 46360
3 46359 46358 46355
3 46345 46342 46339
3 46337 46335 46328
3 46324 46306 46305
3 46304 46303 46301
3 46295 46288 46286
3 46274 46273 46269
3 46267 46257 46252
3 46247 46246 46245
3 46244 46239 46236
3 46229 46217 46216
3 46207 46205 46204
3 46202 46195 46193
3 46189 46182 46179
3 46178 46167 46166
3 46165 46163 46162
3 46160 46159 46151
3 46147 46144 46143
3 46140 46139 46138
3 46135 46126 46120
3 46117 46116 46104
3 46103 46101 46097
3 46095 46090 46089
3 46085 46077 46074
3 46071 46066 46057
3 46053 46052 46051
3 46046 46045 46042
3 46037 46033 46030
3 46028 46027 46023
3 46021 46019 46017
3 46013 46010 46008
3 45995 45992 45989
3 45988 45983 45977
3 45972 45970 45969
3 45966 45961 45957
3 45956 45953 45949
3 45948 45945 45944
3 45937 45935 45934
3 45913 45905 45898
3 45892 45887 45886
3 45878 45874 45871
3 45863 45859 45857
3 45849 45846 45840
3 45833 45831 45829
3 45818 45815 45809
3 45807 45801 45800
3 45799 45798 45795
3 45793 45792 45786
3 45785 45781 45777
3 45775 45773 45769
3 45761 45760 45757
3 45754 45750 45749
3 45748 45735 45728
3 45722 45720 45719
3 45706 45703 45693
3 45691 45689 45686
3 45684 45663 45659
3 45656 45655 45650
3 45649 45643 45642
3 45640 45636 45630
3 45624 45623 45621
3 45620 45613 45606
3 45594 45583 45582
3 45577 45574 45572
3 45570 45566 45559
3 45558 45556 45555
3 45554 45548 45543
3 45541 45533 45527
3 45523 45521 45520
3 45519 45518 45517
3 45515 45510 45508
3 45499 45498 45497
3 45492 45489 45487
3 45485 45481 45478
3 45475 45474 45468
3 45467 45460 45453
3 45452 45451 45448
3 45446 45439 45437
3 45435 45434 45432
3 45418 45410 45404
3 45402 45399 45389
3 45388 45387 45386
3 45383 45380 45378
3 45373 45372 45371
3 45362 45359 45358
3 45356 45355 45354
3 45350 45347 45344
3 45338 45337 45335
3 45326 45321 45320
3 45319 45316 45315
3 45303 45302 45301
3 45300 45293 45281
3 45275 45272 45270
3 45269 45268 45266
3 45262 45259 45251
3 45250 45247 45246
3 45244 45240 45235
3 45229 45220 45210
3 45206 45204 45202
3 45200 45199 45198
3 45197 45196 45194
3 45193 45192 45189
3 45185 45180 45176
3 45175 45170 45169
3 45150 45148 45147
3 45145 45144 45141
3 45139 45137 45134
3 45125 45120 45117
3 45115 45108 45102
3 45100 45097 45094
3 45090 45088 45087
3 45085 45082 45080
3 45076 45074 45066
3 45064 45063 45059
3 45051 45045 45038
3 45033 45032 45031
3 45029 45025 45021
3 45019 45015 45013
3 45010 45007 45006
3 45004 45001 44999
3 44993 44987 44982
3 44977 44974 44969
3 44958 44956 44952
3 44951 44950 44948
3 44946 44940 44937
3 44936 44933 44932
3 44924 44922 44921
3 44919 44908 44907
3 44897 44893 44883
3 44881 44878 44863
3 44859 44853 44851
3 44850 44849 44846
3 44837 44834 44831
3 44830 44825 44821
3 44818 44814 44812
3 44807 44803 44802
3 44801 44799 44796
3 44794 44793 44790
3 44787 44784 44783
3 44777 44775 44767
3 44764 44756 44755
3 44753 44750 44747
3 44746 44741 44737
3 44733 44730 44725
3 44720 44717 44708
3 44703 44702 44700
3 44695 44693 44676
3 44675 44674 44668
3 44664 44662 44659
3 44656 44654 44651
3 44650 44649 44643
3 44642 44635 44632
3 44631 44626 44624
3 44623 44619 44618
3 44616 44611 44608
3 44606 44595 44594
3 44592 44591 44589
3 44587 44578 44575
3 44568 44566 44565
3 44562 44561 44560
3 44558 44555 44548
3 44546 44543 44540
3 44536 44532 44525
3 44524 44521 44516
3 44515 44510 44509
3 44505 44499 44493
3 44492 44490 44483
3 44481 44480 44479
3 44477 44470 44469
3 44466 44463 44460
3 44458 44456 44455
3 44450 44448 44446
3 44441 44436 44431
3 44430 44426 44424
3 44415 44413 44400
3 44399 44398 44395
3 44383 44376 44374
3 44372 44369 44366
3 44364 44360 44357
3 44356 44352 44351
3 44347 44345 44339
3 44338 44329 44327
3 44322 44319 44317
3 44311 44302 44301
3 44285 44279 44271
3 44270 44267 44264
3 44259 44258 44250
3 44236 44233 44229
3 44212 44211 44200
3 44191 44184 44182
3 44181 44170 44168
3 44159 44156 44154
3 44149 44141 44140
3 44135 44134 44131
3 44130 44129 44119
3 44118 44115 44113
3 44108 44088 44083
3 44079 44076 44075
3 44071 44069 44063
3 44062 44061 44059
3 44057 44053 44051
3 44042 44041 44038
3 44032 44024 44018
3 44014 44012 44007
3 44004 44003 43999
3 43997 43995 43994
3 43991 43990 43989
3 43987 43986 43983
3 43982 43981 43978
3 43970 43969 43968
3 43956 43954 43950
3 43947 43944 43940
3 43928 43922 43916
3 43914 43904 43900
3 43899 43896 43891
3 43888 43879 43877
3 43875 43874 43863
3 43856 43852 43844
3 43839 43832 43831
3 43827 43826 43820
3 43815 43814 43812
3 43807 43805 43803
3 43802 43801 43797
3 43793 43792 43790
3 43786 43778 43777
3 43774 43771 43770
3 43769 43768 43766
3 43765 43764 43755
3 43753 43752 43751
3 43743 43741 43738
3 43728 43723 43716
3 43714 43712 43707
3 43703 43698 43694
3 43691 43686 43685
3 43680 43678 43677
3 43675 43673 43663
3 43651 43647 43644
3 43641 43640 43639
3 43637 43636 43633
3 43630 43627 43622
3 43620 43616 43615
3 43603 43602 43599
3 43598 43596 43594
3 43582 43581 43580
3 43574 43573 43571
3 43566 43565 43564
3 43563 43536 43525
3 43524 43523 43518
3 43516 43514 43512
3 43506 43505 43491
3 43488 43486 43484
3 43480 43477 43474
3 43467 43463 43462
3 43460 43456 43445
3 43442 43420 43416
3 43415 43413 43412
3 43405 43389 43388
3 43386 43382 43374
3 43370 43369 43366
3 43362 43354 43349
3 43344 43333 43323
3 43311 43309 43305
3 43294 43286 43285
3 43284 43278 43274
3 43273 43265 43260
3 43241 43235 43226
3 43224 43216 43214
3 43211 43210 43209
3 43206 43199 43187
3 43186 43183 43181
3 43180 43179 43176
3 43172 43163 43162
3 43160 43158 43157
3 43156 43150 43144
3 43141 43140 43134
3 43132 43131 43128
3 43127 43126 43125
3 43124 43123 43122
3 43117 43098 43093
3 43091 43090 43086
3 43083 43079 43077
3 43076 43067 43065
3 43061 43055 43052
3 43050 43049 43048
3 43043 43039 43034
3 43026 43022 43021
3 43009 42996 42989
3 42985 42983 42981
3 42974 42970 42967
3 42963 42961 42959
3 42944 42938 42934
3 42933 42932 42930
3 42924 42920 42919
3 42916 42912 42901
3 42899 42898 42896
3 42892 42890 42883
3 42880 42878 42869
3 42864 42863 42857
3 42856 42852 42846
3 42844 42841 42837
3 42832 42831 42829
3 42828 42824 42821
3 42819 42815 42812
3 42809 42808 42807
3 42806 42798 42796
3 42795 42790 42785
3 42783 42782 42781
3 42767 42762 42760
3 42754 42746 42741
3 42735 42734 42733
3 42719 42714 42708
3 42706 42705 42693
3 42689 42688 42685
3 42684 42678 42671
3 42670 42666 42663
3 42660 42657 42653
3 42649 42647 42643
3 42640 42637 42636
3 42631 42627 42622
3 42614 42611 42610
3 42608 42607 42606
3 42601 42599 42596
3 42591 42589 42586
3 42583 42577 42575
3 42573 42562 42551
3 42547 42543 42539
3 42531 42530 42527
3 42523 42518 42516
3 42514 42504 42499
3 42497 42496 42495
3 42485 42483 42482
3 42481 42472 42470
3 42468 42465 42461
3 42457 42449 42446
3 42444 42440 42439
3 42428 42427 42421
3 42420 42417 42416
3 42413 42412 42410
3 42408 42403 42396
3 42393 42381 42380
3 42379 42373 42367
3 42365 42362 42355
3 42353 42352 42348
3 42333 42332 42329
3 42325 42323 42316
3 42314 42313 42305
3 42303 42301 42300
3 42296 42293 42292
3 42287 42280 42279
3 42263 42260 42259
3 42255 42254 42253
3 42251 42247 42238
3 42235 42232 42231
3 42229 42224 42215
3 42208 42202 42199
3 42197 42188 42185
3 42181 42179 42173
3 42171 42170 42167
3 42166 42165 42160
3 42159 42153 42152
3 42151 42150 42146
3 42137 42135 42130
3 42127 42115 42113
3 42111 42109 42107
3 42100 42093 42090
3 42089 42085 42080
3 42077 42069 42065
3 42064 42063 42062
3 42053 42052 42050
3 42042 42041 42031
3 42030 42024 42021
3 42017 42011 42010
3 42002 41984 41979
3 41974 41973 41969
3 41963 41956 41951
3 41937 41936 41928
3 41924 41919 41915
3 41912 41909 41906
3 41903 41902 41898
3 41881 41878 41877
3 41868 41863 41861
3 41857 41856 41853
3 41852 41850 41846
3 41842 41838 41836
3 41834 41830 41817
3 41805 41804 41803
3 41802 41800 41797
3 41794 41792 41790
3 41789 41788 41787
3 41786 41784 41780
3 41765 41750 41749
3 41748 41745 41744
3 41743 41742 41731
3 41727 41725 41724
3 41719 41717 41714
3 41706 41704 41703
3 41700 41699 41696
3 41692 41689 41682
3 41675 41672 41670
3 41665 41659 41657
3 41652 41651 41650
3 41649 41645 41641
3 41639 41637 41618
3 41614 41609 41608
3 41605 41604 41602
3 41595 41592 41591
3 41584 41581 41580
3 41577 41563 41562
3 41560 41550 41543
3 41542 41541 41538
3 41536 41533 41523
3 41520 41517 41516
3 41506 41504 41502
3 41487 41484 41476
3 41475 41473 41472
3 41470 41469 41465
3 41463 41461 41459
3 41457 41454 41451
3 41450 41447 41446
3 41433 41427 41425
3 41424 41423 41419
3 41413 41409 41401
3 41399 41398 41393
3 41388 41379 41378
3 41368 41366 41358
3 41356 41345 41340
3 41332 41331 41325
3 41324 41315 41310
3 41306 41301 41299
3 41298 41295 41294
3 41292 41282 41279
3 41275 41274 41266
3 41265 41259 41258
3 41256 41253 41252
3 41245 41244 41238
3 41236 41235 41231
3 41229 41216 41212
3 41211 41207 41205
3 41200 41195 41192
3 41187 41175 41170
3 41168 41163 41162
3 41156 41154 41153
3 41152 41150 41144
3 41142 41141 41140
3 41139 41138 41118
3 41116 41107 41103
3 41102 41099 41092
3 41089 41085 41082
3 41079 41075 41074
3 41071 41070 41061
3 41058 41055 41051
3 41045 41044 41043
3 41042 41036 41032
3 41026 41024 41023
3 41022 41020 41018
3 41009 41004 40998
3 40987 40973 40972
3 40940 40938 40937
3 40932 40930 40921
3 40919 40914 40912
3 40909 40907 40903
3 40902 40900 40897
3 40894 40890 40888
3 40884 40883 40875
3 40872 40866 40854
3 40852 40851 40846
3 40842 40839 40835
3 40832 40817 40815
3 40811 40808 40806
3 40803 40795 40794
3 40793 40786 40785
3 40784 40783 40781
3 40779 40775 40773
3 40758 40752 40744
3 40736 40735 40731
3 40726 40725 40718
3 40716 40715 40711
3 40710 40698 40696
3 40693 40688 40680
3 40677 40676 40675
3 40671 40670 40657
3 40656 40655 40647
3 40645 40641 40640
3 40639 40634 40632
3 40631 40625 40623
3 40622 40618 40613
3 40612 40610 40607
3 40606 40603 40601
3 40592 40576 40575
3 40572 40570 40567
3 40559 40558 40552
3 40549 40542 40541
3 40537 40527 40523
3 40522 40521 40519
3 40514 40512 40509
3 40504 40502 40496
3 40491 40478 40477
3 40474 40473 40471
3 40466 40465 40463
3 40459 40458 40456
3 40453 40451 40445
3 40439 40435 40432
3 40424 40420 40409
3 40408 40407 40403
3 40398 40394 40391
3 40390 40388 40384
3 40378 40376 40369
3 40361 40356 40351
3 40350 40347 40346
3 40344 40343 40337
3 40334 40326 40325
3 40315 40306 40305
3 40304 40302 40298
3 40296 40291 40286
3 40281 40279 40273
3 40271 40269 40267
3 40265 40245 40242
3 40241 40237 40234
3 40230 40227 40226
3 40220 40219 40217
3 40212 40208 40206
3 40204 40203 40202
3 40200 40196 40187
3 40183 40180 40168
3 40160 40153 40149
3 40146 40145 40142
3 40140 40138 40137
3 40133 40132 40129
3 40122 40116 40114
3 40104 40101 40100
3 40099 40097 40089
3 40087 40086 40083
3 40081 40080 40074
3 40071 40065 40042
3 40037 40030 40016
3 40010 40006 40005
3 40003 39998 39994
3 39987 39980 39979
3 39974 39970 39966
3 39965 39964 39959
3 39949 39941 39940
3 39939 39937 39936
3 39934 39933 39932
3 39931 39930 39927
3 39916 39907 39906
3 39902 39901 39899
3 39890 39885 39883
3 39880 39876 39871
3 39867 39866 39862
3 39856 39855 39844
3 39843 39842 39836
3 39833 39832 39830
3 39827 39819 39813
3 39809 39805 39796
3 39781 39779 39777
3 39775 39772 39770
3 39768 39756 39749
3 39746 39745 39736
3 39730 39729 39727
3 39726 39722 39721
3 39717 39714 39710
3 39704 39702 39696
3 39679 39670 39667
3 39666 39662 39653
3 39652 39645 39640
3 39637 39636 39633
3 39631 39630 39621
3 39618 39615 39612
3 39605 39601 39595
3 39588 39583 39581
3 39578 39577 39572
3 39567 39565 39564
3 39561 39559 39556
3 39553 39551 39547
3 39542 39537 39536
3 39523 39515 39513
3 39511 39508 39507
3 39503 39493 39485
3 39480 39471 39470
3 39464 39462 39459
3 39437 39435 39428
3 39427 39423 39421
3 39419 39416 39404
3 39402 39400 39393
3 39377 39374 39370
3 39368 39367 39363
3 39362 39361 39358
3 39356 39352 39351
3 39350 39349 39344
3 39340 39335 39331
3 39325 39324 39321
3 39319 39318 39314
3 39313 39305 39298
3 39286 39282 39276
3 39274 39272 39268
3 39260 39257 39253
3 39251 39247 39238
3 39233 39226 39224
3 39219 39218 39217
3 39216 39214 39210
3 39209 39206 39203
3 39201 39197 39195
3 39192 39189 39183
3 39181 39177 39175
3 39170 39165 39157
3 39156 39153 39152
3 39144 39140 39138
3 39128 39127 39125
3 39120 39119 39114
3 39113 39109 39108
3 39091 39087 39084
3 39074 39070 39068
3 39066 39061 39051
3 39049 39046 39042
3 39040 39038 39036
3 39033 39032 39031
3 39026 39022 39020
3 39010 38997 38988
3 38986 38985 38973
3 38968 38955 38951
3 38950 38949 38948
3 38942 38940 38934
3 38931 38929 38907
3 38903 38900 38899
3 38892 38885 38884
3 38879 38876 38865
3 38864 38863 38860
3 38853 38851 38848
3 38847 38846 38839
3 38829 38828 38826
3 38819 38815 38812
3 38810 38807 38804
3 38797 38794 38791
3 38790 38787 38778
3 38773 38772 38766
3 38764 38759 38753
3 38748 38743 38736
3 38732 38731 38729
3 38726 38725 38724
3 38722 38720 38719
3 38716 38713 38712
3 38709 38707 38706
3 38699 38696 38691
3 38689 38687 38683
3 38679 38678 38674
3 38668 38667 38666
3 38664 38662 38661
3 38660 38654 38651
3 38648 38638 38625
3 38623 38621 38618
3 38617 38613 38607
3 38600 38589 38587
3 38586 38584 38582
3 38579 38576 38558
3 38549 38543 38542
3 38539 38537 38536
3 38535 38529 38527
3 38507 38502 38501
3 38500 38498 38497
3 38490 38477 38474
3 38470 38468 38467
3 38466 38457 38453
3 38451 38450 38444
3 38439 38432 38431
3 38429 38418 38414
3 38413 38412 38409
3 38407 38400 38394
3 38392 38386 38385
3 38384 38383 38382
3 38372 38371 38366
3 38364 38363 38361
3 38356 38350 38344
3 38343 38339 38338
3 38335 38332 38319
3 38315 38314 38308
3 38305 38301 38300
3 38298 38289 38287
3 38275 38272 38269
3 38268 38264 38262
3 38258 38256 38254
3 38245 38244 38239
3 38238 38237 38231
3 38228 38226 38222
3 38219 38217 38214
3 38211 38194 38185
3 38183 38171 38170
3 38169 38153 38151
3 38148 38143 38141
3 38140 38132 38127
3 38125 38124 38121
3 38119 38118 38116
3 38113 38112 38109
3 38108 38104 38102
3 38101 38097 38087
3 38085 38076 38068
3 38065 38064 38062
3 38060 38057 38053
3 38048 38045 38041
3 38038 38036 38033
3 38026 38025 38023
3 38022 38018 38003
3 37992 37990 37989
3 37981 37975 37974
3 37971 37970 37969
3 37960 37959 37954
3 37947 37942 37941
3 37939 37931 37930
3 37926 37910 37906
3 37903 37895 37893
3 37891 37885 37881
3 37880 37878 37875
3 37874 37866 37861
3 37851 37847 37846
3 37835 37834 37833
3 37830 37828 37825
3 37823 37819 37807
3 37801 37800 37799
3 37797 37796 37794
3 37787 37785 37782
3 37778 37777 37776
3 37773 37771 37762
3 37746 37731 37727
3 37723 37716 37711
3 37709 37708 37706
3 37702 37694 37691
3 37689 37688 37683
3 37682 37681 37674
3 37672 37671 37669
3 37662 37657 37653
3 37651 37645 37644
3 37642 37641 37630
3 37629 37628 37619
3 37615 37614 37609
3 37608 37606 37603
3 37601 37592 37591
3 37590 37589 37588
3 37587 37585 37583
3 37576 37574 37572
3 37564 37559 37552
3 37549 37535 37533
3 37530 37525 37524
3 37522 37516 37511
3 37507 37505 37501
3 37496 37494 37493
3 37492 37489 37486
3 37468 37465 37459
3 37457 37451 37429
3 37426 37423 37420
3 37414 37412 37411
3 37403 37399 37397
3 37389 37386 37382
3 37377 37374 37371
3 37369 37368 37367
3 37364 37362 37357
3 37353 37351 37350
3 37349 37346 37341
3 37339 37338 37334
3 37331 37315 37306
3 37298 37296 37291
3 37287 37285 37283
3 37277 37268 37267
3 37262 37261 37260
3 37256 37250 37247
3 37245 37242 37235
3 37233 37230 37228
3 37225 37220 37218
3 37212 37210 37207
3 37203 37201 37200
3 37195 37190 37183
3 37180 37179 37171
3 37169 37165 37159
3 37158 37153 37147
3 37145 37144 37140
3 37136 37130 37128
3 37126 37125 37119
3 37105 37098 37092
3 37088 37087 37070
3 37064 37063 37062
3 37060 37041 37040
3 37039 37038 37029
3 37023 37019 37016
3 37010 37008 37007
3 37002 36996 36994
3 36993 36991 36990
3 36973 36971 36962
3 36960 36956 36954
3 36952 36936 36932
3 36931 36916 36912
3 36910 36897 36896
3 36895 36892 36882
3 36880 36874 36870
3 36861 36858 36854
3 36853 36846 36840
3 36839 36838 36836
3 36830 36826 36822
3 36813 36810 36809
3 36802 36788 36787
3 36779 36778 36771
3 36769 36767 36765
3 36763 36762 36761
3 36760 36758 36757
3 36745 36742 36740
3 36739 36735 36732
3 36731 36730 36729
3 36728 36724 36714
3 36711 36708 36707
3 36706 36703 36702
3 36698 36690 36688
3 36687 36685 36680
3 36679 36675 36664
3 36661 36659 36657
3 36655 36654 36649
3 36645 36643 36639
3 36638 36631 36625
3 36619 36615 36612
3 36611 36607 36602
3 36598 36595 36594
3 36591 36586 36582
3 36580 36571 36570
3 36569 36568 36565
3 36564 36563 36559
3 36557 36555 36552
3 36547 36546 36540
3 36538 36537 36534
3 36532 36531 36529
3 36528 36527 36524
3 36518 36509 36508
3 36507 36505 36498
3 36497 36495 36492
3 36491 36485 36483
3 36481 36477 36474
3 36470 36454 36445
3 36440 36439 36438
3 36431 36430 36426
3 36425 36424 36422
3 36421 36420 36417
3 36416 36413 36410
3 36406 36396 36390
3 36383 36378 36372
3 36369 36367 36366
3 36362 36361 36350
3 36345 36339 36331
3 36321 36316 36314
3 36311 36310 36308
3 36303 36302 36300
3 36298 36294 36292
3 36290 36282 36280
3 36278 36269 36263
3 36258 36254 36251
3 36249 36248 36246
3 36231 36230 36223
3 36220 36219 36213
3 36201 36199 36196
3 36193 36189 36186
3 36177 36175 36170
3 36169 36156 36154
3 36153 36152 36147
3 36145 36144 36141
3 36140 36131 36128
3 36124 36123 36114
3 36113 36110 36107
3 36095 36088 36087
3 36086 36085 36079
3 36078 36077 36076
3 36072 36071 36069
3 36068 36064 36063
3 36062 36056 36047
3 36043 36036 36035
3 36034 36031 36029
3 36028 36027 36020
3 36013 36005 36003
3 35998 35995 35991
3 35990 35984 35973
3 35972 35971 35970
3 35968 35961 35955
3 35953 35946 35941
3 35940 35929 35923
3 35920 35917 35914
3 35912 35908 35906
3 35903 35900 35897
3 35894 35891 35887
3 35884 35882 35879
3 35873 35864 35854
3 35852 35851 35847
3 35846 35839 35830
3 35829 35824 35823
3 35820 35816 35814
3 35809 35802 35800
3 35790 35780 35774
3 35770 35766 35765
3 35763 35761 35749
3 35748 35746 35745
3 35737 35736 35732
3 35725 35723 35722
3 35720 35699 35682
3 35678 35667 35665
3 35659 35658 35654
3 35651 35637 35635
3 35629 35625 35623
3 35622 35616 35615
3 35614 35612 35611
3 35610 35606 35602
3 35597 35593 35590
3 35584 35582 35575
3 35573 35569 35566
3 35559 35554 35550
3 35549 35543 35535
3 35533 35532 35530
3 35524 35514 35513
3 35510 35508 35501
3 35500 35498 35491
3 35488 35487 35485
3 35479 35478 35474
3 35459 35458 35457
3 35456 35454 35450
3 35446 35434 35427
3 35426 35423 35414
3 35412 35410 35404
3 35393 35389 35387
3 35386 35378 35377
3 35373 35370 35368
3 35367 35365 35358
3 35353 35349 35347
3 35344 35336 35330
3 35328 35326 35325
3 35323 35318 35308
3 35306 35302 35299
3 35293 35292 35291
3 35289 35281 35280
3 35272 35264 35261
3 35259 35257 35256
3 35250 35248 35241
3 35229 35227 35225
3 35223 35222 35221
3 35218 35216 35215
3 35213 35212 35205
3 35202 35201 35198
3 35180 35176 35169
3 35165 35163 35160
3 35157 35152 35145
3 35144 35142 35141
3 35139 35135 35133
3 35126 35124 35119
3 35116 35115 35108
3 35106 35094 35090
3 35078 35077 35074
3 35073 35070 35052
3 35047 35046 35040
3 35038 35034 35032
3 35020 35016 35005
3 35004 35003 35002
3 35001 34998 34989
3 34980 34977 34971
3 34964 34961 34956
3 34949 34948 34941
3 34938 34935 34934
3 34924 34922 34921
3 34920 34918 34912
3 34902 34893 34892
3 34890 34887 34886
3 34869 34864 34848
3 34844 34839 34838
3 34815 34813 34809
3 34805 34801 34800
3 34794 34793 34789
3 34788 34787 34776
3 34774 34771 34762
3 34757 34751 34744
3 34742 34739 34734
3 34727 34724 34721
3 34719 34718 34717
3 34711 34709 34706
3 34701 34694 34692
3 34689 34688 34685
3 34682 34678 34666
3 34664 34660 34656
3 34655 34652 34651
3 34645 34640 34637
3 34634 34630 34629
3 34625 34623 34621
3 34620 34617 34615
3 34603 34599 34594
3 34579 34578 34576
3 34574 34567 34566
3 34564 34561 34558
3 34553 34551 34549
3 34548 34538 34535
3 34532 34528 34527
3 34525 34520 34519
3 34510 34508 34505
3 34503 34498 34496
3 34490 34486 34485
3 34482 34481 34480
3 34472 34470 34466
3 34464 34459 34451
3 34444 34442 34440
3 34432 34431 34429
3 34424 34417 34415
3 34407 34383 34378
3 34377 34372 34368
3 34358 34356 34353
3 34350 34342 34340
3 34333 34332 34328
3 34327 34322 34317
3 34314 34309 34307
3 34304 34297 34294
3 34279 34274 34271
3 34270 34266 34255
3 34252 34251 34247
3 34242 34234 34232
3 34229 34217 34206
3 34204 34201 34198
3 34191 34190 34188
3 34182 34178 34177
3 34176 34169 34165
3 34164 34148 34131
3 34128 34123 34121
3 34116 34112 34108
3 34106 34104 34095
3 34093 34092 34086
3 34081 34078 34077
3 34075 34071 34068
3 34064 34063 34062
3 34061 34057 34052
3 34051 34049 34048
3 34041 34038 34036
3 34031 34030 34029
3 34025 34024 34021
3 34019 34016 34014
3 34010 34007 34004
3 34003 34000 33997
3 33994 33990 33989
3 33985 33984 33982
3 33979 33975 33972
3 33962 33961 33960
3 33952 33948 33944
3 33940 33938 33935
3 33918 33911 33910
3 33908 33905 33896
3 33895 33891 33890
3 33887 33885 33874
3 33872 33869 33868
3 33863 33855 33854
3 33851 33849 33848
3 33844 33842 33838
3 33837 33833 33829
3 33827 33825 33824
3 33812 33805 33804
3 33803 33798 33796
3 33795 33790 33788
3 33787 33784 33779
3 33776 33774 33773
3 33769 33765 33764
3 33760 33756 33753
3 33752 33751 33748
3 33741 33735 33728
3 33721 33717 33716
3 33710 33707 33705
3 33699 33697 33692
3 33686 33685 33684
3 33680 33678 33667
3 33661 33660 33658
3 33657 33650 33642
3 33640 33639 33638
3 33636 33629 33626
3 33623 33621 33618
3 33614 33613 33608
3 33605 33604 33600
3 33599 33596 33594
3 33586 33580 33579
3 33573 33568 33567
3 33564 33563 33562
3 33558 33548 33541
3 33540 33536 33533
3 33532 33528 33525
3 33519 33517 33510
3 33505 33499 33495
3 33490 33488 33487
3 33485 33484 33482
3 33481 33475 33470
3 33469 33463 33459
3 33458 33453 33448
3 33444 33441 33438
3 33432 33424 33411
3 33410 33408 33396
3 33392 33391 33389
3 33375 33371 33366
3 33364 33362 33360
3 33356 33354 33347
3 33338 33336 33335
3 33331 33327 33324
3 33323 33322 33315
3 33314 33310 33309
3 33308 33296 33293
3 33292 33286 33281
3 33272 33269 33268
3 33256 33255 33252
3 33250 33248 33245
3 33243 33238 33231
3 33229 33223 33219
3 33217 33216 33213
3 33207 33206 33203
3 33202 33199 33193
3 33191 33187 33186
3 33177 33173 33163
3 33159 33152 33150
3 33148 33146 33140
3 33132 33128 33127
3 33117 33111 33109
3 33106 33104 33100
3 33099 33097 33094
3 33089 33086 33078
3 33076 33064 33061
3 33058 33050 33034
3 33029 33026 33013
3 33006 33000 32999
3 32995 32994 32990
3 32987 32976 32974
3 32968 32967 32964
3 32956 32955 32953
3 32952 32951 32945
3 32940 32925 32924
3 32921 32920 32917
3 32916 32915 32914
3 32909 32908 32903
3 32902 32891 32889
3 32888 32882 32874
3 32872 32870 32869
3 32865 32858 32850
3 32849 32848 32841
3 32839 32834 32831
3 32830 32827 32823
3 32813 32808 32800
3 32799 32798 32792
3 32789 32785 32783
3 32778 32768 32761
3 32760 32757 32755
3 32751 32750 32748
3 32740 32736 32735
3 32733 32726 32723
3 32722 32721 32705
3 32700 32698 32695
3 32686 32684 32678
3 32675 32674 32665
3 32655 32653 32651
3 32649 32639 32635
3 32630 32627 32625
3 32622 32618 32616
3 32611 32608 32607
3 32604 32598 32591
3 32587 32584 32581
3 32574 32572 32570
3 32560 32557 32545
3 32541 32532 32530
3 32521 32514 32509
3 32505 32499 32498
3 32497 32496 32493
3 32482 32478 32470
3 32463 32458 32456
3 32452 32451 32447
3 32445 32441 32433
3 32432 32428 32414
3 32413 32412 32409
3 32405 32404 32398
3 32388 32380 32375
3 32362 32359 32356
3 32352 32351 32346
3 32343 32340 32339
3 32337 32332 32328
3 32324 32323 32322
3 32321 32320 32313
3 32312 32311 32310
3 32306 32290 32285
3 32284 32280 32279
3 32278 32276 32271
3 32270 32267 32261
3 32258 32257 32253
3 32251 32250 32244
3 32241 32240 32232
3 32231 32227 32226
3 32224 32220 32214
3 32209 32206 32205
3 32202 32201 32197
3 32196 32194 32187
3 32183 32181 32177
3 32176 32171 32166
3 32162 32154 32152
3 32149 32143 32136
3 32135 32124 32120
3 32119 32118 32117
3 32114 32108 32107
3 32106 32103 32097
3 32091 32089 32084
3 32077 32075 32073
3 32067 32057 32056
3 32055 32054 32051
3 32042 32039 32036
3 32030 32026 32025
3 32022 32014 32013
3 32012 32011 32010
3 32004 32001 32000
3 31998 31995 31990
3 31988 31978 31976
3 31973 31970 31956
3 31955 31953 31952
3 31951 31941 31938
3 31937 31931 31927
3 31926 31922 31917
3 31915 31910 31908
3 31903 31902 31901
3 31898 31897 31894
3 31887 31882 31880
3 31878 31874 31867
3 31862 31856 31853
3 31852 31850 31840
3 31838 31823 31821
3 31820 31812 31810
3 31809 31805 31804
3 31797 31792 31790
3 31787 31784 31783
3 31776 31771 31770
3 31768 31766 31764
3 31762 31761 31757
3 31754 31748 31746
3 31743 31740 31738
3 31736 31735 31733
3 31729 31717 31714
3 31711 31709 31703
3 31702 31699 31694
3 31691 31684 31679
3 31678 31677 31675
3 31673 31667 31663
3 31659 31658 31657
3 31652 31646 31645
3 31638 31636 31631
3 31618 31617 31605
3 31600 31599 31595
3 31587 31581 31578
3 31577 31576 31575
3 31570 31558 31557
3 31556 31552 31540
3 31536 31533 31531
3 31529 31528 31510
3 31509 31503 31493
3 31489 31488 31482
3 31479 31473 31470
3 31469 31459 31458
3 31452 31446 31441
3 31440 31433 31426
3 31423 31420 31414
3 31413 31408 31397
3 31389 31388 31385
3 31383 31382 31381
3 31373 31372 31371
3 31363 31361 31354
3 31347 31344 31340
3 31335 31331 31328
3 31324 31321 31320
3 31319 31318 31314
3 31311 31308 31305
3 31302 31301 31300
3 31299 31294 31290
3 31288 31285 31284
3 31278 31276 31268
3 31253 31251 31232
3 31230 31229 31228
3 31219 31218 31216
3 31214 31207 31206
3 31195 31192 31189
3 31181 31179 31176
3 31174 31170 31167
3 31166 31165 31164
3 31161 31157 31150
3 31148 31147 31146
3 31143 31142 31136
3 31124 31113 31109
3 31105 31104 31099
3 31098 31095 31088
3 31080 31071 31064
3 31063 31062 31061
3 31055 31051 31048
3 31039 31032 31031
3 31029 31025 31018
3 31004 30998 30996
3 30983 30982 30978
3 30969 30966 30965
3 30961 30958 30957
3 30953 30944 30943
3 30932 30930 30929
3 30926 30917 30915
3 30913 30912 30906
3 30900 30892 30890
3 30877 30875 30874
3 30873 30872 30868
3 30865 30863 30862
3 30861 30858 30856
3 30850 30848 30842
3 30839 30833 30820
3 30819 30814 30812
3 30807 30803 30801
3 30800 30799 30795
3 30788 30787 30785
3 30777 30776 30775
3 30774 30773 30767
3 30764 30757 30754
3 30749 30747 30738
3 30733 30726 30718
3 30704 30703 30700
3 30696 30692 30688
3 30686 30680 30678
3 30677 30676 30658
3 30656 30653 30650
3 30646 30643 30640
3 30635 30631 30628
3 30623 30614 30613
3 30610 30607 30602
3 30601 30600 30595
3 30594 30590 30588
3 30585 30580 30579
3 30578 30565 30562
3 30559 30557 30556
3 30553 30551 30547
3 30544 30541 30538
3 30536 30533 30532
3 30530 30526 30523
3 30521 30514 30512
3 30511 30503 30502
3 30493 30487 30482
3 30481 30476 30469
3 30456 30454 30451
3 30450 30445 30440
3 30430 30425 30419
3 30418 30417 30415
3 30411 30405 30404
3 30397 30390 30389
3 30388 30382 30378
3 30376 30374 30372
3 30371 30369 30364
3 30362 30358 30352
3 30348 30338 30335
3 30334 30333 30320
3 30319 30315 30308
3 30305 30304 30301
3 30299 30298 30291
3 30290 30289 30286
3 30285 30283 30282
3 30274 30272 30271
3 30267 30266 30262
3 30259 30258 30251
3 30250 30235 30220
3 30219 30213 30211
3 30209 30208 30202
3 30201 30200 30198
3 30188 30187 30179
3 30172 30170 30165
3 30162 30158 30153
3 30152 30149 30144
3 30142 30136 30127
3 30126 30125 30122
3 30117 30113 30100
3 30099 30098 30094
3 30091 30088 30086
3 30080 30079 30074
3 30073 30072 30064
3 30062 30061 30060
3 30058 30057 30051
3 30048 30047 30037
3 30036 30029 30020
3 30018 30011 30002
3 30001 29996 29993
3 29986 29983 29977
3 29972 29967 29954
3 29952 29950 29949
3 29946 29939 29925
3 29924 29923 29913
3 29912 29904 29903
3 29901 29897 29894
3 29893 29892 29885
3 29883 29881 29875
3 29866 29864 29862
3 29859 29856 29855
3 29854 29850 29849
3 29846 29842 29841
3 29838 29833 29829
3 29824 29820 29816
3 29813 29811 29805
3 29799 29795 29794
3 29784 29782 29774
3 29772 29767 29766
3 29764 29757 29756
3 29754 29748 29746
3 29739 29727 29725
3 29722 29720 29718
3 29716 29715 29708
3 29704 29702 29701
3 29699 29698 29697
3 29691 29688 29687
3 29684 29680 29679
3 29675 29674 29670
3 29645 29631 29630
3 29629 29625 29619
3 29615 29611 29586
3 29580 29577 29567
3 29559 29558 29543
3 29542 29527 29525
3 29520 29513 29509
3 29503 29502 29500
3 29499 29497 29495
3 29494 29485 29484
3 29483 29477 29475
3 29466 29461 29459
3 29456 29455 29453
3 29448 29446 29440
3 29433 29417 29411
3 29404 29403 29401
3 29399 29398 29396
3 29391 29384 29382
3 29380 29375 29370
3 29367 29365 29360
3 29359 29356 29355
3 29354 29348 29341
3 29339 29336 29324
3 29320 29318 29313
3 29302 29301 29299
3 29297 29293 29282
3 29278 29271 29266
3 29262 29250 29235
3 29231 29229 29228
3 29225 29220 29219
3 29217 29212 29210
3 29206 29205 29201
3 29198 29193 29190
3 29186 29185 29177
3 29172 29170 29164
3 29149 29146 29134
3 29129 29122 29119
3 29118 29101 29098
3 29092 29090 29084
3 29083 29082 29078
3 29073 29068 29067
3 29061 29056 29054
3 29051 29044 29042
3 29037 29032 29029
3 29025 29015 29004
3 29003 28997 28987
3 28984 28982 28975
3 28968 28964 28958
3 28957 28956 28955
3 28948 28946 28945
3 28940 28928 28926
3 28924 28921 28919
3 28911 28905 28901
3 28892 28883 28880
3 28876 28872 28871
3 28859 28853 28851
3 28846 28843 28841
3 28837 28830 28828
3 28827 28825 28823
3 28817 28808 28805
3 28804 28802 28800
3 28799 28798 28794
3 28792 28791 28786
3 28784 28782 28777
3 28771 28770 28764
3 28760 28759 28748
3 28741 28726 28722
3 28714 28712 28709
3 28704 28696 28692
3 28686 28681 28671
3 28667 28659 28649
3 28648 28646 28643
3 28640 28636 28629
3 28627 28624 28623
3 28615 28599 28598
3 28597 28595 28593
3 28588 28586 28582
3 28579 28576 28573
3 28571 28565 28563
3 28562 28554 28551
3 28544 28540 28537
3 28536 28534 28532
3 28529 28528 28526
3 28510 28507 28499
3 28498 28495 28493
3 28490 28484 28481
3 28480 28478 28477
3 28476 28473 28472
3 28467 28457 28450
3 28441 28434 28432
3 28428 28424 28418
3 28411 28408 28403
3 28400 28398 28397
3 28372 28366 28358
3 28349 28348 28346
3 28334 28322 28319
3 28318 28317 28316
3 28313 28309 28307
3 28301 28299 28297
3 28294 28291 28289
3 28285 28283 28273
3 28272 28269 28262
3 28256 28246 28236
3 28228 28223 28219
3 28211 28207 28204
3 28200 28198 28197
3 28192 28191 28187
3 28180 28176 28174
3 28171 28162 28161
3 28153 28149 28147
3 28143 28142 28138
3 28134 28127 28124
3 28119 28110 28106
3 28102 28098 28095
3 28091 28085 28083
3 28079 28077 28074
3 28071 28064 28062
3 28058 28057 28055
3 28051 28050 28046
3 28037 28027 28026
3 28015 28012 28010
3 28002 28001 27992
3 27987 27985 27981
3 27977 27975 27974
3 27973 27969 27967
3 27963 27954 27952
3 27951 27950 27948
3 27939 27936 27935
3 27933 27932 27925
3 27920 27919 27917
3 27916 27908 27903
3 27901 27900 27896
3 27895 27892 27883
3 27881 27879 27876
3 27870 27867 27856
3 27851 27848 27846
3 27845 27843 27842
3 27841 27839 27835
3 27831 27829 27826
3 27825 27824 27823
3 27818 27813 27812
3 27807 27805 27799
3 27793 27782 27767
3 27766 27764 27760
3 27756 27751 27749
3 27743 27740 27733
3 27731 27730 27729
3 27728 27721 27714
3 27710 27703 27701
3 27693 27692 27691
3 27685 27678 27677
3 27674 27673 27672
3 27670 27658 27657
3 27654 27647 27639
3 27637 27632 27627
3 27607 27604 27602
3 27598 27592 27589
3 27581 27580 27568
3 27560 27559 27542
3 27539 27525 27524
3 27521 27515 27514
3 27512 27507 27506
3 27500 27499 27498
3 27486 27481 27476
3 27474 27469 27462
3 27451 27444 27425
3 27424 27422 27419
3 27412 27411 27408
3 27403 27400 27395
3 27389 27380 27379
3 27376 27375 27371
3 27368 27364 27354
3 27353 27345 27342
3 27340 27333 27326
3 27322 27317 27316
3 27309 27300 27296
3 27294 27290 27281
3 27276 27275 27274
3 27272 27259 27258
3 27252 27250 27247
3 27242 27239 27238
3 27231 27221 27220
3 27219 27217 27216
3 27207 27205 27204
3 27196 27193 27187
3 27183 27178 27176
3 27166 27165 27164
3 27160 27158 27157
3 27156 27153 27151
3 27149 27145 27140
3 27139 27125 27112
3 27109 27103 27102
3 27097 27095 27084
3 27079 27067 27066
3 27064 27063 27058
3 27034 27030 27021
3 27016 27013 27012
3 27008 26995 26980
3 26979 26978 26974
3 26973 26969 26966
3 26963 26956 26952
3 26950 26947 26945
3 26944 26942 26941
3 26939 26937 26933
3 26932 26929 26924
3 26922 26917 26915
3 26908 26903 26901
3 26895 26893 26886
3 26881 26880 26872
3 26868 26864 26861
3 26852 26846 26840
3 26838 26834 26825
3 26823 26822 26810
3 26809 26808 26798
3 26790 26788 26781
3 26780 26766 26765
3 26764 26763 26755
3 26747 26743 26721
3 26720 26718 26717
3 26712 26711 26710
3 26704 26696 26693
3 26690 26687 26686
3 26681 26673 26668
3 26657 26652 26643
3 26641 26638 26637
3 26634 26631 26616
3 26614 26608 26599
3 26598 26595 26588
3 26586 26582 26580
3 26577 26574 26564
3 26561 26554 26553
3 26550 26542 26538
3 26523 26519 26518
3 26514 26512 26509
3 26507 26505 26498
3 26496 26495 26489
3 26485 26484 26477
3 26476 26475 26471
3 26470 26468 26464
3 26460 26454 26451
3 26450 26446 26445
3 26440 26437 26435
3 26432 26430 26429
3 26422 26416 26410
3 26394 26393 26391
3 26389 26388 26386
3 26385 26378 26373
3 26372 26367 26365
3 26363 26362 26359
3 26356 26351 26343
3 26336 26333 26328
3 26326 26322 26321
3 26312 26303 26297
3 26293 26286 26276
3 26275 26271 26268
3 26261 26257 26254
3 26248 26243 26242
3 26238 26237 26234
3 26228 26225 26220
3 26213 26205 26199
3 26196 26188 26186
3 26182 26180 26179
3 26178 26177 26172
3 26167 26166 26162
3 26157 26156 26155
3 26148 26128 26125
3 26115 26114 26111
3 26108 26105 26101
3 26098 26097 26088
3 26087 26085 26082
3 26075 26071 26069
3 26066 26064 26056
3 26050 26048 26047
3 26032 26028 26026
3 26023 26022 26020
3 26019 26016 26004
3 26001 25998 25994
3 25993 25990 25989
3 25985 25981 25975
3 25974 25973 25958
3 25956 25954 25953
3 25950 25949 25948
3 25942 25940 25933
3 25932 25928 25926
3 25925 25920 25908
3 25903 25901 25898
3 25891 25880 25878
3 25872 25871 25865
3 25864 25863 25862
3 25861 25858 25853
3 25851 25845 25835
3 25829 25822 25817
3 25815 25813 25805
3 25804 25801 25794
3 25793 25784 25783
3 25782 25779 25778
3 25767 25764 25760
3 25759 25756 25755
3 25754 25733 25722
3 25705 25704 25699
3 25697 25696 25689
3 25687 25686 25683
3 25681 25680 25668
3 25664 25662 25661
3 25655 25653 25649
3 25644 25639 25635
3 25633 25629 25620
3 25606 25604 25601
3 25586 25584 25581
3 25580 25573 25572
3 25571 25563 25562
3 25561 25560 25556
3 25554 25551 25539
3 25531 25526 25518
3 25517 25514 25512
3 25508 25500 25499
3 25497 25486 25485
3 25480 25463 25451
3 25449 25448 25444
3 25431 25430 25428
3 25424 25421 25418
3 25415 25406 25401
3 25397 25395 25393
3 25391 25375 25374
3 25373 25372 25369
3 25368 25367 25357
3 25356 25352 25351
3 25345 25340 25337
3 25316 25314 25313
3 25311 25307 25303
3 25301 25300 25297
3 25296 25294 25290
3 25283 25282 25277
3 25273 25269 25264
3 25262 25259 25255
3 25252 25251 25250
3 25248 25246 25243
3 25240 25237 25232
3 25231 25229 25228
3 25227 25221 25220
3 25215 25212 25210
3 25207 25196 25193
3 25190 25189 25188
3 25187 25185 25182
3 25181 25173 25167
3 25166 25164 25157
3 25152 25150 25144
3 25134 25133 25132
3 25131 25128 25125
3 25124 25122 25121
3 25117 25114 25111
3 25103 25102 25099
3 25097 25092 25085
3 25083 25080 25079
3 25077 25052 25050
3 25043 25040 25035
3 25026 25025 25020
3 25003 25002 25000
3 24995 24985 24977
3 24974 24971 24968
3 24966 24960 24958
3 24956 24943 24940
3 24935 24933 24932
3 24923 24921 24919
3 24917 24910 24894
3 24893 24891 24889
3 24887 24879 24869
3 24866 24864 24861
3 24859 24858 24856
3 24854 24853 24852
3 24848 24846 24845
3 24843 24841 24839
3 24835 24831 24830
3 24828 24825 24824
3 24820 24817 24814
3 24813 24809 24805
3 24803 24796 24794
3 24792 24791 24790
3 24789 24785 24781
3 24776 24773 24763
3 24756 24755 24747
3 24745 24742 24741
3 24739 24723 24720
3 24719 24718 24713
3 24712 24709 24707
3 24705 24704 24696
3 24695 24694 24693
3 24689 24688 24686
3 24682 24680 24666
3 24659 24657 24656
3 24654 24649 24647
3 24646 24644 24641
3 24639 24634 24633
3 24621 24620 24619
3 24612 24605 24598
3 24596 24593 24584
3 24579 24577 24576
3 24574 24571 24565
3 24561 24556 24554
3 24551 24546 24540
3 24538 24532 24530
3 24528 24520 24516
3 24505 24502 24497
3 24496 24484 24478
3 24468 24465 24464
3 24461 24451 24431
3 24430 24423 24420
3 24418 24415 24414
3 24410 24400 24397
3 24395 24393 24389
3 24379 24367 24366
3 24365 24363 24362
3 24361 24358 24353
3 24351 24344 24340
3 24323 24321 24306
3 24301 24294 24290
3 24287 24278 24272
3 24270 24265 24264
3 24263 24258 24253
3 24252 24249 24241
3 24237 24235 24229
3 24225 24212 24210
3 24208 24207 24204
3 24197 24195 24193
3 24183 24182 24180
3 24176 24174 24173
3 24171 24170 24169
3 24165 24162 24161
3 24160 24155 24149
3 24148 24147 24138
3 24126 24120 24118
3 24114 24107 24100
3 24084 24076 24074
3 24072 24068 24066
3 24062 24059 24056
3 24055 24054 24048
3 24047 24046 24043
3 24035 24034 24024
3 24023 24021 24017
3 24014 24009 24007
3 24000 23994 23993
3 23984 23977 23970
3 23965 23963 23957
3 23952 23951 23949
3 23943 23941 23939
3 23932 23931 23928
3 23901 23900 23896
3 23890 23888 23877
3 23868 23862 23859
3 23854 23849 23833
3 23830 23824 23822
3 23821 23819 23818
3 23817 23816 23815
3 23813 23805 23803
3 23802 23799 23798
3 23792 23790 23787
3 23785 23779 23766
3 23762 23758 23749
3 23748 23745 23741
3 23739 23734 23725
3 23723 23720 23717
3 23706 23704 23702
3 23701 23700 23696
3 23692 23684 23683
3 23681 23679 23673
3 23668 23656 23655
3 23653 23651 23650
3 23647 23644 23642
3 23641 23637 23635
3 23631 23627 23624
3 23614 23612 23607
3 23604 23599 23597
3 23594 23583 23581
3 23578 23575 23568
3 23565 23564 23561
3 23559 23556 23555
3 23554 23546 23540
3 23528 23524 23513
3 23506 23504 23501
3 23496 23494 23493
3 23492 23485 23477
3 23471 23470 23464
3 23463 23461 23459
3 23453 23452 23450
3 23442 23439 23435
3 23434 23426 23421
3 23420 23409 23408
3 23406 23405 23399
3 23387 23384 23379
3 23378 23370 23369
3 23363 23359 23355
3 23350 23342 23339
3 23328 23327 23321
3 23320 23308 23301
3 23295 23294 23293
3 23292 23291 23287
3 23278 23273 23271
3 23270 23268 23267
3 23265 23263 23262
3 23259 23250 23246
3 23245 23243 23242
3 23240 23238 23234
3 23225 23218 23216
3 23214 23213 23203
3 23199 23198 23196
3 23194 23190 23186
3 23183 23175 23166
3 23159 23154 23150
3 23148 23146 23144
3 23143 23142 23139
3 23138 23134 23127
3 23126 23115 23113
3 23112 23111 23109
3 23106 23102 23097
3 23096 23095 23094
3 23090 23089 23088
3 23085 23084 23083
3 23070 23069 23068
3 23067 23062 23061
3 23051 23049 23046
3 23045 23043 23042
3 23038 23037 23032
3 23016 23014 23010
3 23006 23004 23003
3 23001 23000 22999
3 22996 22994 22993
3 22992 22991 22989
3 22985 22981 22980
3 22978 22974 22965
3 22940 22929 22928
3 22923 22917 22914
3 22908 22904 22898
3 22884 22883 22881
3 22870 22868 22863
3 22859 22855 22854
3 22845 22842 22840
3 22836 22831 22824
3 22818 22817 22813
3 22812 22806 22805
3 22803 22797 22791
3 22789 22787 22785
3 22781 22779 22777
3 22776 22775 22772
3 22771 22770 22769
3 22767 22765 22757
3 22743 22736 22735
3 22731 22730 22717
3 22713 22707 22706
3 22699 22684 22680
3 22678 22677 22668
3 22667 22666 22664
3 22659 22658 22647
3 22643 22640 22639
3 22638 22629 22628
3 22619 22617 22614
3 22610 22606 22604
3 22603 22597 22596
3 22595 22588 22584
3 22583 22581 22579
3 22575 22571 22570
3 22565 22560 22559
3 22554 22553 22549
3 22547 22537 22522
3 22515 22512 22495
3 22494 22492 22491
3 22483 22479 22477
3 22474 22471 22469
3 22465 22462 22452
3 22445 22443 22440
3 22434 22431 22429
3 22424 22422 22421
3 22420 22418 22417
3 22416 22415 22412
3 22396 22395 22394
3 22391 22386 22375
3 22373 22367 22362
3 22360 22355 22350
3 22349 22345 22344
3 22341 22332 22331
3 22330 22324 22322
3 22317 22316 22314
3 22308 22307 22300
3 22299 22296 22295
3 22292 22283 22276
3 22273 22269 22266
3 22263 22262 22260
3 22257 22245 22243
3 22240 22238 22237
3 22234 22230 22228
3 22227 22223 22220
3 22218 22209 22208
3 22203 22193 22192
3 22188 22187 22182
3 22178 22177 22174
3 22164 22161 22160
3 22155 22154 22152
3 22145 22135 22129
3 22127 22125 22123
3 22114 22112 22109
3 22108 22107 22105
3 22103 22102 22101
3 22100 22099 22096
3 22084 22082 22079
3 22073 22072 22070
3 22068 22063 22057
3 22043 22042 22041
3 22040 22037 22029
3 22020 22015 22010
3 22009 22008 22006
3 22005 22002 22001
3 22000 21995 21993
3 21988 21985 21981
3 21979 21975 21973
3 21959 21954 21949
3 21946 21940 21935
3 21934 21933 21932
3 21931 21929 21925
3 21912 21906 21901
3 21896 21895 21889
3 21882 21879 21874
3 21863 21847 21841
3 21836 21835 21828
3 21827 21826 21822
3 21817 21813 21810
3 21807 21803 21798
3 21791 21789 21786
3 21785 21781 21777
3 21770 21769 21760
3 21759 21755 21750
3 21748 21744 21741
3 21739 21736 21732
3 21715 21710 21705
3 21701 21700 21693
3 21688 21685 21684
3 21683 21681 21675
3 21672 21671 21668
3 21663 21659 21658
3 21653 21652 21648
3 21644 21643 21642
3 21639 21635 21633
3 21627 21623 21615
3 21614 21613 21612
3 21601 21594 21592
3 21591 21590 21577
3 21575 21574 21569
3 21563 21559 21534
3 21529 21528 21523
3 21522 21519 21512
3 21510 21507 21501
3 21496 21489 21487
3 21480 21479 21478
3 21477 21476 21474
3 21466 21463 21449
3 21448 21447 21446
3 21443 21442 21436
3 21430 21429 21426
3 21422 21418 21415
3 21413 21401 21393
3 21391 21381 21377
3 21373 21370 21367
3 21366 21361 21358
3 21352 21349 21348
3 21347 21336 21333
3 21328 21326 21325
3 21317 21311 21307
3 21306 21304 21303
3 21302 21284 21283
3 21282 21280 21269
3 21262 21257 21251
3 21249 21247 21246
3 21244 21242 21241
3 21239 21230 21219
3 21218 21211 21198
3 21192 21191 21186
3 21178 21177 21176
3 21171 21169 21166
3 21160 21159 21158
3 21154 21153 21150
3 21149 21148 21147
3 21144 21141 21136
3 21135 21134 21132
3 21131 21126 21124
3 21115 21110 21109
3 21108 21107 21104
3 21103 21097 21095
3 21094 21093 21088
3 21082 21081 21080
3 21078 21076 21073
3 21063 21054 21051
3 21050 21043 21041
3 21040 21034 21027
3 21025 21021 21020
3 21016 21010 21009
3 21008 21003 21002
3 20999 20996 20992
3 20990 20988 20982
3 20979 20977 20975
3 20974 20970 20969
3 20963 20961 20958
3 20951 20949 20947
3 20946 20945 20944
3 20943 20941 20937
3 20932 20920 20918
3 20916 20915 20910
3 20909 20905 20899
3 20896 20894 20890
3 20889 20884 20882
3 20878 20876 20872
3 20855 20852 20851
3 20850 20849 20847
3 20846 20839 20838
3 20837 20836 20833
3 20830 20824 20820
3 20817 20814 20809
3 20796 20794 20790
3 20786 20778 20775
3 20774 20773 20769
3 20765 20763 20760
3 20751 20750 20749
3 20747 20746 20745
3 20743 20742 20741
3 20737 20734 20733
3 20731 20729 20718
3 20708 20707 20704
3 20701 20697 20696
3 20693 20689 20686
3 20673 20672 20670
3 20668 20665 20663
3 20658 20651 20650
3 20645 20644 20643
3 20642 20635 20633
3 20631 20624 20621
3 20615 20600 20592
3 20589 20588 20583
3 20582 20581 20575
3 20573 20569 20568
3 20566 20560 20556
3 20555 20544 20541
3 20537 20534 20533
3 20530 20528 20522
3 20517 20515 20511
3 20508 20506 20503
3 20500 20498 20495
3 20490 20485 20482
3 20476 20475 20467
3 20466 20461 20455
3 20453 20450 20449
3 20447 20444 20427
3 20411 20409 20406
3 20400 20399 20388
3 20386 20384 20379
3 20376 20374 20371
3 20368 20365 20364
3 20357 20356 20351
3 20348 20346 20345
3 20343 20336 20335
3 20332 20328 20324
3 20323 20322 20319
3 20317 20311 20308
3 20302 20300 20298
3 20293 20291 20290
3 20289 20287 20281
3 20280 20278 20269
3 20267 20266 20260
3 20251 20249 20243
3 20236 20235 20226
3 20225 20223 20219
3 20216 20215 20213
3 20212 20211 20206
3 20204 20203 20193
3 20192 20188 20186
3 20185 20183 20177
3 20176 20164 20154
3 20153 20152 20151
3 20145 20141 20137
3 20132 20131 20129
3 20125 20116 20115
3 20112 20109 20104
3 20103 20095 20091
3 20088 20087 20085
3 20083 20082 20079
3 20073 20072 20056
3 20052 20050 20047
3 20044 20040 20032
3 20029 20028 20025
3 20016 20012 20004
3 20003 20000 19997
3 19992 19981 19978
3 19977 19976 19972
3 19971 19965 19964
3 19961 19957 19955
3 19954 19952 19951
3 19950 19948 19932
3 19931 19930 19924
3 19920 19914 19913
3 19910 19909 19908
3 19900 19893 19892
3 19890 19887 19879
3 19871 19869 19867
3 19848 19847 19836
3 19834 19818 19811
3 19809 19807 19806
3 19805 19794 19789
3 19788 19787 19784
3 19781 19775 19773
3 19772 19765 19757
3 19745 19740 19739
3 19732 19726 19724
3 19719 19716 19710
3 19709 19708 19701
3 19690 19675 19668
3 19666 19658 19655
3 19654 19636 19629
3 19621 19611 19609
3 19602 19599 19598
3 19595 19592 19587
3 19576 19572 19570
3 19561 19559 19551
3 19546 19545 19541
3 19537 19533 19531
3 19528 19525 19524
3 19522 19521 19519
3 19518 19513 19512
3 19508 19507 19505
3 19504 19502 19499
3 19498 19496 19481
3 19479 19477 19472
3 19461 19454 19453
3 19447 19440 19436
3 19431 19430 19416
3 19411 19410 19399
3 19398 19388 19380
3 19376 19372 19371
3 19369 19363 19361
3 19359 19353 19349
3 19348 19347 19342
3 19339 19337 19334
3 19333 19329 19324
3 19323 19317 19307
3 19300 19297 19295
3 19294 19291 19290
3 19285 19283 19280
3 19265 19263 19262
3 19259 19250 19244
3 19243 19241 19240
3 19236 19227 19222
3 19220 19212 19203
3 19202 19199 19197
3 19193 19190 19189
3 19186 19182 19175
3 19174 19171 19169
3 19166 19131 19129
3 19126 19123 19119
3 19118 19114 19112
3 19107 19106 19105
3 19104 19101 19100
3 19099 19093 19088
3 19087 19074 19066
3 19063 19062 19047
3 19042 19039 19034
3 19031 19030 19029
3 19024 19023 19021
3 19018 19004 19003
3 19001 18999 18987
3 18984 18983 18977
3 18974 18967 18966
3 18964 18958 18957
3 18956 18954 18952
3 18950 18948 18933
3 18921 18915 18913
3 18910 18904 18903
3 18900 18893 18889
3 18888 18875 18871
3 18867 18866 18861
3 18857 18855 18847
3 18830 18829 18816
3 18812 18804 18801
3 18796 18792 18789
3 18786 18785 18784
3 18773 18770 18768
3 18763 18762 18757
3 18756 18753 18744
3 18739 18730 18729
3 18720 18718 18714
3 18709 18705 18703
3 18690 18688 18687
3 18685 18684 18683
3 18678 18677 18676
3 18674 18673 18668
3 18662 18658 18652
3 18651 18649 18648
3 18647 18640 18639
3 18629 18618 18615
3 18614 18607 18601
3 18593 18592 18591
3 18590 18589 18586
3 18574 18572 18554
3 18550 18541 18538
3 18534 18530 18522
3 18516 18510 18509
3 18504 18498 18488
3 18486 18482 18481
3 18478 18472 18468
3 18465 18461 18457
3 18455 18454 18452
3 18450 18445 18444
3 18442 18440 18439
3 18435 18433 18431
3 18430 18420 18418
3 18417 18414 18407
3 18404 18403 18400
3 18397 18392 18389
3 18380 18369 18366
3 18364 18362 18361
3 18355 18354 18349
3 18348 18346 18340
3 18336 18333 18331
3 18327 18325 18322
3 18321 18320 18319
3 18318 18315 18313
3 18309 18308 18303
3 18302 18301 18299
3 18295 18293 18291
3 18290 18278 18258
3 18248 18246 18244
3 18242 18237 18228
3 18223 18215 18208
3 18203 18202 18198
3 18195 18194 18192
3 18189 18187 18183
3 18182 18179 18177
3 18172 18164 18163
3 18160 18148 18146
3 18141 18139 18136
3 18135 18132 18127
3 18123 18114 18112
3 18110 18107 18106
3 18104 18101 18094
3 18083 18082 18065
3 18064 18057 18056
3 18055 18047 18040
3 18035 18031 18029
3 18026 18024 18016
3 18015 18008 17992
3 17987 17979 17978
3 17977 17974 17973
3 17971 17969 17968
3 17965 17961 17957
3 17956 17955 17952
3 17948 17947 17942
3 17941 17940 17937
3 17935 17930 17923
3 17919 17916 17913
3 17910 17907 17906
3 17902 17898 17894
3 17890 17880 17871
3 17870 17867 17858
3 17857 17854 17853
3 17851 17845 17844
3 17839 17833 17830
3 17828 17827 17826
3 17824 17819 17815
3 17807 17806 17803
3 17799 17798 17795
3 17785 17781 17776
3 17775 17773 17766
3 17765 17759 17754
3 17753 17747 17741
3 17739 17734 17732
3 17730 17724 17715
3 17714 17713 17712
3 17711 17701 17694
3 17691 17687 17682
3 17674 17669 17660
3 17655 17654 17636
3 17633 17631 17630
3 17628 17621 17610
3 17602 17595 17591
3 17589 17576 17570
3 17566 17565 17560
3 17552 17551 17550
3 17542 17536 17531
3 17528 17524 17522
3 17518 17517 17516
3 17508 17503 17501
3 17495 17491 17485
3 17483 17480 17473
3 17461 17452 17447
3 17446 17444 17441
3 17433 17432 17429
3 17421 17419 17417
3 17416 17415 17412
3 17406 17405 17400
3 17397 17394 17393
3 17389 17366 17365
3 17362 17359 17356
3 17344 17342 17339
3 17338 17337 17335
3 17328 17325 17320
3 17317 17316 17307
3 17305 17301 17294
3 17292 17290 17283
3 17281 17280 17275
3 17274 17273 17271
3 17256 17255 17249
3 17247 17243 17238
3 17235 17228 17215
3 17211 17210 17207
3 17206 17203 17202
3 17198 17197 17196
3 17194 17191 17183
3 17182 17179 17177
3 17173 17172 17168
3 17167 17165 17160
3 17151 17144 17142
3 17138 17137 17136
3 17130 17117 17115
3 17109 17102 17100
3 17095 17093 17092
3 17088 17085 17084
3 17078 17076 17071
3 17070 17059 17052
3 17049 17044 17043
3 17042 17039 17037
3 17034 17016 17015
3 17004 17002 16998
3 16997 16995 16994
3 16989 16988 16985
3 16966 16965 16963
3 16959 16957 16950
3 16945 16942 16940
3 16938 16936 16928
3 16924 16923 16920
3 16916 16913 16907
3 16903 16900 16899
3 16897 16891 16887
3 16884 16883 16877
3 16866 16864 16862
3 16859 16854 16853
3 16851 16845 16844
3 16839 16832 16830
3 16825 16824 16814
3 16809 16804 16801
3 16799 16798 16797
3 16795 16794 16791
3 16784 16782 16778
3 16777 16775 16773
3 16771 16768 16764
3 16763 16759 16757
3 16753 16748 16744
3 16738 16733 16732
3 16727 16726 16719
3 16709 16701 16697
3 16695 16694 16692
3 16691 16690 16689
3 16684 16683 16677
3 16676 16674 16673
3 16667 16664 16662
3 16660 16650 16643
3 16639 16636 16634
3 16629 16625 16624
3 16623 16621 16618
3 16617 16614 16611
3 16610 16603 16602
3 16600 16599 16598
3 16596 16591 16590
3 16589 16588 16587
3 16574 16570 16569
3 16558 16556 16549
3 16542 16540 16537
3 16533 16532 16526
3 16515 16514 16513
3 16511 16507 16499
3 16492 16491 16489
3 16485 16483 16478
3 16472 16467 16466
3 16463 16456 16455
3 16452 16445 16444
3 16443 16442 16438
3 16437 16436 16428
3 16424 16421 16415
3 16412 16401 16396
3 16395 16394 16393
3 16392 16387 16384
3 16383 16380 16373
3 16371 16367 16361
3 16358 16356 16355
3 16348 16347 16339
3 16329 16327 16326
3 16324 16317 16314
3 16308 16302 16296
3 16292 16291 16290
3 16288 16287 16280
3 16279 16276 16274
3 16268 16260 16258
3 16257 16252 16248
3 16244 16241 16236
3 16234 16229 16228
3 16217 16216 16208
3 16205 16203 16183
3 16177 16174 16170
3 16167 16162 16159
3 16157 16156 16155
3 16147 16144 16139
3 16134 16126 16115
3 16113 16109 16107
3 16105 16104 16101
3 16098 16095 16093
3 16091 16086 16083
3 16073 16071 16064
3 16061 16057 16054
3 16044 16043 16038
3 16033 16027 16020
3 16019 16013 16008
3 16002 16001 16000
3 15997 15993 15988
3 15987 15971 15966
3 15963 15959 15948
3 15946 15945 15941
3 15929 15922 15920
3 15917 15912 15906
3 15898 15892 15885
3 15877 15876 15868
3 15867 15866 15865
3 15857 15850 15848
3 15843 15841 15835
3 15834 15832 15828
3 15827 15826 15824
3 15823 15819 15818
3 15812 15807 15806
3 15804 15802 15799
3 15790 15789 15788
3 15783 15779 15778
3 15771 15770 15765
3 15759 15753 15749
3 15747 15744 15739
3 15734 15719 15714
3 15713 15712 15705
3 15704 15699 15696
3 15695 15694 15691
3 15689 15688 15687
3 15683 15682 15681
3 15680 15679 15678
3 15677 15666 15660
3 15658 15656 15654
3 15648 15643 15642
3 15639 15637 15635
3 15634 15631 15628
3 15626 15625 15619
3 15613 15610 15604
3 15600 15597 15595
3 15592 15589 15588
3 15586 15576 15573
3 15570 15569 15566
3 15564 15562 15553
3 15551 15545 15536
3 15535 15534 15525
3 15524 15521 15516
3 15508 15504 15492
3 15491 15490 15481
3 15470 15468 15467
3 15465 15459 15458
3 15457 15456 15448
3 15443 15434 15433
3 15432 15431 15427
3 15424 15421 15420
3 15410 15406 15404
3 15394 15385 15380
3 15379 15368 15365
3 15361 15355 15348
3 15344 15343 15335
3 15333 15332 15328
3 15326 15325 15319
3 15315 15314 15311
3 15305 15301 15300
3 15298 15294 15292
3 15290 15287 15285
3 15284 15282 15280
3 15278 15276 15273
3 15266 15259 15244
3 15243 15241 15239
3 15234 15233 15231
3 15230 15225 15223
3 15218 15217 15213
3 15207 15203 15195
3 15187 15181 15180
3 15177 15174 15171
3 15161 15160 15155
3 15154 15150 15142
3 15132 15130 15126
3 15117 15116 15113
3 15108 15105 15102
3 15092 15088 15087
3 15085 15084 15080
3 15076 15074 15072
3 15065 15064 15062
3 15056 15052 15048
3 15042 15039 15030
3 15029 15023 15014
3 15009 15008 15007
3 15005 15002 14972
3 14969 14967 14961
3 14954 14953 14950
3 14943 14940 14930
3 14925 14923 14919
3 14917 14908 14904
3 14901 14898 14895
3 14893 14889 14881
3 14870 14864 14855
3 14854 14850 14847
3 14836 14828 14824
3 14822 14813 14798
3 14794 14788 14777
3 14774 14772 14767
3 14760 14758 14754
3 14753 14752 14751
3 14750 14747 14746
3 14743 14735 14733
3 14721 14709 14704
3 14702 14690 14686
3 14685 14684 14676
3 14672 14668 14667
3 14661 14655 14642
3 14633 14632 14630
3 14629 14628 14623
3 14621 14620 14619
3 14614 14613 14610
3 14608 14605 14603
3 14600 14597 14588
3 14584 14582 14576
3 14568 14564 14551
3 14533 14527 14523
3 14522 14513 14509
3 14508 14505 14504
3 14503 14502 14499
3 14496 14494 14491
3 14484 14480 14478
3 14472 14466 14460
3 14453 14446 14441
3 14432 14431 14429
3 14427 14426 14423
3 14421 14417 14410
3 14409 14405 14401
3 14397 14394 14393
3 14389 14386 14371
3 14368 14364 14360
3 14353 14352 14339
3 14335 14330 14318
3 14316 14314 14313
3 14311 14297 14296
3 14295 14294 14293
3 14286 14274 14271
3 14268 14265 14264
3 14258 14255 14254
3 14251 14248 14244
3 14239 14235 14232
3 14231 14229 14228
3 14226 14225 14220
3 14209 14205 14203
3 14201 14193 14188
3 14185 14183 14182
3 14179 14177 14171
3 14169 14167 14164
3 14163 14151 14143
3 14141 14140 14139
3 14138 14135 14129
3 14125 14116 14114
3 14112 14111 14107
3 14100 14089 14084
3 14076 14074 14073
3 14069 14057 14054
3 14051 14047 14038
3 14033 14021 14018
3 14016 14015 14013
3 14005 14003 13999
3 13998 13996 13994
3 13978 13977 13974
3 13968 13967 13966
3 13963 13961 13953
3 13950 13940 13936
3 13933 13929 13928
3 13927 13925 13904
3 13903 13896 13891
3 13879 13870 13864
3 13862 13857 13847
3 13844 13843 13839
3 13836 13827 13825
3 13814 13811 13808
3 13807 13806 13800
3 13799 13796 13795
3 13789 13787 13778
3 13771 13766 13763
3 13760 13756 13744
3 13743 13742 13735
3 13734 13729 13728
3 13724 13714 13711
3 13705 13703 13695
3 13692 13690 13686
3 13682 13680 13677
3 13668 13664 13657
3 13651 13647 13645
3 13642 13641 13636
3 13635 13628 13604
3 13603 13600 13599
3 13598 13595 13594
3 13593 13581 13576
3 13575 13569 13568
3 13567 13565 13564
3 13561 13559 13555
3 13554 13551 13550
3 13549 13547 13545
3 13543 13539 13530
3 13529 13526 13525
3 13523 13516 13501
3 13498 13497 13483
3 13479 13475 13473
3 13472 13464 13453
3 13449 13447 13445
3 13443 13442 13441
3 13439 13436 13434
3 13430 13422 13410
3 13394 13388 13386
3 13376 13371 13368
3 13363 13361 13351
3 13348 13347 13345
3 13338 13336 13332
3 13328 13327 13323
3 13319 13315 13305
3 13304 13300 13295
3 13292 13291 13285
3 13280 13273 13270
3 13266 13264 13263
3 13260 13250 13247
3 13242 13239 13237
3 13232 13224 13216
3 13215 13201 13189
3 13181 13169 13168
3 13167 13163 13162
3 13160 13159 13154
3 13153 13149 13146
3 13138 13136 13131
3 13125 13122 13120
3 13119 13116 13107
3 13104 13095 13087
3 13084 13083 13082
3 13079 13076 13073
3 13070 13069 13065
3 13062 13046 13045
3 13044 13041 13031
3 13030 13029 13025
3 13023 13019 13018
3 13005 13004 12987
3 12981 12980 12979
3 12978 12973 12971
3 12970 12966 12965
3 12964 12958 12955
3 12953 12951 12949
3 12947 12945 12942
3 12937 12936 12935
3 12934 12932 12931
3 12924 12918 12917
3 12915 12903 12901
3 12900 12899 12897
3 12893 12892 12880
3 12875 12869 12861
3 12860 12843 12840
3 12838 12835 12827
3 12817 12809 12806
3 12800 12799 12798
3 12794 12783 12781
3 12774 12770 12769
3 12767 12754 12750
3 12748 12747 12741
3 12735 12733 12727
3 12725 12718 12717
3 12714 12713 12710
3 12708 12707 12701
3 12697 12695 12694
3 12689 12688 12676
3 12672 12661 12653
3 12649 12641 12635
3 12633 12631 12630
3 12626 12624 12615
3 12612 12610 12609
3 12598 12596 12591
3 12587 12586 12585
3 12581 12580 12573
3 12570 12567 12564
3 12562 12561 12559
3 12558 12550 12547
3 12542 12540 12539
3 12528 12522 12520
3 12519 12514 12505
3 12504 12498 12497
3 12488 12482 12480
3 12467 12465 12461
3 12456 12454 12453
3 12451 12444 12443
3 12438 12436 12423
3 12417 12414 12413
3 12411 12410 12405
3 12400 12396 12389
3 12388 12382 12374
3 12370 12369 12368
3 12363 12362 12360
3 12356 12354 12352
3 12348 12345 12343
3 12340 12338 12337
3 12331 12325 12324
3 12322 12320 12318
3 12316 12311 12306
3 12295 12291 12284
3 12283 12281 12280
3 12278 12277 12267
3 12266 12261 12253
3 12252 12247 12245
3 12229 12226 12225
3 12224 12207 12203
3 12196 12176 12175
3 12169 12163 12157
3 12156 12152 12144
3 12141 12139 12130
3 12128 12127 12124
3 12117 12115 12108
3 12106 12103 12102
3 12089 12088 12087
3 12086 12078 12073
3 12066 12065 12061
3 12043 12040 12039
3 12037 12035 12033
3 12028 12025 12023
3 12022 12014 12013
3 12008 12006 12005
3 12003 12000 11998
3 11995 11992 11982
3 11980 11975 11973
3 11967 11966 11965
3 11961 11958 11957
3 11951 11950 11946
3 11939 11933 11928
3 11915 11906 11904
3 11903 11902 11893
3 11890 11886 11883
3 11882 11877 11871
3 11866 11863 11855
3 11851 11850 11849
3 11847 11841 11840
3 11839 11837 11823
3 11821 11820 11817
3 11814 11807 11803
3 11802 11797 11792
3 11790 11785 11783
3 11782 11771 11770
3 11767 11766 11765
3 11764 11762 11760
3 11750 11748 11746
3 11740 11739 11738
3 11736 11732 11730
3 11727 11721 11719
3 11703 11701 11698
3 11697 11695 11690
3 11682 11679 11676
3 11672 11670 11669
3 11667 11663 11662
3 11658 11656 11653
3 11648 11646 11640
3 11639 11638 11637
3 11630 11626 11624
3 11623 11620 11614
3 11612 11610 11608
3 11606 11604 11599
3 11592 11563 11543
3 11542 11541 11538
3 11532 11525 11522
3 11515 11514 11513
3 11505 11501 11496
3 11494 11491 11490
3 11489 11488 11486
3 11484 11483 11481
3 11469 11468 11466
3 11462 11456 11450
3 11448 11443 11438
3 11428 11419 11418
3 11410 11406 11405
3 11403 11402 11398
3 11389 11387 11378
3 11375 11374 11373
3 11372 11369 11364
3 11362 11355 11354
3 11347 11344 11343
3 11340 11339 11335
3 11333 11331 11327
3 11324 11321 11320
3 11319 11317 11315
3 11313 11310 11309
3 11303 11298 11296
3 11295 11292 11287
3 11281 11279 11272
3 11267 11265 11258
3 11257 11256 11255
3 11243 11240 11234
3 11233 11227 11226
3 11219 11216 11213
3 11211 11206 11205
3 11202 11200 11195
3 11188 11178 11176
3 11169 11168 11165
3 11163 11157 11153
3 11151 11150 11146
3 11144 11143 11139
3 11127 11124 11121
3 11120 11116 11114
3 11108 11105 11103
3 11095 11091 11088
3 11083 11082 11078
3 11075 11063 11062
3 11060 11056 11052
3 11051 11044 11042
3 11033 11029 11028
3 11024 11023 11015
3 11013 11009 11007
3 10999 10997 10995
3 10987 10985 10979
3 10970 10967 10962
3 10961 10958 10954
3 10952 10949 10948
3 10945 10943 10942
3 10938 10933 10932
3 10931 10930 10924
3 10920 10910 10902
3 10896 10888 10886
3 10880 10879 10877
3 10873 10870 10868
3 10864 10858 10857
3 10855 10852 10850
3 10848 10847 10846
3 10842 10832 10824
3 10823 10822 10821
3 10820 10819 10817
3 10815 10814 10811
3 10806 10803 10802
3 10801 10794 10780
3 10778 10774 10767
3 10764 10763 10758
3 10757 10755 10752
3 10751 10747 10746
3 10739 10738 10726
3 10721 10717 10715
3 10712 10711 10708
3 10707 10705 10687
3 10682 10680 10679
3 10676 10674 10667
3 10664 10662 10658
3 10653 10650 10646
3 10645 10642 10641
3 10628 10626 10621
3 10620 10618 10605
3 10600 10598 10593
3 10590 10585 10569
3 10561 10560 10551
3 10548 10544 10543
3 10542 10531 10527
3 10521 10517 10512
3 10511 10509 10502
3 10497 10495 10488
3 10487 10486 10471
3 10467 10462 10460
3 10452 10448 10445
3 10444 10442 10441
3 10437 10435 10434
3 10431 10430 10418
3 10407 10405 10404
3 10403 10401 10400
3 10398 10390 10387
3 10383 10382 10381
3 10380 10373 10371
3 10369 10366 10364
3 10358 10350 10343
3 10332 10331 10329
3 10314 10308 10299
3 10298 10293 10284
3 10281 10279 10275
3 10272 10271 10270
3 10266 10265 10264
3 10258 10257 10253
3 10246 10244 10236
3 10234 10232 10229
3 10228 10227 10226
3 10223 10222 10219
3 10215 10212 10210
3 10204 10196 10192
3 10189 10188 10182
3 10171 10165 10162
3 10160 10157 10155
3 10154 10153 10147
3 10146 10145 10142
3 10138 10137 10135
3 10134 10132 10131
3 10130 10129 10125
3 10123 10120 10119
3 10118 10112 10103
3 10093 10089 10076
3 10074 10069 10067
3 10064 10062 10059
3 10058 10056 10055
3 10054 10052 10045
3 10043 10040 10036
3 10034 10026 10023
3 10021 10017 10016
3 10011 10010 10007
3 10006 9994 9987
3 9986 9985 9972
3 9962 9953 9951
3 9945 9942 9941
3 9934 9927 9925
3 9917 9913 9907
3 9905 9903 9901
3 9894 9893 9887
3 9882 9879 9878
3 9876 9864 9842
3 9838 9837 9831
3 9813 9811 9802
3 9797 9796 9794
3 9793 9792 9791
3 9790 9787 9781
3 9780 9779 9778
3 9776 9768 9762
3 9759 9758 9749
3 9747 9745 9741
3 9738 9733 9727
3 9711 9710 9709
3 9708 9703 9698
3 9695 9693 9692
3 9689 9677 9663
3 9662 9660 9657
3 9655 9647 9645
3 9641 9640 9636
3 9634 9633 9626
3 9625 9619 9614
3 9603 9599 9598
3 9596 9595 9587
3 9586 9581 9580
3 9578 9577 9572
3 9571 9559 9556
3 9551 9549 9539
3 9536 9534 9531
3 9529 9528 9521
3 9511 9506 9505
3 9503 9501 9494
3 9490 9487 9474
3 9463 9456 9455
3 9450 9436 9432
3 9429 9428 9425
3 9423 9420 9409
3 9402 9398 9394
3 9393 9392 9391
3 9384 9381 9379
3 9378 9373 9356
3 9347 9346 9340
3 9338 9336 9327
3 9325 9324 9323
3 9316 9311 9308
3 9307 9305 9304
3 9301 9292 9291
3 9282 9279 9277
3 9269 9265 9258
3 9254 9253 9248
3 9243 9240 9234
3 9216 9211 9209
3 9205 9197 9196
3 9194 9189 9187
3 9186 9185 9179
3 9176 9173 9171
3 9169 9168 9162
3 9159 9156 9155
3 9154 9153 9145
3 9141 9140 9133
3 9130 9123 9118
3 9116 9111 9110
3 9109 9104 9096
3 9089 9088 9087
3 9085 9084 9081
3 9077 9069 9065
3 9063 9055 9053
3 9051 9048 9040
3 9036 9034 9032
3 9024 9014 9009
3 9008 9007 9004
3 8996 8990 8987
3 8972 8963 8957
3 8956 8951 8947
3 8946 8944 8943
3 8941 8938 8931
3 8920 8919 8914
3 8912 8911 8902
3 8899 8889 8885
3 8884 8883 8882
3 8878 8875 8869
3 8868 8864 8863
3 8855 8850 8843
3 8840 8837 8826
3 8824 8822 8820
3 8818 8817 8814
3 8811 8805 8804
3 8792 8783 8781
3 8779 8769 8768
3 8767 8761 8756
3 8754 8753 8747
3 8741 8738 8734
3 8728 8726 8720
3 8715 8710 8703
3 8694 8685 8680
3 8679 8675 8672
3 8664 8658 8650
3 8645 8643 8636
3 8635 8634 8630
3 8627 8626 8621
3 8619 8617 8614
3 8613 8604 8594
3 8586 8585 8583
3 8575 8570 8560
3 8558 8555 8549
3 8541 8537 8535
3 8534 8529 8514
3 8507 8498 8493
3 8489 8487 8483
3 8476 8475 8474
3 8472 8469 8458
3 8457 8456 8454
3 8452 8448 8436
3 8433 8432 8428
3 8421 8416 8405
3 8398 8396 8394
3 8391 8377 8373
3 8371 8366 8362
3 8358 8348 8346
3 8345 8342 8338
3 8335 8333 8331
3 8329 8323 8308
3 8303 8302 8287
3 8286 8284 8281
3 8263 8262 8258
3 8255 8252 8251
3 8250 8247 8242
3 8234 8224 8220
3 8210 8207 8202
3 8201 8197 8193
3 8190 8188 8185
3 8184 8183 8180
3 8178 8164 8163
3 8162 8158 8153
3 8151 8150 8149
3 8148 8144 8142
3 8141 8139 8132
3 8130 8127 8119
3 8118 8116 8113
3 8112 8110 8109
3 8108 8104 8101
3 8100 8094 8090
3 8087 8086 8076
3 8069 8052 8045
3 8041 8039 8038
3 8032 8029 8026
3 8024 8021 8020
3 8014 8013 8011
3 8005 8004 8002
3 7996 7990 7988
3 7987 7977 7976
3 7975 7969 7966
3 7964 7961 7960
3 7959 7958 7957
3 7954 7951 7949
3 7946 7936 7935
3 7931 7918 7917
3 7916 7914 7905
3 7901 7899 7893
3 7892 7886 7880
3 7874 7870 7868
3 7862 7858 7857
3 7856 7847 7843
3 7840 7826 7823
3 7818 7816 7815
3 7811 7806 7801
3 7799 7798 7797
3 7791 7790 7789
3 7786 7784 7783
3 7781 7780 7777
3 7773 7765 7758
3 7754 7748 7747
3 7740 7738 7732
3 7730 7724 7718
3 7714 7711 7709
3 7707 7700 7694
3 7690 7686 7685
3 7682 7669 7667
3 7666 7662 7660
3 7657 7654 7646
3 7643 7638 7637
3 7634 7628 7626
3 7622 7617 7615
3 7613 7605 7604
3 7602 7599 7598
3 7595 7594 7585
3 7581 7573 7564
3 7563 7562 7555
3 7550 7548 7543
3 7542 7538 7535
3 7533 7531 7516
3 7515 7509 7507
3 7493 7488 7485
3 7480 7474 7469
3 7467 7463 7459
3 7450 7449 7447
3 7445 7443 7440
3 7436 7435 7434
3 7427 7426 7424
3 7418 7414 7411
3 7406 7405 7396
3 7395 7389 7385
3 7379 7378 7372
3 7371 7369 7368
3 7366 7365 7363
3 7362 7354 7353
3 7349 7347 7346
3 7342 7339 7334
3 7330 7327 7315
3 7304 7303 7302
3 7290 7275 7274
3 7272 7271 7266
3 7264 7261 7252
3 7250 7248 7239
3 7238 7236 7235
3 7231 7225 7224
3 7222 7216 7215
3 7213 7210 7203
3 7202 7191 7189
3 7188 7180 7179
3 7175 7172 7171
3 7167 7163 7156
3 7152 7144 7142
3 7139 7134 7128
3 7124 7120 7116
3 7115 7114 7113
3 7110 7105 7101
3 7100 7099 7082
3 7081 7080 7078
3 7066 7064 7058
3 7054 7045 7040
3 7033 7032 7027
3 7021 7019 7014
3 7010 7007 7006
3 7005 7001 7000
3 6991 6990 6985
3 6981 6980 6976
3 6975 6971 6968
3 6966 6965 6951
3 6943 6938 6937
3 6934 6930 6928
3 6913 6912 6910
3 6906 6896 6894
3 6893 6891 6881
3 6877 6876 6874
3 6873 6870 6866
3 6863 6856 6855
3 6850 6847 6846
3 6844 6839 6838
3 6837 6836 6835
3 6830 6806 6796
3 6795 6786 6779
3 6778 6772 6767
3 6763 6753 6752
3 6750 6748 6741
3 6739 6735 6713
3 6709 6700 6698
3 6693 6692 6690
3 6689 6687 6685
3 6678 6674 6672
3 6669 6663 6658
3 6656 6655 6654
3 6653 6652 6650
3 6647 6646 6643
3 6641 6640 6638
3 6637 6636 6635
3 6633 6626 6625
3 6617 6616 6614
3 6613 6609 6608
3 6602 6600 6598
3 6597 6596 6592
3 6591 6590 6586
3 6580 6579 6577
3 6576 6575 6574
3 6572 6560 6550
3 6547 6545 6540
3 6536 6530 6529
3 6525 6523 6519
3 6518 6515 6503
3 6502 6499 6496
3 6491 6482 6481
3 6477 6474 6471
3 6468 6460 6456
3 6454 6453 6448
3 6444 6435 6430
3 6423 6414 6413
3 6411 6410 6406
3 6404 6386 6383
3 6382 6374 6372
3 6371 6369 6362
3 6357 6354 6351
3 6347 6344 6342
3 6340 6338 6335
3 6334 6333 6329
3 6321 6316 6312
3 6309 6300 6296
3 6281 6278 6277
3 6271 6259 6258
3 6251 6250 6249
3 6245 6243 6225
3 6216 6214 6212
3 6207 6206 6202
3 6192 6191 6189
3 6185 6184 6178
3 6176 6161 6154
3 6150 6144 6142
3 6138 6132 6130
3 6128 6125 6118
3 6114 6112 6109
3 6108 6097 6095
3 6091 6087 6079
3 6073 6072 6071
3 6068 6065 6061
3 6060 6059 6032
3 6030 6026 6024
3 6019 6017 6016
3 6011 6010 6006
3 6004 6003 5997
3 5991 5984 5983
3 5975 5973 5970
3 5968 5956 5953
3 5952 5949 5931
3 5928 5920 5918
3 5915 5911 5909
3 5906 5901 5898
3 5895 5891 5890
3 5886 5881 5880
3 5874 5873 5867
3 5861 5858 5854
3 5853 5852 5835
3 5828 5812 5809
3 5807 5802 5800
3 5799 5798 5783
3 5782 5774 5773
3 5772 5771 5768
3 5765 5764 5762
3 5759 5751 5746
3 5743 5740 5723
3 5722 5716 5710
3 5706 5699 5698
3 5696 5695 5693
3 5692 5687 5686
3 5685 5681 5679
3 5670 5669 5665
3 5664 5663 5659
3 5658 5657 5654
3 5653 5650 5646
3 5645 5644 5643
3 5640 5639 5631
3 5627 5617 5614
3 5612 5611 5608
3 5607 5603 5587
3 5580 5579 5569
3 5561 5560 5554
3 5547 5546 5542
3 5541 5539 5535
3 5534 5530 5529
3 5527 5521 5519
3 5512 5506 5503
3 5500 5486 5481
3 5478 5477 5476
3 5468 5466 5465
3 5459 5457 5455
3 5454 5452 5447
3 5437 5435 5431
3 5430 5426 5420
3 5417 5416 5414
3 5406 5405 5404
3 5402 5390 5389
3 5386 5382 5381
3 5380 5378 5375
3 5374 5373 5371
3 5368 5361 5357
3 5356 5354 5349
3 5348 5346 5324
3 5320 5319 5317
3 5300 5298 5289
3 5288 5286 5283
3 5282 5275 5273
3 5269 5267 5263
3 5260 5252 5251
3 5250 5244 5242
3 5236 5227 5221
3 5214 5213 5211
3 5207 5205 5203
3 5194 5191 5190
3 5188 5187 5186
3 5178 5177 5171
3 5170 5159 5157
3 5155 5150 5148
3 5144 5141 5140
3 5127 5120 5117
3 5116 5115 5101
3 5100 5097 5096
3 5091 5074 5068
3 5066 5064 5061
3 5054 5046 5044
3 5043 5042 5038
3 5036 5030 5026
3 5019 5017 5016
3 5014 5013 5011
3 5010 5008 5006
3 4997 4996 4994
3 4992 4990 4986
3 4978 4970 4969
3 4968 4964 4950
3 4949 4938 4937
3 4927 4923 4920
3 4914 4904 4900
3 4899 4898 4897
3 4896 4894 4891
3 4886 4878 4874
3 4868 4865 4864
3 4863 4861 4859
3 4855 4853 4852
3 4851 4850 4847
3 4841 4839 4831
3 4827 4822 4821
3 4812 4811 4808
3 4798 4797 4791
3 4789 4788 4786
3 4782 4781 4773
3 4772 4762 4761
3 4760 4758 4757
3 4756 4755 4754
3 4750 4748 4744
3 4743 4741 4738
3 4737 4735 4731
3 4729 4726 4724
3 4722 4718 4715
3 4713 4705 4704
3 4700 4698 4696
3 4688 4685 4682
3 4671 4669 4668
3 4665 4657 4654
3 4651 4650 4649
3 4645 4639 4638
3 4633 4630 4619
3 4615 4613 4612
3 4611 4610 4607
3 4605 4604 4594
3 4592 4590 4588
3 4583 4574 4569
3 4565 4559 4556
3 4555 4554 4552
3 4547 4544 4542
3 4541 4539 4531
3 4528 4527 4525
3 4522 4518 4516
3 4515 4514 4505
3 4497 4483 4482
3 4478 4473 4468
3 4466 4462 4459
3 4454 4452 4447
3 4443 4441 4436
3 4435 4434 4432
3 4430 4426 4424
3 4422 4420 4417
3 4407 4405 4403
3 4401 4400 4398
3 4392 4385 4384
3 4379 4363 4355
3 4353 4342 4338
3 4337 4335 4332
3 4328 4324 4323
3 4317 4314 4312
3 4310 4309 4302
3 4301 4297 4292
3 4285 4268 4263
3 4261 4251 4249
3 4244 4242 4240
3 4239 4238 4236
3 4228 4226 4219
3 4214 4212 4211
3 4208 4206 4201
3 4200 4196 4194
3 4192 4183 4179
3 4169 4166 4165
3 4159 4155 4154
3 4151 4148 4143
3 4140 4138 4133
3 4128 4124 4123
3 4121 4120 4119
3 4106 4102 4097
3 4092 4090 4086
3 4085 4081 4080
3 4076 4070 4063
3 4060 4049 4044
3 4040 4034 4025
3 4023 4019 4018
3 4016 4014 4011
3 4008 4007 4002
3 4001 3997 3995
3 3993 3991 3989
3 3975 3965 3963
3 3958 3957 3950
3 3939 3936 3930
3 3928 3923 3922
3 3920 3911 3906
3 3904 3898 3897
3 3896 3890 3880
3 3875 3874 3868
3 3866 3865 3863
3 3862 3859 3854
3 3849 3845 3844
3 3830 3828 3827
3 3818 3811 3810
3 3808 3803 3797
3 3787 3786 3778
3 3775 3772 3769
3 3765 3763 3762
3 3757 3755 3747
3 3746 3739 3737
3 3733 3731 3729
3 3721 3718 3713
3 3706 3703 3700
3 3697 3696 3695
3 3694 3693 3690
3 3686 3684 3681
3 3680 3679 3673
3 3653 3647 3641
3 3639 3637 3636
3 3635 3633 3632
3 3631 3626 3620
3 3613 3612 3611
3 3610 3607 3603
3 3592 3585 3581
3 3571 3569 3563
3 3560 3559 3555
3 3549 3543 3538
3 3535 3528 3527
3 3526 3515 3511
3 3509 3504 3498
3 3497 3489 3488
3 3487 3481 3476
3 3475 3471 3468
3 3465 3462 3461
3 3458 3456 3455
3 3454 3452 3444
3 3441 3440 3435
3 3430 3429 3420
3 3419 3417 3415
3 3404 3392 3388
3 3377 3376 3371
3 3368 3366 3360
3 3350 3349 3348
3 3347 3346 3340
3 3333 3330 3327
3 3317 3315 3313
3 3310 3294 3291
3 3287 3286 3284
3 3282 3278 3270
3 3267 3266 3265
3 3261 3250 3247
3 3237 3235 3233
3 3231 3228 3227
3 3224 3222 3208
3 3205 3202 3198
3 3197 3192 3188
3 3186 3185 3183
3 3174 3171 3168
3 3167 3166 3163
3 3153 3152 3151
3 3146 3145 3135
3 3131 3128 3125
3 3118 3109 3105
3 3098 3095 3094
3 3092 3089 3084
3 3077 3076 3067
3 3065 3064 3061
3 3056 3054 3050
3 3042 3041 3039
3 3037 3036 3034
3 3033 3024 3021
3 3012 3011 3007
3 3001 2999 2998
3 2997 2994 2992
3 2989 2984 2983
3 2977 2974 2973
3 2963 2962 2961
3 2960 2959 2956
3 2953 2949 2948
3 2946 2943 2936
3 2925 2923 2922
3 2919 2912 2911
3 2902 2900 2896
3 2894 2883 2880
3 2877 2875 2871
3 2866 2863 2862
3 2858 2840 2838
3 2837 2836 2835
3 2831 2827 2826
3 2820 2819 2814
3 2807 2802 2797
3 2796 2792 2784
3 2781 2780 2776
3 2775 2774 2773
3 2772 2771 2770
3 2769 2766 2765
3 2757 2752 2751
3 2742 2741 2730
3 2729 2723 2722
3 2718 2716 2710
3 2709 2708 2703
3 2696 2692 2676
3 2675 2671 2669
3 2666 2663 2662
3 2659 2658 2656
3 2650 2649 2647
3 2643 2641 2639
3 2634 2633 2631
3 2630 2629 2628
3 2626 2623 2620
3 2616 2610 2608
3 2592 2586 2579
3 2576 2566 2558
3 2553 2551 2548
3 2547 2539 2536
3 2526 2524 2517
3 2516 2514 2513
3 2512 2511 2506
3 2500 2498 2489
3 2488 2485 2484
3 2479 2463 2461
3 2457 2454 2451
3 2447 2440 2439
3 2437 2433 2422
3 2407 2404 2402
3 2396 2387 2381
3 2377 2375 2370
3 2363 2362 2348
3 2347 2343 2339
3 2329 2322 2319
3 2318 2313 2305
3 2302 2296 2287
3 2262 2252 2251
3 2249 2235 2234
3 2232 2228 2227
3 2226 2223 2222
3 2216 2215 2208
3 2202 2201 2200
3 2196 2188 2180
3 2177 2173 2171
3 2168 2162 2160
3 2159 2158 2154
3 2152 2148 2146
3 2134 2133 2130
3 2129 2117 2116
3 2112 2111 2108
3 2104 2100 2097
3 2095 2093 2091
3 2088 2084 2077
3 2074 2070 2067
3 2066 2059 2052
3 2048 2042 2030
3 2029 2028 2027
3 2025 2015 2003
3 2001 2000 1998
3 1997 1994 1988
3 1986 1984 1983
3 1966 1965 1963
3 1953 1952 1951
3 1949 1938 1937
3 1934 1918 1914
3 1911 1906 1901
3 1888 1885 1882
3 1881 1877 1874
3 1872 1870 1862
3 1858 1854 1842
3 1835 1833 1832
3 1819 1811 1808
3 1795 1787 1786
3 1783 1778 1777
3 1776 1774 1769
3 1767 1757 1744
3 1740 1732 1731
3 1722 1720 1718
3 1710 1709 1705
3 1698 1695 1690
3 1684 1675 1669
3 1667 1663 1661
3 1659 1647 1639
3 1638 1621 1614
3 1605 1599 1598
3 1596 1582 1576
3 1574 1572 1570
3 1567 1565 1564
3 1559 1556 1551
3 1544 1543 1542
3 1531 1530 1526
3 1523 1519 1518
3 1517 1515 1513
3 1506 1505 1504
3 1498 1491 1487
3 1476 1473 1470
3 1466 1461 1455
3 1451 1447 1445
3 1444 1439 1438
3 1436 1434 1426
3 1422 1420 1413
3 1411 1408 1405
3 1404 1402 1386
3 1379 1373 1368
3 1366 1362 1354
3 1349 1347 1335
3 1334 1324 1323
3 1316 1308 1305
3 1304 1296 1293
3 1286 1285 1282
3 1279 1277 1274
3 1273 1271 1269
3 1266 1254 1248
3 1245 1242 1230
3 1228 1227 1223
3 1218 1214 1211
3 1208 1207 1201
3 1196 1195 1194
3 1192 1191 1189
3 1188 1185 1184
3 1181 1177 1176
3 1173 1158 1157
3 1156 1154 1139
3 1127 1117 1116
3 1114 1113 1107
3 1100 1096 1095
3 1094 1085 1083
3 1078 1076 1074
3 1073 1069 1067
3 1066 1064 1053
3 1049 1047 1043
3 1041 1033 1026
3 1018 1016 1015
3 1013 1012 1009
3 1003 1001 1000
3 999 986 981
3 978 970 962
3 952 951 946
3 943 941 937
3 934 933 928
3 926 925 924
3 922 919 918
3 913 911 898
3 889 888 887
3 886 884 883
3 879 871 861
3 857 852 849
3 846 844 842
3 841 837 835
3 829 825 822
3 819 818 808
3 807 806 802
3 801 798 793
3 791 789 787
3 777 776 775
3 768 767 765
3 762 759 758
3 756 755 753
3 744 743 739
3 738 736 734
3 732 730 713
3 707 706 702
3 701 693 690
3 688 685 681
3 679 674 673
3 670 669 661
3 651 639 629
3 626 623 617
3 613 611 609
3 602 599 597
3 586 574 573
3 572 569 564
3 561 549 541
3 529 526 525
3 524 523 521
3 520 515 514
3 510 508 502
3 501 498 493
3 486 485 482
3 478 473 461
3 458 447 441
3 439 433 432
3 427 426 424
3 423 420 413
3 406 396 389
3 387 386 382
3 380 379 374
3 373 371 368
3 364 359 356
3 352 347 346
3 339 335 332
3 327 325 324
3 321 320 319
3 315 314 313
3 312 307 305
3 302 299 296
3 295 293 285
3 282 281 276
3 274 270 267
3 256 252 243
3 229 224 218
3 215 210 209
3 205 194 191
3 190 186 179
3 173 172 171
3 169 167 162
3 156 154 150
3 127 125 119
3 99 94 89
3 87 85 83
3 77 72 69
3 61 57 53
3 52 44 40
3 34 30 26
3 19 11 10
